id,contract_line,requirement,references,assessment,status
TOP-01,913,无事务valid；SSW为安全向量；无旧事务恢复,rtl/ppg_control_top/tb_ppg_control_top.v:1143;rtl/ppg_control_top/tb_ppg_control_top.v:1153;rtl/ppg_control_top/tb_ppg_control_top.v:3018;rtl/ppg_control_top/tb_ppg_control_top.v:3034,复位初值、安全S、真实在途复位及重新产生新结果；71 PASS smoke 已完成,已审
TOP-02,914,1024-bit联合ACTIVE原子生效；V4/V5均合法才替换且`config_epoch`仅递增一次，下游只消费ACK事件,rtl/ppg_control_top/tb_ppg_control_top.v:1189;rtl/ppg_control_top/tb_ppg_control_top.v:1308,联合合法提交及破坏V5保留位负向拒绝；下游ACK连接逐跳审过；F-023 STOP同拍优先级另列,已审
TOP-03,915,同一`frame_id`、连续`sample_index`、同一committed精度和固定Q3相位,rtl/ppg_control_top/tb_ppg_control_top.v:2921;rtl/ppg_control_top/tb_ppg_control_top.v:2924;rtl/ppg_control_top/tb_ppg_control_top.v:2942,两真实双光宏帧的帧号、连续序号、精度及固定Q3相位比较；F-009 宏帧5001拍另列,已审
TOP-04,916,local tick 0快照和`CAL_Q3_TICK=266`正确；不复用旧候选码伪造新样本,rtl/ppg_control_top/tb_ppg_control_top.v:2132;rtl/ppg_control_top/tb_ppg_control_top.v:2135,CAL响应tick允许捕获延迟，不能把260..272响应范围当Q3本身偏移；SSW/Scheduler单位tick0/266比较补证,已审
TOP-05,917,波形上下文只在固定接管点与SSW握手；ADC owner和AMI事务独立反压；两套通道不共用单一fire且未完成ADC事务握手时不消费`sample_index`,rtl/ppg_control_top/tb_ppg_control_top.v:2281;rtl/ppg_control_top/tb_ppg_control_top.v:2312;rtl/ppg_control_top/tb_ppg_control_top.v:2316,输出反压期间owner继续、held valid不撤销；独立波形/事务握手另在OIB与Scheduler单位场景。OIB顺序判据缺陷F-042保留；原OIB完整运行待终态,已审；长回归待终态
TOP-06,918,AMI、调度器和SSW使用同一笔事务精度；旧15-bit尾部不启动新事务,rtl/ppg_control_top/tb_ppg_control_top.v:2219,同笔三模块精度对比；FIR-tail GROUP4 真实旧尾部candidate禁止及重新CROSS，原80 PASS已完成,已审
TOP-07,919,`EN_TEST=1`、LEDEN为0、LEDDAC无有效窗口、SAR仍按400 Hz间歇工作,rtl/ppg_control_top/tb_ppg_control_top.v:2405;rtl/ppg_control_top/tb_ppg_control_top.v:2422;rtl/ppg_control_top/tb_ppg_control_top.v:2429,固定电流边界逐拍监视并要求真实RED/IR继续响应，不只有静态输出,已审
TOP-08,920,精确静态向量；`S[4:0]`只在CDC提交后更新；无ADC事务,rtl/ppg_control_top/tb_ppg_control_top.v:2521;rtl/ppg_control_top/tb_ppg_control_top.v:2531;rtl/ppg_control_top/tb_ppg_control_top.v:2601,静态向量逐位比较、CDC提交后S更新、真实owner计数不变；CCC原单位26 PASS补跨域提交原子性,已审
TOP-09,921,STOP立即禁止新事务；正式结果按显式discard事件完成；检测链按discard事件排空；物理ADC继续等待真实idle；abort/reset幂等且迟到DONE不得重启波形,rtl/ppg_control_top/tb_ppg_control_top.v:1285;rtl/ppg_control_top/tb_ppg_control_top.v:3133;rtl/ppg_control_top/tb_ppg_control_top.v:3160,STOP/abort/drain及held正式结果显式discard均有真实比较；F-019身份/F-021资格/F-035完成abort碰撞反例不得被这些PASS掩盖,已审；发现反例
TOP-10,922,综合层次不存在旧dual-precision和旧SAR timing实例,rtl/ppg_control_top/ppg_control_top.v:730,Erie AST六个直接子模块及全层次iverilog elaborate；旧双精度/旧SAR timing无可达实例。静态验收无需TB标签；无ASIC综合工具,已审；静态证据
TOP-11,923,START后在首帧前仅发布一次IDAC安全边界；无ADC、无宏帧、无索引消费,rtl/ppg_control_top/tb_ppg_control_top_startup_idac_calibration.v:889;rtl/ppg_control_top/tb_ppg_control_top_startup_idac_calibration.v:892,SID01真实计一次边界及首AMB请求前owner/macro/result不推进；原完整SID回归排队，不能写成已重跑PASS,已审；长回归待终态
TOP-12,924,SSW建立netlist静态向量；AMI和调度器保持空闲且计数不变,rtl/ppg_control_top/ppg_control_top.v:411;rtl/ppg_control_top/tb_ppg_control_top.v:2556;rtl/ppg_control_top/tb_ppg_control_top.v:2566,许可门控、全4000拍idle及owner不变。宏帧/索引无推进由Scheduler static支路和单位场景另核对,已审
TOP-13,925,每帧仅一笔RED SAR9；AMB/DC_R取SPI committed码；无IR事务,rtl/ppg_control_top/tb_ppg_control_top.v:1840;rtl/ppg_control_top/tb_ppg_control_top.v:1843;rtl/ppg_control_top/tb_ppg_control_top.v:1847,纯RED SAR9按宏帧计一笔、无IR、固定IDAC快照；逐笔owner精度由后台捕获并按配置路径冻结,已审
TOP-14,926,整个RUN固定SAR15且无fine-window切换事件；每帧仅一笔RED事务,rtl/ppg_control_top/tb_ppg_control_top.v:1933;rtl/ppg_control_top/tb_ppg_control_top.v:1945;rtl/ppg_control_top/tb_ppg_control_top.v:1948,纯RED SAR15全RUN精度及每帧一笔比较；精度事件直接由fixed模式PWC屏蔽分支补静态证据,已审
TOP-15,927,四个已确认SAR15控制允许跨RED/IR连续保持，同时ADC结果事务仍严格单笔在途,rtl/ppg_control_top/tb_ppg_control_top.v:1031;rtl/ppg_control_top/tb_ppg_control_top.v:1033;rtl/ppg_control_top/tb_ppg_control_top.v:3175,同拍owner不重入且终判要求监视非空；四SAR15控制共享包络在SSW逐拍及smoke后台监视补证,已审
TOP-16,928,RED/IR所有权只由`CLK_DOUT`同步、RAW捕获和`sample_index`匹配后的AMI旁带释放,rtl/ppg_control_top/tb_ppg_control_top.v:1656;rtl/ppg_control_top/tb_ppg_control_top.v:1675,真实Q3后悬置DONE3000拍，owner不释放；释放真实CLK_DOUT后必须完成。错误identity在INJ02/AMI单位真实拒绝,已审
TOP-17,929,唯一`i_adc_physical_idle`形成`flag_adc_physical_idle`并逐位同源扇出到V4、scheduler、AMI、SSW和supervisor；数字流水idle不得替代，supervisor仅将该事实用于watchdog排空/恢复而绝不解释为completion,rtl/ppg_control_top/ppg_control_top.v:416;rtl/ppg_control_top/tb_ppg_control_top.v:1720;rtl/ppg_control_top/tb_ppg_control_top.v:1723,单一网五路同源；扰动物理idle不造completion。芯片只同步一次，CDC signoff不属于现有工具能力,已审；静态及仿真切片
TOP-18,930,`analog_run_enable`仅接SSW且高有效；`measurement_run_enable`仅接Scheduler/AMI且高有效；STATIC_BIAS下测量许可和新事务许可均为0,rtl/ppg_control_top/ppg_control_top.v:410;rtl/ppg_control_top/ppg_control_top.v:411;rtl/ppg_control_top/tb_ppg_control_top.v:2559;rtl/ppg_control_top/tb_ppg_control_top.v:2562,高有效许可分开扇出；STATIC测量0模拟1；真实错误期望变异触发smoke FAIL,已审
TOP-19,931,表征CDC已提交输出形成唯一`flag_static_characterization_enable`，同源扇出到manager wrapper、SSW和许可拆分；`flag=1 && input_source=0`拒绝COMMIT/START且无测量启动,rtl/ppg_control_top/ppg_control_top.v:851;rtl/ppg_control_top/tb_ppg_control_top.v:2656,CDC已提交单一源到manager/SSW/许可；非法PHOTODIODE组合提交真实拒绝,已审
TOP-20,932,manager只检查静态配置且无`calibration_plan`；AMI/Scheduler分别对RUN期实际请求做源端/接收端资格检查，非法CHARACTERIZATION、外部电流或SAR15校准无波形、owner、pending和序号副作用,rtl/ppg_control_top/tb_ppg_control_top.v:2757;rtl/ppg_control_top/tb_ppg_control_top.v:2761;rtl/ppg_control_top/tb_ppg_control_top.v:2764;rtl/ppg_control_top/tb_ppg_control_top.v:2825,真实固定电流RUN要求有两色事务且源/接收校准门持续禁用；NORMAL SAR15配置先拒绝，不制造不可达非法RUN；F-046 FSC标签语义错位保留,已审
TOP-21,933,默认参数0、生产enable 0及reset期间注入ready为0；正常Q1/Q2/Q3、RAW、owner、sample index、结果和fault与V1.3.4基线逐位一致,rtl/ppg_control_top/tb_ppg_control_top_injection.v:687;rtl/ppg_control_top/tb_ppg_control_top_injection.v:699;rtl/ppg_control_top/ppg_control_top.v:393,参数默认0 smoke与编译使能1运行enable0 INJ双切片；未持有历史V1.3.4全波形逐位比较源，不能以一个sample_valid替代逐位等价签核,已审；历史逐位证据未重建
TOP-22,934,合法identity注入只进入AMI production matcher；AMI/Scheduler/SSW owner不错误释放、无正式结果，AMI blocking fault经注册supervisor产生一次可追踪system fault/abort；STOP或该abort以缓存原identity产生且只产生一次`success=0`释放，清理后下一合法事务恢复,rtl/ppg_control_top/tb_ppg_control_top_injection.v:797;rtl/ppg_control_top/tb_ppg_control_top_injection.v:811;rtl/ppg_control_top/tb_ppg_control_top_injection.v:835;rtl/ppg_control_top/tb_ppg_control_top_injection.v:900,真实错identity保持owner、supervisor阻断、STOP清理和下一合法样本恢复；INJ02“恰好一次/原identity”横幅没有独立完整completion计数，AMI单位cache/单脉冲结构补有限证据，非所有collision覆盖,已审；证据范围有限
TOP-23,935,invalid请求绑定一笔真实身份匹配NORMAL事务；正式输出保留identity且sample-valid为0，FIR/基线/峰谷/精度不推进，后续合法样本按合同恢复,rtl/ppg_control_top/tb_ppg_control_top_injection.v:954;rtl/ppg_control_top/tb_ppg_control_top_injection.v:957;rtl/ppg_control_top/tb_ppg_control_top_injection.v:978,invalid握手、正式sample_valid0和后续1真实比较；全X判断不能证明身份正确，完整frame变异逃逸F-049；robust直接引用不能补此比较,已审；发现F-049
TOP-24,936,双请求、无owner、相等identity、运行中改绑、STOP/abort/reset及输出反压均无半提交、残留pending、重复abort/完成、组合环或正常事务副作用；禁止force和fork-ready改写,rtl/ppg_control_top/tb_ppg_control_top_injection.v:997;rtl/ppg_control_top/tb_ppg_control_top_injection.v:1000,双请求ready0场景没有命中实际采样eligible窗口，变异已证实F-040；其他安全负向由模块/结构补有限切片，F-044叶子去使能Top RUN不可达仍疑似,已审；发现F-040
