name,direction,width,width_expression,signed,source_line,matrix_lines,group,issues
i_clk,input,1,,False,98,1331,全局时钟与复位,
i_rstn,input,1,,False,99,1346,全局时钟与复位,
i_source_clk,input,1,,False,100,1353,全局时钟与复位,
i_source_rstn,input,1,,False,101,1354,全局时钟与复位,
i_source_config_snapshot,input,1024,[C_CONFIG_WIDTH - 1:0],False,104,1450,V4+V5联合ACTIVE源域接口,
i_source_config_update_event,input,1,,False,105,1451,V4+V5联合ACTIVE源域接口,
i_source_characterization_update_valid,input,1,,False,108,1352,表征SPI source保持型接口,
i_source_static_characterization_enable,input,1,,False,109,1355,表征SPI source保持型接口,
i_source_test_mux_ctrl,input,5,[4:0],False,110,1467,表征SPI source保持型接口,
i_start_event,input,1,,False,113,1452,已同步生命周期与诊断输入,
i_stop_event,input,1,,False,114,1362,已同步生命周期与诊断输入,
i_diag_clear_event,input,1,,False,115,1334,已同步生命周期与诊断输入,
i_control_abort_event,input,1,,False,116,1332,已同步生命周期与诊断输入,
i_dout_stage1_low,input,10,[9:0],False,119,1507,物理ADC与模拟边界输入,
i_clk_stage1_dout_low_async,input,1,,False,120,1508,物理ADC与模拟边界输入,
i_dout_stage2_low,input,10,[9:0],False,121,1509,物理ADC与模拟边界输入,
i_clk_stage2_dout_low_async,input,1,,False,122,1510,物理ADC与模拟边界输入,
i_adc_physical_idle,input,1,,False,123,1324,物理ADC与模拟边界输入,
i_analog_ready,input,1,,False,124,1453,物理ADC与模拟边界输入,
i_measurement_result_ready,input,1,,False,127,1511,正式结果消费者接口,
i_test_inject_enable,input,1,,False,130,1367,验证专用异常注入输入,
i_test_identity_inject_valid,input,1,,False,131,1366,验证专用异常注入输入,
i_test_identity_inject_sample_index,input,16,[C_SAMPLE_INDEX_WIDTH - 1:0],False,132,1365,验证专用异常注入输入,
i_test_invalid_sample_valid,input,1,,False,133,1368,验证专用异常注入输入,
i_test_saturation_inject_valid,input,1,,False,134,1512,验证专用异常注入输入,
i_test_calibration_loss_inject_valid,input,1,,False,135,1513,验证专用异常注入输入,
i_context_handover_stall_request,input,1,,False,136,1468,验证专用异常注入输入,
o_en_tia_low,output,1,,False,139,1469,SSW模拟控制原样输出,
o_leddac,output,8,[7:0],False,140,1470,SSW模拟控制原样输出,
o_leden1_low,output,1,,False,141,1471,SSW模拟控制原样输出,
o_leden2_low,output,1,,False,142,1472,SSW模拟控制原样输出,
o_en_test,output,1,,False,143,1473,SSW模拟控制原样输出,
o_clk_buf_low,output,1,,False,144,1474,SSW模拟控制原样输出,
o_clk_iref_idac_low,output,1,,False,145,1475,SSW模拟控制原样输出,
o_clk_9q1_low,output,1,,False,146,1476,SSW模拟控制原样输出,
o_clk_15q1_low,output,1,,False,147,1477,SSW模拟控制原样输出,
o_clk_aferst_low,output,1,,False,148,1478,SSW模拟控制原样输出,
o_clk_iref_idac_sar9_low,output,1,,False,149,1479,SSW模拟控制原样输出,
o_clk_iref_idac_sar15_low,output,1,,False,150,1480,SSW模拟控制原样输出,
o_clk_q2_low,output,1,,False,151,1481,SSW模拟控制原样输出,
o_clk_q3_low,output,1,,False,152,1482,SSW模拟控制原样输出,
o_clk_tiaen_low,output,1,,False,153,1483,SSW模拟控制原样输出,
o_en_15sar_low,output,1,,False,154,1484,SSW模拟控制原样输出,
o_en_sar9_amb_low,output,1,,False,155,1485,SSW模拟控制原样输出,
o_en_sar9_dc_low,output,1,,False,156,1486,SSW模拟控制原样输出,
o_en_sar9_iref,output,1,,False,157,1487,SSW模拟控制原样输出,
o_en_sar15_amb_low,output,1,,False,158,1488,SSW模拟控制原样输出,
o_en_sar15_dc_low,output,1,,False,159,1489,SSW模拟控制原样输出,
o_en_sar15_iref,output,1,,False,160,1490,SSW模拟控制原样输出,
o_idac_sar9ambn_low,output,8,[7:0],False,161,1491,SSW模拟控制原样输出,
o_idac_sar9dcn_low,output,8,[7:0],False,162,1492,SSW模拟控制原样输出,
o_idac_sar15ambn_low,output,8,[7:0],False,163,1493,SSW模拟控制原样输出,
o_idac_sar15dcn_low,output,8,[7:0],False,164,1494,SSW模拟控制原样输出,
o_s_in,output,5,[4:0],False,165,1495,SSW模拟控制原样输出,
o_clk_2m,output,1,,False,166,1496,SSW模拟控制原样输出,
o_measurement_result_valid,output,1,,False,169,1514,AMI正式测量结果输出,
o_coarse_ppg_value,output,24,[23:0],True,170,1515,AMI正式测量结果输出,
o_coarse_valid,output,1,,False,171,1516,AMI正式测量结果输出,
o_coarse_recovery_calibrated,output,1,,False,172,1517,AMI正式测量结果输出,
o_coarse_saturation_low,output,1,,False,173,1518,AMI正式测量结果输出,
o_coarse_saturation_high,output,1,,False,174,1519,AMI正式测量结果输出,
o_fine_ppg_value,output,24,[23:0],True,175,1520,AMI正式测量结果输出,
o_fine_valid,output,1,,False,176,1521,AMI正式测量结果输出,
o_fine_recovery_calibrated,output,1,,False,177,1522,AMI正式测量结果输出,
o_fine_saturation_low,output,1,,False,178,1523,AMI正式测量结果输出,
o_fine_saturation_high,output,1,,False,179,1524,AMI正式测量结果输出,
o_calibrated_s1_value,output,12,[11:0],True,180,1525,AMI正式测量结果输出,
o_programmable_15_code,output,15,[14:0],True,181,1526,AMI正式测量结果输出,
o_programmable_15_valid,output,1,,False,182,1527,AMI正式测量结果输出,
o_result_config_epoch,output,8,[C_CONFIG_EPOCH_WIDTH - 1:0],False,183,1528,AMI正式测量结果输出,
o_result_coef_epoch,output,8,[C_COEF_EPOCH_WIDTH - 1:0],False,184,1529,AMI正式测量结果输出,
o_result_stage2_coef_epoch,output,8,[C_COEF_EPOCH_WIDTH - 1:0],False,185,1530,AMI正式测量结果输出,
o_result_dc_coef_epoch,output,8,[C_DC_RECOVERY_EPOCH_WIDTH - 1:0],False,186,1531,AMI正式测量结果输出,
o_result_precision_mode,output,1,,False,187,1532,AMI正式测量结果输出,
o_result_frame_id,output,16,[C_FRAME_ID_WIDTH - 1:0],False,188,1533,AMI正式测量结果输出,
o_result_sample_index,output,16,[C_SAMPLE_INDEX_WIDTH - 1:0],False,189,1534,AMI正式测量结果输出,
o_result_color_ir,output,1,,False,190,1535,AMI正式测量结果输出,
o_result_frame_type,output,2,[1:0],False,191,1536,AMI正式测量结果输出,
o_result_amb_code_snapshot,output,8,[7:0],False,192,1537,AMI正式测量结果输出,
o_result_dc_code_snapshot,output,8,[7:0],False,193,1538,AMI正式测量结果输出,
o_result_amb_code_epoch,output,4,[C_CODE_EPOCH_WIDTH - 1:0],False,194,1539,AMI正式测量结果输出,
o_result_dc_code_epoch,output,4,[C_CODE_EPOCH_WIDTH - 1:0],False,195,1540,AMI正式测量结果输出,
o_result_sample_valid,output,1,,False,196,1409,AMI正式测量结果输出,
o_lifecycle_state,output,2,[1:0],False,199,1454,V4/V5生命周期ACK与错误输出,
o_start_ready,output,1,,False,200,1455,V4/V5生命周期ACK与错误输出,
o_commit_ack_event,output,1,,False,201,1456,V4/V5生命周期ACK与错误输出,
o_start_ack_event,output,1,,False,202,1417,V4/V5生命周期ACK与错误输出,
o_stop_ack_event,output,1,,False,203,1419,V4/V5生命周期ACK与错误输出,
o_error_event,output,1,,False,204,1457,V4/V5生命周期ACK与错误输出,
o_commit_ack_sticky,output,1,,False,205,1458,V4/V5生命周期ACK与错误输出,
o_error_sticky,output,1,,False,206,1459,V4/V5生命周期ACK与错误输出,
o_last_error_code,output,8,[7:0],False,207,1460,V4/V5生命周期ACK与错误输出,
o_schema_version,output,8,[7:0],False,208,1461,V4/V5生命周期ACK与错误输出,
o_config_epoch,output,8,[7:0],False,209,1462,V4/V5生命周期ACK与错误输出,
o_coef_epoch,output,8,[7:0],False,210,1463,V4/V5生命周期ACK与错误输出,
o_stage2_coef_epoch,output,8,[7:0],False,211,1464,V4/V5生命周期ACK与错误输出,
o_dc_recovery_coef_epoch,output,8,[7:0],False,212,1465,V4/V5生命周期ACK与错误输出,
o_scheduler_idle,output,1,,False,215,1497,调度器/AMI/SSW只读诊断输出,
o_scheduler_launch_timeout_sticky,output,1,,False,216,1498,调度器/AMI/SSW只读诊断输出,
o_scheduler_owner_deadline_timeout_sticky,output,1,,False,217,1499,调度器/AMI/SSW只读诊断输出,
o_scheduler_completion_mismatch_sticky,output,1,,False,218,1500,调度器/AMI/SSW只读诊断输出,
o_scheduler_protocol_error_sticky,output,1,,False,219,1501,调度器/AMI/SSW只读诊断输出,
o_ami_datapath_empty,output,1,,False,220,1541,调度器/AMI/SSW只读诊断输出,
o_ami_idac_idle,output,1,,False,221,1542,调度器/AMI/SSW只读诊断输出,
o_active_precision_mode,output,1,,False,222,1379,调度器/AMI/SSW只读诊断输出,
o_ami_integration_protocol_error_sticky,output,1,,False,223,1543,调度器/AMI/SSW只读诊断输出,
o_ssw_wrapper_idle,output,1,,False,224,1502,调度器/AMI/SSW只读诊断输出,
o_ssw_switch_protocol_error_sticky,output,1,,False,225,1503,调度器/AMI/SSW只读诊断输出,
o_ssw_transaction_mismatch_sticky,output,1,,False,226,1504,调度器/AMI/SSW只读诊断输出,
o_ssw_owner_deadline_timeout_sticky,output,1,,False,227,1505,调度器/AMI/SSW只读诊断输出,
o_ssw_calibration_timeout_sticky,output,1,,False,228,1506,调度器/AMI/SSW只读诊断输出,
o_source_config_update_ready,output,1,,False,231,1466,表征控制source握手与诊断输出,
o_source_characterization_update_ready,output,1,,False,232,1415,表征控制source握手与诊断输出,
o_characterization_control_valid,output,1,,False,233,1390,表征控制source握手与诊断输出,
o_characterization_control_update_event,output,1,,False,234,1389,表征控制source握手与诊断输出,
o_characterization_control_reject_event,output,1,,False,235,1388,表征控制source握手与诊断输出,
o_characterization_protocol_error_sticky,output,1,,False,236,1391,表征控制source握手与诊断输出,
o_test_identity_inject_ready,output,1,,False,239,1437,验证专用异常注入应答输出,
o_test_invalid_sample_ready,output,1,,False,240,1438,验证专用异常注入应答输出,
o_test_saturation_inject_ready,output,1,,False,241,1544,验证专用异常注入应答输出,
o_test_calibration_loss_inject_ready,output,1,,False,242,1545,验证专用异常注入应答输出,
o_system_fault_blocking,output,1,,False,245,1423,注册式系统故障/abort监督输出,
o_system_abort_event,output,1,,False,246,1422,注册式系统故障/abort监督输出,
o_system_stop_request_event,output,1,,False,247,1436,注册式系统故障/abort监督输出,
o_system_fault_discard_event,output,1,,False,248,1427,注册式系统故障/abort监督输出,
o_system_fault_cause_valid,output,1,,False,249,1425,注册式系统故障/abort监督输出,
o_system_fault_cause,output,8,[7:0],False,250,1424,注册式系统故障/abort监督输出,
o_system_fault_source,output,4,[3:0],False,251,1434,注册式系统故障/abort监督输出,
o_system_fault_identity_valid,output,1,,False,252,1430,注册式系统故障/abort监督输出,
o_system_fault_frame_id,output,16,[C_FRAME_ID_WIDTH - 1:0],False,253,1428,注册式系统故障/abort监督输出,
o_system_fault_sample_index,output,16,[C_SAMPLE_INDEX_WIDTH - 1:0],False,254,1433,注册式系统故障/abort监督输出,
o_system_fault_color_ir,output,1,,False,255,1426,注册式系统故障/abort监督输出,
o_system_fault_frame_type,output,2,[1:0],False,256,1429,注册式系统故障/abort监督输出,
o_system_fault_precision,output,1,,False,257,1431,注册式系统故障/abort监督输出,
o_system_fault_run_generation,output,8,[C_RUN_GENERATION_WIDTH - 1:0],False,258,1432,注册式系统故障/abort监督输出,
o_system_fault_summary,output,16,[15:0],False,259,1435,注册式系统故障/abort监督输出,
o_result_discard_summary_sticky,output,1,,False,260,1408,注册式系统故障/abort监督输出,
o_measurement_result_discard_event,output,1,,False,263,1403,AMI正式结果discard公开观测输出,
o_measurement_result_discard_reason,output,2,[1:0],False,264,1546,AMI正式结果discard公开观测输出,
o_measurement_result_discard_identity_valid,output,1,,False,265,1547,AMI正式结果discard公开观测输出,
o_measurement_result_discard_sample_valid,output,1,,False,266,1548,AMI正式结果discard公开观测输出,
o_measurement_result_discard_frame_id,output,16,[C_FRAME_ID_WIDTH - 1:0],False,267,1549,AMI正式结果discard公开观测输出,
o_measurement_result_discard_sample_index,output,16,[C_SAMPLE_INDEX_WIDTH - 1:0],False,268,1550,AMI正式结果discard公开观测输出,
o_measurement_result_discard_color_ir,output,1,,False,269,1551,AMI正式结果discard公开观测输出,
o_measurement_result_discard_frame_type,output,2,[1:0],False,270,1552,AMI正式结果discard公开观测输出,
o_measurement_result_discard_precision,output,1,,False,271,1553,AMI正式结果discard公开观测输出,
o_measurement_result_discard_run_generation,output,8,[C_RUN_GENERATION_WIDTH - 1:0],False,272,1554,AMI正式结果discard公开观测输出,
o_detection_discard_event,output,1,,False,275,1396,AMI检测代际清空公开观测输出,
o_detection_discard_reason,output,2,[1:0],False,276,1555,AMI检测代际清空公开观测输出,
o_detection_discard_identity_valid,output,1,,False,277,1556,AMI检测代际清空公开观测输出,
o_detection_discard_sample_valid,output,1,,False,278,1557,AMI检测代际清空公开观测输出,
o_detection_discard_frame_id,output,16,[C_FRAME_ID_WIDTH - 1:0],False,279,1558,AMI检测代际清空公开观测输出,
o_detection_discard_sample_index,output,16,[C_SAMPLE_INDEX_WIDTH - 1:0],False,280,1559,AMI检测代际清空公开观测输出,
o_detection_discard_color_ir,output,1,,False,281,1560,AMI检测代际清空公开观测输出,
o_detection_discard_frame_type,output,2,[1:0],False,282,1561,AMI检测代际清空公开观测输出,
o_detection_discard_precision,output,1,,False,283,1562,AMI检测代际清空公开观测输出,
o_detection_discard_config_epoch,output,8,[C_CONFIG_EPOCH_WIDTH - 1:0],False,284,1563,AMI检测代际清空公开观测输出,
o_detection_discard_coef_epoch,output,8,[C_COEF_EPOCH_WIDTH - 1:0],False,285,1564,AMI检测代际清空公开观测输出,
o_detection_discard_dc_recovery_epoch,output,8,[C_DC_RECOVERY_EPOCH_WIDTH - 1:0],False,286,1565,AMI检测代际清空公开观测输出,
o_detection_discard_amb_code_epoch,output,4,[C_CODE_EPOCH_WIDTH - 1:0],False,287,1566,AMI检测代际清空公开观测输出,
o_detection_discard_dc_code_epoch,output,4,[C_CODE_EPOCH_WIDTH - 1:0],False,288,1567,AMI检测代际清空公开观测输出,
o_detection_discard_run_generation,output,8,[C_RUN_GENERATION_WIDTH - 1:0],False,289,1568,AMI检测代际清空公开观测输出,
o_s1_calibration_applied,output,1,,False,292,1569,P2S遥测边界透传,
o_s1_raw,output,10,[9:0],False,293,1570,P2S遥测边界透传,
o_s2_raw,output,10,[9:0],False,294,1571,P2S遥测边界透传,
