kind	tb	xvlog	xelab	xsim	verdict	pass_lines	finish_lines	finish_time
system	tb_ppg_control_top_longrun	0	0	0	PASS	5	1	10000007251 ns
system	tb_diag_algo_probe	0	0	0	PASS	5	1	2997746251 ns
system	tb_ppg_real_raw_generator_selfcheck	0	0	0	PASS	40	1	0 fs
system	tb_ppg_control_top	0	0	0	PASS	73	1	1655648500 ps
system	tb_ppg_control_top_baseline_cross	0	0	0	PASS	75	1	2754606751 ns
system	tb_ppg_control_top_long_10_cycles	0	0	0	PASS	129	1	10001375751 ns
system	tb_ppg_control_top_fir_tail_isolation	0	0	0	PASS	80	1	2246370751 ns
system	tb_ppg_control_top_adc_numeric_scoreboard	0	0	0	PASS	69	1	24450751 ns
system	tb_ppg_control_top_idac_bus_isolation	0	0	0	PASS	70	1	395559251 ns
system	tb_ppg_control_top_injection	0	0	0	PASS	15	1	223203500 ps
system	tb_ppg_control_top_lifecycle_fault_adc_anomaly	0	0	0	PASS	80	1	87842251 ns
system	tb_ppg_control_top_input_light_static_matrix	0	0	0	PASS	73	1	54319751 ns
system	tb_ppg_control_top_normal_slow_tracking	0	0	0	PASS	72	1	1785249500 ns
system	tb_ppg_control_top_no_recheck_control	0	0	0	PASS	61	1	2038876751 ns
system	tb_ppg_control_top_owner_identity_backpressure	0	0	0	PASS	68	1	105193250 ns
system	tb_ppg_control_top_peak_valley_return	0	0	0	PASS	75	1	1746375751 ns
system	tb_ppg_control_top_periodic_recheck_recovery	0	0	0	PASS	70	1	3567743251 ns
system	tb_ppg_control_top_robustness_corner_waveforms	0	0	0	PASS	67	1	17403562751 ns
system	tb_ppg_control_top_startup_idac_calibration	0	0	0	PASS	83	1	12728250 ns
system	tb_ppg_control_top_adc_anomaly	0	0	0	PASS	40	1	1714036750 ns
chip	tb_ppg_chip_digital_top	0	0	0	PASS	20	1	11362750 ns
unit	tb_ppg_400hz_frame_calibration_scheduler	0	0	0	PASS	77	1	86763 us
unit	tb_ppg_active_v4_control_plane_integration	0	0	0	PASS	22	1	1034500 ps
unit	tb_ppg_adc_async_stage_capture	0	0	0	PASS	1	1	36288 ns
unit	tb_ppg_adc_dc_recovery	0	0	0	PASS	2	1	571 ns
unit	tb_ppg_adc_measurement_idac_integration	0	0	0	PASS	79	1	806750 ns
unit	tb_ppg_adc_pipeline_overlap_corrector	0	0	0	PASS	1	1	537 us
unit	tb_ppg_adc_programmable_reconstructor	0	0	0	PASS	1	1	10593 ns
unit	tb_ppg_adc_result_router	0	0	0	PASS	1	1	8253 ns
unit	tb_ppg_adc_s1_programmable_calibrator	0	0	0	PASS	1	1	10706 ns
unit	tb_ppg_adc_s1_redundancy_corrector	0	0	0	PASS	2	1	3140288 ns
unit	tb_ppg_amb_recheck_scheduler	0	0	0	PASS	37	1	1312040 ns
unit	tb_ppg_characterization_control_cdc	0	0	0	PASS	27	1	1776 ns
unit	tb_ppg_coarse_detection_fir	0	0	0	PASS	103	1	1887 us
unit	tb_ppg_dynamic_baseline_cross_detector	0	0	0	PASS	66	1	58720 ns
unit	tb_ppg_dynamic_baseline_phase_a_arithmetic_equivalence	0	0	0	PASS	1	1	0 fs
unit	tb_ppg_idac_code_controller	0	0	0	PASS	150	1	4090 ns
unit	tb_ppg_normal_transaction_fork	0	0	0	PASS	52	1	38 us
unit	tb_ppg_peak_valley_window_detector	0	0	0	PASS	56	1	33389500 ns
unit	tb_ppg_precision_window_controller	0	0	0	PASS	50	1	2636 ns
unit	tb_ppg_precision_window_integration	0	0	0	PASS	6	1	59970 ns
unit	tb_ppg_sar9_sar15_safe_selection_wrapper	0	0	0	PASS	60	1	2295751 ns
unit	tb_ppg_system_active_config_unpack	0	0	0	PASS	1	1	1027 ns
unit	tb_ppg_system_config_manager	0	0	0	PASS	1	1	1016 ns
unit	tb_ppg_system_fault_abort_supervisor	0	0	0	PASS	19	1	690 ns
unit	tb_ppg_dual_precision_top	0	0	0	PASS	1	1	32503500 ns
unit	tb_ppg_timing_sar9	0	0	0	PASS	1	1	20001751 ns
unit	tb_ppg_timing_sar15	0	0	0	PASS	1	1	20001751 ns
unit	tb_ppg_timing_3200hz	0	0	0	PASS	1	1	435250 ns
