contracts	TAPEOUT_FINAL_REVIEW_GUIDE.md	->	contracts\TAPEOUT_FINAL_REVIEW_GUIDE.md
rtl_v	ppg_400hz_frame_calibration_scheduler\ppg_400hz_frame_calibration_scheduler.v	->	rtl\ppg_400hz_frame_calibration_scheduler\ppg_400hz_frame_calibration_scheduler.v
rtl_other	ppg_400hz_frame_calibration_scheduler\run_scheduler_synth.tcl	->	rtl\ppg_400hz_frame_calibration_scheduler\run_scheduler_synth.tcl
rtl_v	ppg_400hz_frame_calibration_scheduler\tb_ppg_400hz_frame_calibration_scheduler.v	->	rtl\ppg_400hz_frame_calibration_scheduler\tb_ppg_400hz_frame_calibration_scheduler.v
rtl_v	ppg_active_v4_control_plane_integration\ppg_active_v4_control_plane_integration.v	->	rtl\ppg_active_v4_control_plane_integration\ppg_active_v4_control_plane_integration.v
rtl_other	ppg_active_v4_control_plane_integration\run_ppg_active_v4_control_plane_integration_synth.tcl	->	rtl\ppg_active_v4_control_plane_integration\run_ppg_active_v4_control_plane_integration_synth.tcl
rtl_v	ppg_active_v4_control_plane_integration\tb_ppg_active_v4_control_plane_integration.v	->	rtl\ppg_active_v4_control_plane_integration\tb_ppg_active_v4_control_plane_integration.v
rtl_v	ppg_adc_async_stage_capture\ppg_adc_async_stage_capture.v	->	rtl\ppg_adc_async_stage_capture\ppg_adc_async_stage_capture.v
rtl_v	ppg_adc_async_stage_capture\tb_ppg_adc_async_stage_capture.v	->	rtl\ppg_adc_async_stage_capture\tb_ppg_adc_async_stage_capture.v
rtl_v	ppg_adc_dc_recovery\ppg_adc_dc_recovery.v	->	rtl\ppg_adc_dc_recovery\ppg_adc_dc_recovery.v
rtl_other	ppg_adc_dc_recovery\run_ppg_adc_dc_recovery_synth.tcl	->	rtl\ppg_adc_dc_recovery\run_ppg_adc_dc_recovery_synth.tcl
rtl_v	ppg_adc_dc_recovery\tb_ppg_adc_dc_recovery.v	->	rtl\ppg_adc_dc_recovery\tb_ppg_adc_dc_recovery.v
rtl_v	ppg_adc_measurement_idac_integration\ppg_adc_measurement_idac_integration.v	->	rtl\ppg_adc_measurement_idac_integration\ppg_adc_measurement_idac_integration.v
rtl_other	ppg_adc_measurement_idac_integration\run_ppg_adc_measurement_idac_integration_synth.tcl	->	rtl\ppg_adc_measurement_idac_integration\run_ppg_adc_measurement_idac_integration_synth.tcl
rtl_v	ppg_adc_measurement_idac_integration\tb_ppg_adc_measurement_idac_integration.v	->	rtl\ppg_adc_measurement_idac_integration\tb_ppg_adc_measurement_idac_integration.v
rtl_v	ppg_adc_pipeline_overlap_corrector\ppg_adc_pipeline_overlap_corrector.v	->	rtl\ppg_adc_pipeline_overlap_corrector\ppg_adc_pipeline_overlap_corrector.v
rtl_other	ppg_adc_pipeline_overlap_corrector\run_ppg_adc_pipeline_overlap_corrector_synth.tcl	->	rtl\ppg_adc_pipeline_overlap_corrector\run_ppg_adc_pipeline_overlap_corrector_synth.tcl
rtl_v	ppg_adc_pipeline_overlap_corrector\tb_ppg_adc_pipeline_overlap_corrector.v	->	rtl\ppg_adc_pipeline_overlap_corrector\tb_ppg_adc_pipeline_overlap_corrector.v
rtl_v	ppg_adc_programmable_reconstructor\ppg_adc_programmable_reconstructor.v	->	rtl\ppg_adc_programmable_reconstructor\ppg_adc_programmable_reconstructor.v
rtl_v	ppg_adc_programmable_reconstructor\tb_ppg_adc_programmable_reconstructor.v	->	rtl\ppg_adc_programmable_reconstructor\tb_ppg_adc_programmable_reconstructor.v
rtl_v	ppg_adc_result_router\ppg_adc_result_router.v	->	rtl\ppg_adc_result_router\ppg_adc_result_router.v
rtl_other	ppg_adc_result_router\run_ppg_adc_result_router_synth.tcl	->	rtl\ppg_adc_result_router\run_ppg_adc_result_router_synth.tcl
rtl_v	ppg_adc_result_router\tb_ppg_adc_result_router.v	->	rtl\ppg_adc_result_router\tb_ppg_adc_result_router.v
rtl_v	ppg_adc_s1_programmable_calibrator\ppg_adc_s1_programmable_calibrator.v	->	rtl\ppg_adc_s1_programmable_calibrator\ppg_adc_s1_programmable_calibrator.v
rtl_v	ppg_adc_s1_programmable_calibrator\tb_ppg_adc_s1_programmable_calibrator.v	->	rtl\ppg_adc_s1_programmable_calibrator\tb_ppg_adc_s1_programmable_calibrator.v
rtl_v	ppg_adc_s1_redundancy_corrector\ppg_adc_s1_redundancy_corrector.v	->	rtl\ppg_adc_s1_redundancy_corrector\ppg_adc_s1_redundancy_corrector.v
rtl_v	ppg_adc_s1_redundancy_corrector\tb_ppg_adc_s1_redundancy_corrector.v	->	rtl\ppg_adc_s1_redundancy_corrector\tb_ppg_adc_s1_redundancy_corrector.v
rtl_v	ppg_amb_recheck_scheduler\ppg_amb_recheck_scheduler.v	->	rtl\ppg_amb_recheck_scheduler\ppg_amb_recheck_scheduler.v
rtl_other	ppg_amb_recheck_scheduler\run_ppg_amb_recheck_scheduler_synth.tcl	->	rtl\ppg_amb_recheck_scheduler\run_ppg_amb_recheck_scheduler_synth.tcl
rtl_v	ppg_amb_recheck_scheduler\tb_ppg_amb_recheck_scheduler.v	->	rtl\ppg_amb_recheck_scheduler\tb_ppg_amb_recheck_scheduler.v
rtl_v	ppg_characterization_control_cdc\ppg_characterization_control_cdc.v	->	rtl\ppg_characterization_control_cdc\ppg_characterization_control_cdc.v
rtl_other	ppg_characterization_control_cdc\run_ppg_characterization_control_cdc_synth.tcl	->	rtl\ppg_characterization_control_cdc\run_ppg_characterization_control_cdc_synth.tcl
rtl_v	ppg_characterization_control_cdc\tb_ppg_characterization_control_cdc.v	->	rtl\ppg_characterization_control_cdc\tb_ppg_characterization_control_cdc.v
rtl_v	ppg_chip_digital_top\ppg_chip_digital_top.v	->	rtl\ppg_chip_digital_top\ppg_chip_digital_top.v
rtl_other	ppg_chip_digital_top\run_xsim_regression.sh	->	rtl\ppg_chip_digital_top\run_xsim_regression.sh
rtl_v	ppg_chip_digital_top\tb_ppg_chip_digital_top.v	->	rtl\ppg_chip_digital_top\tb_ppg_chip_digital_top.v
rtl_other	ppg_chip_digital_top\xsim_chip_digital_top_filelist.f	->	rtl\ppg_chip_digital_top\xsim_chip_digital_top_filelist.f
rtl_v	ppg_coarse_detection_fir\ppg_coarse_detection_fir.v	->	rtl\ppg_coarse_detection_fir\ppg_coarse_detection_fir.v
rtl_other	ppg_coarse_detection_fir\run_ppg_coarse_detection_fir_synth.tcl	->	rtl\ppg_coarse_detection_fir\run_ppg_coarse_detection_fir_synth.tcl
rtl_v	ppg_coarse_detection_fir\tb_ppg_coarse_detection_fir.v	->	rtl\ppg_coarse_detection_fir\tb_ppg_coarse_detection_fir.v
rtl_v	ppg_config_cdc_bridge\ppg_config_cdc_bridge.v	->	rtl\ppg_config_cdc_bridge\ppg_config_cdc_bridge.v
rtl_other	ppg_control_top\_tmp_v13_filelist.f	->	rtl\ppg_control_top\_tmp_v13_filelist.f
rtl_v	ppg_control_top\ppg_control_top.v	->	rtl\ppg_control_top\ppg_control_top.v
rtl_other	ppg_control_top\rtl_filelist.f	->	rtl\ppg_control_top\rtl_filelist.f
rtl_other	ppg_control_top\run_xsim_regression.sh	->	rtl\ppg_control_top\run_xsim_regression.sh
rtl_v	ppg_control_top\tb_diag_algo_probe.v	->	rtl\ppg_control_top\tb_diag_algo_probe.v
rtl_v	ppg_control_top\tb_ppg_control_top.v	->	rtl\ppg_control_top\tb_ppg_control_top.v
rtl_v	ppg_control_top\tb_ppg_control_top_adc_numeric_scoreboard.v	->	rtl\ppg_control_top\tb_ppg_control_top_adc_numeric_scoreboard.v
rtl_v	ppg_control_top\tb_ppg_control_top_baseline_cross.v	->	rtl\ppg_control_top\tb_ppg_control_top_baseline_cross.v
rtl_v	ppg_control_top\tb_ppg_control_top_fir_tail_isolation.v	->	rtl\ppg_control_top\tb_ppg_control_top_fir_tail_isolation.v
rtl_v	ppg_control_top\tb_ppg_control_top_idac_bus_isolation.v	->	rtl\ppg_control_top\tb_ppg_control_top_idac_bus_isolation.v
rtl_v	ppg_control_top\tb_ppg_control_top_injection.v	->	rtl\ppg_control_top\tb_ppg_control_top_injection.v
rtl_v	ppg_control_top\tb_ppg_control_top_input_light_static_matrix.v	->	rtl\ppg_control_top\tb_ppg_control_top_input_light_static_matrix.v
rtl_v	ppg_control_top\tb_ppg_control_top_lifecycle_fault_adc_anomaly.v	->	rtl\ppg_control_top\tb_ppg_control_top_lifecycle_fault_adc_anomaly.v
rtl_v	ppg_control_top\tb_ppg_control_top_long_10_cycles.v	->	rtl\ppg_control_top\tb_ppg_control_top_long_10_cycles.v
rtl_v	ppg_control_top\tb_ppg_control_top_longrun.v	->	rtl\ppg_control_top\tb_ppg_control_top_longrun.v
rtl_v	ppg_control_top\tb_ppg_control_top_no_recheck_control.v	->	rtl\ppg_control_top\tb_ppg_control_top_no_recheck_control.v
rtl_v	ppg_control_top\tb_ppg_control_top_normal_slow_tracking.v	->	rtl\ppg_control_top\tb_ppg_control_top_normal_slow_tracking.v
rtl_v	ppg_control_top\tb_ppg_control_top_owner_identity_backpressure.v	->	rtl\ppg_control_top\tb_ppg_control_top_owner_identity_backpressure.v
rtl_v	ppg_control_top\tb_ppg_control_top_peak_valley_return.v	->	rtl\ppg_control_top\tb_ppg_control_top_peak_valley_return.v
rtl_v	ppg_control_top\tb_ppg_control_top_periodic_recheck_recovery.v	->	rtl\ppg_control_top\tb_ppg_control_top_periodic_recheck_recovery.v
rtl_v	ppg_control_top\tb_ppg_control_top_robustness_corner_waveforms.v	->	rtl\ppg_control_top\tb_ppg_control_top_robustness_corner_waveforms.v
rtl_v	ppg_control_top\tb_ppg_control_top_startup_idac_calibration.v	->	rtl\ppg_control_top\tb_ppg_control_top_startup_idac_calibration.v
rtl_v	ppg_control_top\tb_ppg_real_raw_generator_selfcheck.v	->	rtl\ppg_control_top\tb_ppg_real_raw_generator_selfcheck.v
rtl_other	ppg_control_top\xsim_adc_numeric_scoreboard_filelist.f	->	rtl\ppg_control_top\xsim_adc_numeric_scoreboard_filelist.f
rtl_other	ppg_control_top\xsim_baseline_cross_filelist.f	->	rtl\ppg_control_top\xsim_baseline_cross_filelist.f
rtl_other	ppg_control_top\xsim_diag_filelist.f	->	rtl\ppg_control_top\xsim_diag_filelist.f
rtl_other	ppg_control_top\xsim_fir_tail_isolation_filelist.f	->	rtl\ppg_control_top\xsim_fir_tail_isolation_filelist.f
rtl_other	ppg_control_top\xsim_idac_bus_isolation_filelist.f	->	rtl\ppg_control_top\xsim_idac_bus_isolation_filelist.f
rtl_other	ppg_control_top\xsim_injection_filelist.f	->	rtl\ppg_control_top\xsim_injection_filelist.f
rtl_other	ppg_control_top\xsim_input_light_static_matrix_filelist.f	->	rtl\ppg_control_top\xsim_input_light_static_matrix_filelist.f
rtl_other	ppg_control_top\xsim_lifecycle_fault_adc_anomaly_filelist.f	->	rtl\ppg_control_top\xsim_lifecycle_fault_adc_anomaly_filelist.f
rtl_other	ppg_control_top\xsim_long_10_cycles_filelist.f	->	rtl\ppg_control_top\xsim_long_10_cycles_filelist.f
rtl_other	ppg_control_top\xsim_longrun_filelist.f	->	rtl\ppg_control_top\xsim_longrun_filelist.f
rtl_other	ppg_control_top\xsim_main_filelist.f	->	rtl\ppg_control_top\xsim_main_filelist.f
rtl_other	ppg_control_top\xsim_no_recheck_control_filelist.f	->	rtl\ppg_control_top\xsim_no_recheck_control_filelist.f
rtl_other	ppg_control_top\xsim_normal_slow_tracking_filelist.f	->	rtl\ppg_control_top\xsim_normal_slow_tracking_filelist.f
rtl_other	ppg_control_top\xsim_owner_identity_backpressure_filelist.f	->	rtl\ppg_control_top\xsim_owner_identity_backpressure_filelist.f
rtl_other	ppg_control_top\xsim_peak_valley_return_filelist.f	->	rtl\ppg_control_top\xsim_peak_valley_return_filelist.f
rtl_other	ppg_control_top\xsim_periodic_recheck_recovery_filelist.f	->	rtl\ppg_control_top\xsim_periodic_recheck_recovery_filelist.f
rtl_other	ppg_control_top\xsim_raw_generator_selfcheck_filelist.f	->	rtl\ppg_control_top\xsim_raw_generator_selfcheck_filelist.f
rtl_other	ppg_control_top\xsim_robustness_corner_waveforms_filelist.f	->	rtl\ppg_control_top\xsim_robustness_corner_waveforms_filelist.f
rtl_other	ppg_control_top\xsim_startup_idac_calibration_filelist.f	->	rtl\ppg_control_top\xsim_startup_idac_calibration_filelist.f
rtl_v	ppg_digital_esd_shell\ppg_digital_esd_shell.v	->	rtl\ppg_digital_esd_shell\ppg_digital_esd_shell.v
rtl_v	ppg_digital_shell\ppg_digital_shell.v	->	rtl\ppg_digital_shell\ppg_digital_shell.v
rtl_v	ppg_dual_precision_top\ppg_dual_precision_top.v	->	rtl\ppg_dual_precision_top\ppg_dual_precision_top.v
rtl_v	ppg_dual_precision_top\tb_ppg_dual_precision_top.v	->	rtl\ppg_dual_precision_top\tb_ppg_dual_precision_top.v
rtl_v	ppg_dynamic_baseline_cross_detector\ppg_dynamic_baseline_cross_detector.v	->	rtl\ppg_dynamic_baseline_cross_detector\ppg_dynamic_baseline_cross_detector.v
rtl_other	ppg_dynamic_baseline_cross_detector\run_ppg_dynamic_baseline_cross_detector_synth.tcl	->	rtl\ppg_dynamic_baseline_cross_detector\run_ppg_dynamic_baseline_cross_detector_synth.tcl
rtl_v	ppg_dynamic_baseline_cross_detector\tb_ppg_dynamic_baseline_cross_detector.v	->	rtl\ppg_dynamic_baseline_cross_detector\tb_ppg_dynamic_baseline_cross_detector.v
rtl_v	ppg_dynamic_baseline_cross_detector\tb_ppg_dynamic_baseline_phase_a_arithmetic_equivalence.v	->	rtl\ppg_dynamic_baseline_cross_detector\tb_ppg_dynamic_baseline_phase_a_arithmetic_equivalence.v
rtl_v	ppg_idac_code_controller\ppg_idac_code_controller.v	->	rtl\ppg_idac_code_controller\ppg_idac_code_controller.v
rtl_v	ppg_idac_code_controller\tb_ppg_idac_code_controller.v	->	rtl\ppg_idac_code_controller\tb_ppg_idac_code_controller.v
rtl_v	ppg_idac_code_controller\tb_ppg_idac_code_controller_wave.v	->	rtl\ppg_idac_code_controller\tb_ppg_idac_code_controller_wave.v
rtl_v	ppg_normal_transaction_fork\ppg_normal_transaction_fork.v	->	rtl\ppg_normal_transaction_fork\ppg_normal_transaction_fork.v
rtl_other	ppg_normal_transaction_fork\run_ppg_normal_transaction_fork_synth.tcl	->	rtl\ppg_normal_transaction_fork\run_ppg_normal_transaction_fork_synth.tcl
rtl_v	ppg_normal_transaction_fork\tb_ppg_normal_transaction_fork.v	->	rtl\ppg_normal_transaction_fork\tb_ppg_normal_transaction_fork.v
rtl_v	ppg_p2s_packer\ppg_p2s_packer.v	->	rtl\ppg_p2s_packer\ppg_p2s_packer.v
rtl_v	ppg_peak_valley_window_detector\ppg_peak_valley_window_detector.v	->	rtl\ppg_peak_valley_window_detector\ppg_peak_valley_window_detector.v
rtl_other	ppg_peak_valley_window_detector\run_ppg_peak_valley_window_detector_synth.tcl	->	rtl\ppg_peak_valley_window_detector\run_ppg_peak_valley_window_detector_synth.tcl
rtl_v	ppg_peak_valley_window_detector\tb_ppg_peak_valley_window_detector.v	->	rtl\ppg_peak_valley_window_detector\tb_ppg_peak_valley_window_detector.v
rtl_v	ppg_precision_window_controller\ppg_precision_window_controller.v	->	rtl\ppg_precision_window_controller\ppg_precision_window_controller.v
rtl_other	ppg_precision_window_controller\run_ppg_precision_window_controller_synth.tcl	->	rtl\ppg_precision_window_controller\run_ppg_precision_window_controller_synth.tcl
rtl_v	ppg_precision_window_controller\tb_ppg_precision_window_controller.v	->	rtl\ppg_precision_window_controller\tb_ppg_precision_window_controller.v
rtl_v	ppg_precision_window_integration\ppg_precision_window_integration.v	->	rtl\ppg_precision_window_integration\ppg_precision_window_integration.v
rtl_other	ppg_precision_window_integration\run_ppg_precision_window_integration_synth.tcl	->	rtl\ppg_precision_window_integration\run_ppg_precision_window_integration_synth.tcl
rtl_v	ppg_precision_window_integration\tb_ppg_precision_window_integration.v	->	rtl\ppg_precision_window_integration\tb_ppg_precision_window_integration.v
rtl_v	ppg_pulse_cdc_sync\ppg_pulse_cdc_sync.v	->	rtl\ppg_pulse_cdc_sync\ppg_pulse_cdc_sync.v
rtl_v	ppg_reset_sync\ppg_reset_sync.v	->	rtl\ppg_reset_sync\ppg_reset_sync.v
rtl_v	ppg_sar9_sar15_safe_selection_wrapper\ppg_sar9_sar15_safe_selection_wrapper.v	->	rtl\ppg_sar9_sar15_safe_selection_wrapper\ppg_sar9_sar15_safe_selection_wrapper.v
rtl_other	ppg_sar9_sar15_safe_selection_wrapper\run_ppg_sar9_sar15_safe_selection_wrapper_synth.tcl	->	rtl\ppg_sar9_sar15_safe_selection_wrapper\run_ppg_sar9_sar15_safe_selection_wrapper_synth.tcl
rtl_v	ppg_sar9_sar15_safe_selection_wrapper\tb_ppg_sar9_sar15_safe_selection_wrapper.v	->	rtl\ppg_sar9_sar15_safe_selection_wrapper\tb_ppg_sar9_sar15_safe_selection_wrapper.v
rtl_v	ppg_spi_register_file\ppg_spi_register_file.v	->	rtl\ppg_spi_register_file\ppg_spi_register_file.v
rtl_v	ppg_system_active_config_unpack\ppg_system_active_config_unpack.v	->	rtl\ppg_system_active_config_unpack\ppg_system_active_config_unpack.v
contracts	ppg_system_active_config_unpack\ppg_system_active_config_unpack_semantic_contract.md	->	contracts\ppg_system_active_config_unpack_semantic_contract.md
rtl_v	ppg_system_active_config_unpack\tb_ppg_system_active_config_unpack.v	->	rtl\ppg_system_active_config_unpack\tb_ppg_system_active_config_unpack.v
rtl_v	ppg_system_config_manager\ppg_system_config_manager.v	->	rtl\ppg_system_config_manager\ppg_system_config_manager.v
contracts	ppg_system_config_manager\ppg_system_config_manager_semantic_contract.md	->	contracts\ppg_system_config_manager_semantic_contract.md
rtl_v	ppg_system_config_manager\tb_ppg_system_config_manager.v	->	rtl\ppg_system_config_manager\tb_ppg_system_config_manager.v
rtl_v	ppg_system_fault_abort_supervisor\ppg_system_fault_abort_supervisor.v	->	rtl\ppg_system_fault_abort_supervisor\ppg_system_fault_abort_supervisor.v
rtl_v	ppg_system_fault_abort_supervisor\tb_ppg_system_fault_abort_supervisor.v	->	rtl\ppg_system_fault_abort_supervisor\tb_ppg_system_fault_abort_supervisor.v
verif_reports	ppg_system_integration\FIR_01_33_WORKLINE_D_INDEPENDENT_RECHECK_20260916.md	->	verification_reports\FIR_01_33_WORKLINE_D_INDEPENDENT_RECHECK_20260916.md
verif_reports	ppg_system_integration\FIR_GAP_REMEDIATION_20260917.md	->	verification_reports\FIR_GAP_REMEDIATION_20260917.md
verif_reports	ppg_system_integration\GFP01_C01_REBUILD_INDEPENDENT_AUDIT_20260916.md	->	verification_reports\GFP01_C01_REBUILD_INDEPENDENT_AUDIT_20260916.md
verif_reports	ppg_system_integration\GFP01_C01_TOP_PORT_LEDGER_INDEPENDENT_RECHECK_20260916.md	->	verification_reports\GFP01_C01_TOP_PORT_LEDGER_INDEPENDENT_RECHECK_20260916.md
verif_reports	ppg_system_integration\ILM_01_15_WORKLINE_D_INDEPENDENT_RECHECK_20260917.md	->	verification_reports\ILM_01_15_WORKLINE_D_INDEPENDENT_RECHECK_20260917.md
verif_reports	ppg_system_integration\ISE_01_10_WORKLINE_D_INDEPENDENT_RECHECK_20260917.md	->	verification_reports\ISE_01_10_WORKLINE_D_INDEPENDENT_RECHECK_20260917.md
verif_reports	ppg_system_integration\JNT_01_09_WORKLINE_D_INDEPENDENT_RECHECK_20260917.md	->	verification_reports\JNT_01_09_WORKLINE_D_INDEPENDENT_RECHECK_20260917.md
verif_reports	ppg_system_integration\K_D01_GFP_WORKLINE_D_INDEPENDENT_RECHECK_20260928.md	->	verification_reports\K_D01_GFP_WORKLINE_D_INDEPENDENT_RECHECK_20260928.md
verif_reports	ppg_system_integration\LFA_01_12_WORKLINE_D_INDEPENDENT_RECHECK_20260917.md	->	verification_reports\LFA_01_12_WORKLINE_D_INDEPENDENT_RECHECK_20260917.md
verif_reports	ppg_system_integration\NP_WORKLINE_D_INDEPENDENT_RECHECK_20260928.md	->	verification_reports\NP_WORKLINE_D_INDEPENDENT_RECHECK_20260928.md
verif_reports	ppg_system_integration\NRE_ADCN_WORKLINE_D_INDEPENDENT_RECHECK_20260928.md	->	verification_reports\NRE_ADCN_WORKLINE_D_INDEPENDENT_RECHECK_20260928.md
verif_reports	ppg_system_integration\OIB_01_10_WORKLINE_D_INDEPENDENT_RECHECK_20260917.md	->	verification_reports\OIB_01_10_WORKLINE_D_INDEPENDENT_RECHECK_20260917.md
contracts	ppg_system_integration\PPG_400HZ_FRAME_CALIBRATION_SCHEDULER_INTERFACE_CONTRACT.md	->	contracts\PPG_400HZ_FRAME_CALIBRATION_SCHEDULER_INTERFACE_CONTRACT.md
contracts	ppg_system_integration\PPG_ACTIVE_V4_CONTROL_CONNECTION_MAPPING_CONTRACT.md	->	contracts\PPG_ACTIVE_V4_CONTROL_CONNECTION_MAPPING_CONTRACT.md
contracts	ppg_system_integration\PPG_ACTIVE_V4_CONTROL_PLANE_INTEGRATION_WRAPPER_INTERFACE_CONTRACT.md	->	contracts\PPG_ACTIVE_V4_CONTROL_PLANE_INTEGRATION_WRAPPER_INTERFACE_CONTRACT.md
contracts	ppg_system_integration\PPG_ADC_DC_RECOVERY_INTERFACE_CONTRACT.md	->	contracts\PPG_ADC_DC_RECOVERY_INTERFACE_CONTRACT.md
contracts	ppg_system_integration\PPG_ADC_IDAC_INTEGRATION_SPEC.md	->	contracts\PPG_ADC_IDAC_INTEGRATION_SPEC.md
contracts	ppg_system_integration\PPG_ADC_MEASUREMENT_AND_IDAC_INTEGRATION_WRAPPER_INTERFACE_CONTRACT.md	->	contracts\PPG_ADC_MEASUREMENT_AND_IDAC_INTEGRATION_WRAPPER_INTERFACE_CONTRACT.md
contracts	ppg_system_integration\PPG_ADC_PROGRAMMABLE_RECONSTRUCTOR_INTERFACE_CONTRACT.md	->	contracts\PPG_ADC_PROGRAMMABLE_RECONSTRUCTOR_INTERFACE_CONTRACT.md
contracts	ppg_system_integration\PPG_ADC_ROUTER_TO_PIPELINE_OVERLAP_INTERFACE_CONTRACT.md	->	contracts\PPG_ADC_ROUTER_TO_PIPELINE_OVERLAP_INTERFACE_CONTRACT.md
contracts	ppg_system_integration\PPG_ADC_S1_CALIBRATOR_TO_ROUTER_INTERFACE_CONTRACT.md	->	contracts\PPG_ADC_S1_CALIBRATOR_TO_ROUTER_INTERFACE_CONTRACT.md
contracts	ppg_system_integration\PPG_ADC_S1_PROGRAMMABLE_CALIBRATOR_CONTRACT.md	->	contracts\PPG_ADC_S1_PROGRAMMABLE_CALIBRATOR_CONTRACT.md
contracts	ppg_system_integration\PPG_ALIAS_MAPPING_TABLE.md	->	contracts\PPG_ALIAS_MAPPING_TABLE.md
contracts	ppg_system_integration\PPG_CHARACTERIZATION_CONTROL_CDC_INTERFACE_CONTRACT.md	->	contracts\PPG_CHARACTERIZATION_CONTROL_CDC_INTERFACE_CONTRACT.md
contracts	ppg_system_integration\PPG_CHARACTERIZATION_INPUT_SOURCE_AND_STATIC_BIAS_CONTROL_CONTRACT.md	->	contracts\PPG_CHARACTERIZATION_INPUT_SOURCE_AND_STATIC_BIAS_CONTROL_CONTRACT.md
contracts	ppg_system_integration\PPG_CHIP_DIGITAL_TOP_SPI_P2S_INTEGRATION_CONTRACT.md	->	contracts\PPG_CHIP_DIGITAL_TOP_SPI_P2S_INTEGRATION_CONTRACT.md
contracts	ppg_system_integration\PPG_COARSE_DETECTION_FIR_INTERFACE_CONTRACT.md	->	contracts\PPG_COARSE_DETECTION_FIR_INTERFACE_CONTRACT.md
contracts	ppg_system_integration\PPG_CONTRACT_CLOSURE_MATRIX.md	->	contracts\PPG_CONTRACT_CLOSURE_MATRIX.md
contracts	ppg_system_integration\PPG_DIGITAL_TOP_INTERFACE_CONNECTION_CONTRACT.md	->	contracts\PPG_DIGITAL_TOP_INTERFACE_CONNECTION_CONTRACT.md
contracts	ppg_system_integration\PPG_DYNAMIC_BASELINE_ARITHMETIC_OPTIMIZATION_CONTRACT.md	->	contracts\PPG_DYNAMIC_BASELINE_ARITHMETIC_OPTIMIZATION_CONTRACT.md
contracts	ppg_system_integration\PPG_DYNAMIC_BASELINE_SLOPE_AND_UPWARD_CROSSING_INTERFACE_CONTRACT.md	->	contracts\PPG_DYNAMIC_BASELINE_SLOPE_AND_UPWARD_CROSSING_INTERFACE_CONTRACT.md
contracts	ppg_system_integration\PPG_IDAC_CODE_CONTROLLER_V2_INTERFACE_CONTRACT.md	->	contracts\PPG_IDAC_CODE_CONTROLLER_V2_INTERFACE_CONTRACT.md
contracts	ppg_system_integration\PPG_JOINT_TB_CANDIDATE_TEST_SPEC.md	->	contracts\PPG_JOINT_TB_CANDIDATE_TEST_SPEC.md
contracts	ppg_system_integration\PPG_NORMAL_FORK_IDAC_TRACKING_AMB_RECHECK_INTERFACE_CONTRACT.md	->	contracts\PPG_NORMAL_FORK_IDAC_TRACKING_AMB_RECHECK_INTERFACE_CONTRACT.md
contracts	ppg_system_integration\PPG_PEAK_VALLEY_WINDOW_DETECTOR_INTERFACE_CONTRACT.md	->	contracts\PPG_PEAK_VALLEY_WINDOW_DETECTOR_INTERFACE_CONTRACT.md
verif_reports	ppg_system_integration\PPG_PHASE6_XSIM_REGRESSION_REPORT_20260906.md	->	verification_reports\PPG_PHASE6_XSIM_REGRESSION_REPORT_20260906.md
verif_reports	ppg_system_integration\PPG_PHASE7_FINAL_CLOSURE_REPORT_20260906.md	->	verification_reports\PPG_PHASE7_FINAL_CLOSURE_REPORT_20260906.md
contracts	ppg_system_integration\PPG_PRECISION_WINDOW_CONTROLLER_INTERFACE_CONTRACT.md	->	contracts\PPG_PRECISION_WINDOW_CONTROLLER_INTERFACE_CONTRACT.md
contracts	ppg_system_integration\PPG_PRECISION_WINDOW_INTEGRATION_WRAPPER_INTERFACE_CONTRACT.md	->	contracts\PPG_PRECISION_WINDOW_INTEGRATION_WRAPPER_INTERFACE_CONTRACT.md
contracts	ppg_system_integration\PPG_REAL_PPG_RAW_GENERATOR_TESTBENCH_CONTRACT.md	->	contracts\PPG_REAL_PPG_RAW_GENERATOR_TESTBENCH_CONTRACT.md
contracts	ppg_system_integration\PPG_SAR9_SAR15_SAFE_SELECTION_WRAPPER_INTERFACE_CONTRACT.md	->	contracts\PPG_SAR9_SAR15_SAFE_SELECTION_WRAPPER_INTERFACE_CONTRACT.md
contracts	ppg_system_integration\PPG_SCHEDULER_SSW_AMI_PORT_CONNECTION_CHECKLIST.md	->	contracts\PPG_SCHEDULER_SSW_AMI_PORT_CONNECTION_CHECKLIST.md
contracts	ppg_system_integration\PPG_SYSTEM_FAULT_ABORT_SUPERVISOR_INTERFACE_CONTRACT.md	->	contracts\PPG_SYSTEM_FAULT_ABORT_SUPERVISOR_INTERFACE_CONTRACT.md
verif_reports	ppg_system_integration\PPG_TRACK_B_FUNCTIONAL_AUDIT_20260823.md	->	verification_reports\PPG_TRACK_B_FUNCTIONAL_AUDIT_20260823.md
verif_reports	ppg_system_integration\PRC_01_10_WORKLINE_D_INDEPENDENT_RECHECK_20260917.md	->	verification_reports\PRC_01_10_WORKLINE_D_INDEPENDENT_RECHECK_20260917.md
verif_reports	ppg_system_integration\PVW_01_46_WORKLINE_D_INDEPENDENT_RECHECK_20260916.md	->	verification_reports\PVW_01_46_WORKLINE_D_INDEPENDENT_RECHECK_20260916.md
verif_reports	ppg_system_integration\PVW_GAP_REMEDIATION_20260917.md	->	verification_reports\PVW_GAP_REMEDIATION_20260917.md
verif_reports	ppg_system_integration\PWC_01_40_WORKLINE_D_INDEPENDENT_RECHECK_20260916.md	->	verification_reports\PWC_01_40_WORKLINE_D_INDEPENDENT_RECHECK_20260916.md
verif_reports	ppg_system_integration\PWC_GAP_REMEDIATION_20260917.md	->	verification_reports\PWC_GAP_REMEDIATION_20260917.md
verif_reports	ppg_system_integration\PWC_STICKY_CLEAR_RTL_FIX_20260917.md	->	verification_reports\PWC_STICKY_CLEAR_RTL_FIX_20260917.md
verif_reports	ppg_system_integration\RRC_01_12_WORKLINE_D_INDEPENDENT_RECHECK_20260917.md	->	verification_reports\RRC_01_12_WORKLINE_D_INDEPENDENT_RECHECK_20260917.md
verif_reports	ppg_system_integration\SID_01_12_WORKLINE_D_INDEPENDENT_RECHECK_20260917.md	->	verification_reports\SID_01_12_WORKLINE_D_INDEPENDENT_RECHECK_20260917.md
verif_reports	ppg_system_integration\TOP01_24_ACCEPTANCE_ID_INDEPENDENT_RECHECK_20260916.md	->	verification_reports\TOP01_24_ACCEPTANCE_ID_INDEPENDENT_RECHECK_20260916.md
verif_reports	ppg_system_integration\TOP01_24_GAP_REMEDIATION_20260917.md	->	verification_reports\TOP01_24_GAP_REMEDIATION_20260917.md
verif_reports	ppg_system_integration\TRK_01_10_WORKLINE_D_INDEPENDENT_RECHECK_20260917.md	->	verification_reports\TRK_01_10_WORKLINE_D_INDEPENDENT_RECHECK_20260917.md
verif_reports	ppg_system_integration\WORKLINE_D_BATCH1_9_GAP_REMEDIATION_20260917.md	->	verification_reports\WORKLINE_D_BATCH1_9_GAP_REMEDIATION_20260917.md
verif_reports	ppg_system_integration\WORKLINE_D_BATCH1_9_LEDGER_SYNC_20260918.md	->	verification_reports\WORKLINE_D_BATCH1_9_LEDGER_SYNC_20260918.md
verif_reports	ppg_system_integration\WORKLINE_D_PRC04_PRC06_20260918.md	->	verification_reports\WORKLINE_D_PRC04_PRC06_20260918.md
verif_reports	ppg_system_integration\WORKLINE_D_SID05_SID06_20260918.md	->	verification_reports\WORKLINE_D_SID05_SID06_20260918.md
verif_reports	ppg_system_integration\WORKLINE_D_TRK01_ISE01_20260918.md	->	verification_reports\WORKLINE_D_TRK01_ISE01_20260918.md
tools	ppg_system_integration\aggregate_v1_3_results.ps1	->	tools\aggregate_v1_3_results.ps1
tools	ppg_system_integration\aggregate_v1_3_results.py	->	tools\aggregate_v1_3_results.py
tools	ppg_system_integration\cross_reference_tools\cdc_cross_domain_read_candidate_detector.py	->	tools\cross_reference_tools\cdc_cross_domain_read_candidate_detector.py
tools	ppg_system_integration\cross_reference_tools\cdc_cross_domain_read_candidate_report.json	->	tools\cross_reference_tools\cdc_cross_domain_read_candidate_report.json
tools	ppg_system_integration\cross_reference_tools\cdc_cross_domain_read_candidate_report.md	->	tools\cross_reference_tools\cdc_cross_domain_read_candidate_report.md
tools	ppg_system_integration\cross_reference_tools\cdc_domain_reachability_report.json	->	tools\cross_reference_tools\cdc_domain_reachability_report.json
tools	ppg_system_integration\cross_reference_tools\cdc_domain_reachability_report.md	->	tools\cross_reference_tools\cdc_domain_reachability_report.md
tools	ppg_system_integration\cross_reference_tools\cdc_domain_reachability_tagger.py	->	tools\cross_reference_tools\cdc_domain_reachability_tagger.py
tools	ppg_system_integration\cross_reference_tools\cdc_handrolled_class_classification_report.json	->	tools\cross_reference_tools\cdc_handrolled_class_classification_report.json
tools	ppg_system_integration\cross_reference_tools\cdc_handrolled_class_classification_report.md	->	tools\cross_reference_tools\cdc_handrolled_class_classification_report.md
tools	ppg_system_integration\cross_reference_tools\cdc_handrolled_class_classifier.py	->	tools\cross_reference_tools\cdc_handrolled_class_classifier.py
tools	ppg_system_integration\cross_reference_tools\cdc_phase4_multihop_assign_boundary_check.py	->	tools\cross_reference_tools\cdc_phase4_multihop_assign_boundary_check.py
tools	ppg_system_integration\cross_reference_tools\cdc_phase4_multihop_boundary_report.json	->	tools\cross_reference_tools\cdc_phase4_multihop_boundary_report.json
tools	ppg_system_integration\cross_reference_tools\cdc_phase4_multihop_boundary_report.md	->	tools\cross_reference_tools\cdc_phase4_multihop_boundary_report.md
tools	ppg_system_integration\cross_reference_tools\prose_staleness_scanner.py	->	tools\cross_reference_tools\prose_staleness_scanner.py
tools	ppg_system_integration\cross_reference_tools\prose_staleness_scanner_report.json	->	tools\cross_reference_tools\prose_staleness_scanner_report.json
tools	ppg_system_integration\cross_reference_tools\reconcile_acceptance_ids.py	->	tools\cross_reference_tools\reconcile_acceptance_ids.py
tools	ppg_system_integration\cross_reference_tools\reconciliation_report.json	->	tools\cross_reference_tools\reconciliation_report.json
tools	ppg_system_integration\cross_reference_tools\reconciliation_report.md	->	tools\cross_reference_tools\reconciliation_report.md
tools	ppg_system_integration\cross_reference_tools\reconciliation_report_verify_pvw_pwc_fir.json	->	tools\cross_reference_tools\reconciliation_report_verify_pvw_pwc_fir.json
tools	ppg_system_integration\cross_reference_tools\regression_freshness_watchdog.py	->	tools\cross_reference_tools\regression_freshness_watchdog.py
tools	ppg_system_integration\cross_reference_tools\regression_freshness_watchdog_report.json	->	tools\cross_reference_tools\regression_freshness_watchdog_report.json
tools	ppg_system_integration\cross_reference_tools\regression_freshness_watchdog_report_verify_20260916.json	->	tools\cross_reference_tools\regression_freshness_watchdog_report_verify_20260916.json
tools	ppg_system_integration\cross_reference_tools\static_lint_semantic_sweep.py	->	tools\cross_reference_tools\static_lint_semantic_sweep.py
tools	ppg_system_integration\cross_reference_tools\static_lint_semantic_sweep_report.json	->	tools\cross_reference_tools\static_lint_semantic_sweep_report.json
tools	ppg_system_integration\cross_reference_tools\watchdog_result_20260917.json	->	tools\cross_reference_tools\watchdog_result_20260917.json
tools	ppg_system_integration\run_v1_3_scenarios.ps1	->	tools\run_v1_3_scenarios.ps1
rtl_v	ppg_system_integration\tb_ppg_scheduler_ssw_ami_integration.v	->	rtl\ppg_system_integration\tb_ppg_scheduler_ssw_ami_integration.v
rtl_other	ppg_timing_3200hz_validation\filelist.f	->	rtl\ppg_timing_3200hz_validation\filelist.f
rtl_v	ppg_timing_3200hz_validation\tb_ppg_timing_3200hz.v	->	rtl\ppg_timing_3200hz_validation\tb_ppg_timing_3200hz.v
rtl_v	ppg_timing_sar15\ppg_timing_sar15.v	->	rtl\ppg_timing_sar15\ppg_timing_sar15.v
rtl_v	ppg_timing_sar15\ppg_timing_sar15_3200hz.v	->	rtl\ppg_timing_sar15\ppg_timing_sar15_3200hz.v
rtl_v	ppg_timing_sar15\ppg_timing_sar15_3200hz_new.v	->	rtl\ppg_timing_sar15\ppg_timing_sar15_3200hz_new.v
rtl_v	ppg_timing_sar15\ppg_timing_sar15_6667hz_v1.v	->	rtl\ppg_timing_sar15\ppg_timing_sar15_6667hz_v1.v
rtl_v	ppg_timing_sar15\ppg_timing_sar15_new.v	->	rtl\ppg_timing_sar15\ppg_timing_sar15_new.v
rtl_v	ppg_timing_sar15\ppg_timing_sar15_v1.v	->	rtl\ppg_timing_sar15\ppg_timing_sar15_v1.v
rtl_v	ppg_timing_sar15\tb_ppg_timing_sar15.v	->	rtl\ppg_timing_sar15\tb_ppg_timing_sar15.v
rtl_other	ppg_timing_sar9\ppg_timing_sar9.sdc	->	rtl\ppg_timing_sar9\ppg_timing_sar9.sdc
rtl_v	ppg_timing_sar9\ppg_timing_sar9.v	->	rtl\ppg_timing_sar9\ppg_timing_sar9.v
rtl_v	ppg_timing_sar9\ppg_timing_sar9_3200hz.v	->	rtl\ppg_timing_sar9\ppg_timing_sar9_3200hz.v
rtl_v	ppg_timing_sar9\ppg_timing_sar9_3200hz_new.v	->	rtl\ppg_timing_sar9\ppg_timing_sar9_3200hz_new.v
rtl_v	ppg_timing_sar9\ppg_timing_sar9_new.v	->	rtl\ppg_timing_sar9\ppg_timing_sar9_new.v
rtl_v	ppg_timing_sar9\tb_ppg_timing_sar9.v	->	rtl\ppg_timing_sar9\tb_ppg_timing_sar9.v
