"owner","path","check_item","contract_or_id","status","evidence","remaining"
"C","contracts/PPG_REAL_PPG_RAW_GENERATOR_TESTBENCH_CONTRACT.md","全文语义/全部端口/复位/状态异常/握手/位宽/注释/TB有效性审阅","C25","完成","C:/Users/DAWN/.codex/visualizations/2026/10/02/01a0fd78-b9b8-78f2-8e39-c02cd0049c19/ppg_review_C/evidence/system_review_20261004.md；C:/Users/DAWN/.codex/visualizations/2026/10/02/01a0fd78-b9b8-78f2-8e39-c02cd0049c19/ppg_review_C/evidence/final_readonly_check.json","审阅完成，不等于修复、动态全覆盖或功能签核；发现/限度见最终报告"
"C","contracts/PPG_REAL_PPG_RAW_GENERATOR_TESTBENCH_CONTRACT.md","合同版本/依赖/逐条验收ID裁定","C25","部分","C:/Users/DAWN/.codex/visualizations/2026/10/02/01a0fd78-b9b8-78f2-8e39-c02cd0049c19/ppg_review_C/evidence/contract_version_matrix.csv；C:/Users/DAWN/.codex/visualizations/2026/10/02/01a0fd78-b9b8-78f2-8e39-c02cd0049c19/ppg_review_C/evidence/id_review_matrix.csv；C:/Users/DAWN/.codex/visualizations/2026/10/02/01a0fd78-b9b8-78f2-8e39-c02cd0049c19/ppg_review_C/evidence/system_review_20261004.md","正文与C相关源码已审；同版本完整系统或其它主责家族动态闭环未完成，逐ID保留部分"
"C","contracts/PPG_PEAK_VALLEY_WINDOW_DETECTOR_INTERFACE_CONTRACT.md","全文语义/全部端口/复位/状态异常/握手/位宽/注释/TB有效性审阅","C22","完成","C:/Users/DAWN/.codex/visualizations/2026/10/02/01a0fd78-b9b8-78f2-8e39-c02cd0049c19/ppg_review_C/evidence/numeric_checkpoint_20261004.md；C:/Users/DAWN/.codex/visualizations/2026/10/02/01a0fd78-b9b8-78f2-8e39-c02cd0049c19/ppg_review_C/evidence/final_readonly_check.json","审阅完成，不等于修复、动态全覆盖或功能签核；发现/限度见最终报告"
"C","contracts/PPG_PEAK_VALLEY_WINDOW_DETECTOR_INTERFACE_CONTRACT.md","合同版本/依赖/逐条验收ID裁定","C22","完成","C:/Users/DAWN/.codex/visualizations/2026/10/02/01a0fd78-b9b8-78f2-8e39-c02cd0049c19/ppg_review_C/evidence/contract_version_matrix.csv；C:/Users/DAWN/.codex/visualizations/2026/10/02/01a0fd78-b9b8-78f2-8e39-c02cd0049c19/ppg_review_C/evidence/id_review_matrix.csv；C:/Users/DAWN/.codex/visualizations/2026/10/02/01a0fd78-b9b8-78f2-8e39-c02cd0049c19/ppg_review_C/evidence/numeric_checkpoint_20261004.md","审阅裁定完成；不把检测到的规范冲突或覆盖缺口记作通过"
"C","contracts/PPG_IDAC_CODE_CONTROLLER_V2_INTERFACE_CONTRACT.md","全文语义/全部端口/复位/状态异常/握手/位宽/注释/TB有效性审阅","C17","完成","C:/Users/DAWN/.codex/visualizations/2026/10/02/01a0fd78-b9b8-78f2-8e39-c02cd0049c19/ppg_review_C/evidence/numeric_checkpoint_20261004.md；C:/Users/DAWN/.codex/visualizations/2026/10/02/01a0fd78-b9b8-78f2-8e39-c02cd0049c19/ppg_review_C/evidence/final_readonly_check.json","审阅完成，不等于修复、动态全覆盖或功能签核；发现/限度见最终报告"
"C","contracts/PPG_IDAC_CODE_CONTROLLER_V2_INTERFACE_CONTRACT.md","合同版本/依赖/逐条验收ID裁定","C17","完成","C:/Users/DAWN/.codex/visualizations/2026/10/02/01a0fd78-b9b8-78f2-8e39-c02cd0049c19/ppg_review_C/evidence/contract_version_matrix.csv；C:/Users/DAWN/.codex/visualizations/2026/10/02/01a0fd78-b9b8-78f2-8e39-c02cd0049c19/ppg_review_C/evidence/id_review_matrix.csv；C:/Users/DAWN/.codex/visualizations/2026/10/02/01a0fd78-b9b8-78f2-8e39-c02cd0049c19/ppg_review_C/evidence/numeric_checkpoint_20261004.md","审阅裁定完成；不把检测到的规范冲突或覆盖缺口记作通过"
"C","contracts/PPG_DYNAMIC_BASELINE_SLOPE_AND_UPWARD_CROSSING_INTERFACE_CONTRACT.md","全文语义/全部端口/复位/状态异常/握手/位宽/注释/TB有效性审阅","C20","完成","C:/Users/DAWN/.codex/visualizations/2026/10/02/01a0fd78-b9b8-78f2-8e39-c02cd0049c19/ppg_review_C/evidence/numeric_checkpoint_20261004.md；C:/Users/DAWN/.codex/visualizations/2026/10/02/01a0fd78-b9b8-78f2-8e39-c02cd0049c19/ppg_review_C/evidence/final_readonly_check.json","审阅完成，不等于修复、动态全覆盖或功能签核；发现/限度见最终报告"
"C","contracts/PPG_DYNAMIC_BASELINE_SLOPE_AND_UPWARD_CROSSING_INTERFACE_CONTRACT.md","合同版本/依赖/逐条验收ID裁定","C20","部分","C:/Users/DAWN/.codex/visualizations/2026/10/02/01a0fd78-b9b8-78f2-8e39-c02cd0049c19/ppg_review_C/evidence/contract_version_matrix.csv；C:/Users/DAWN/.codex/visualizations/2026/10/02/01a0fd78-b9b8-78f2-8e39-c02cd0049c19/ppg_review_C/evidence/id_review_matrix.csv；C:/Users/DAWN/.codex/visualizations/2026/10/02/01a0fd78-b9b8-78f2-8e39-c02cd0049c19/ppg_review_C/evidence/numeric_checkpoint_20261004.md","正文与C相关源码已审；同版本完整系统或其它主责家族动态闭环未完成，逐ID保留部分"
"C","contracts/PPG_DYNAMIC_BASELINE_ARITHMETIC_OPTIMIZATION_CONTRACT.md","全文语义/全部端口/复位/状态异常/握手/位宽/注释/TB有效性审阅","C21","完成","C:/Users/DAWN/.codex/visualizations/2026/10/02/01a0fd78-b9b8-78f2-8e39-c02cd0049c19/ppg_review_C/evidence/numeric_checkpoint_20261004.md；C:/Users/DAWN/.codex/visualizations/2026/10/02/01a0fd78-b9b8-78f2-8e39-c02cd0049c19/ppg_review_C/evidence/final_readonly_check.json","审阅完成，不等于修复、动态全覆盖或功能签核；发现/限度见最终报告"
"C","contracts/PPG_DYNAMIC_BASELINE_ARITHMETIC_OPTIMIZATION_CONTRACT.md","合同版本/依赖/逐条验收ID裁定","C21","完成","C:/Users/DAWN/.codex/visualizations/2026/10/02/01a0fd78-b9b8-78f2-8e39-c02cd0049c19/ppg_review_C/evidence/contract_version_matrix.csv；C:/Users/DAWN/.codex/visualizations/2026/10/02/01a0fd78-b9b8-78f2-8e39-c02cd0049c19/ppg_review_C/evidence/id_review_matrix.csv；C:/Users/DAWN/.codex/visualizations/2026/10/02/01a0fd78-b9b8-78f2-8e39-c02cd0049c19/ppg_review_C/evidence/numeric_checkpoint_20261004.md","审阅裁定完成；不把检测到的规范冲突或覆盖缺口记作通过"
"C","contracts/PPG_COARSE_DETECTION_FIR_INTERFACE_CONTRACT.md","全文语义/全部端口/复位/状态异常/握手/位宽/注释/TB有效性审阅","C19","完成","C:/Users/DAWN/.codex/visualizations/2026/10/02/01a0fd78-b9b8-78f2-8e39-c02cd0049c19/ppg_review_C/evidence/numeric_checkpoint_20261004.md；C:/Users/DAWN/.codex/visualizations/2026/10/02/01a0fd78-b9b8-78f2-8e39-c02cd0049c19/ppg_review_C/evidence/final_readonly_check.json","审阅完成，不等于修复、动态全覆盖或功能签核；发现/限度见最终报告"
"C","contracts/PPG_COARSE_DETECTION_FIR_INTERFACE_CONTRACT.md","合同版本/依赖/逐条验收ID裁定","C19","完成","C:/Users/DAWN/.codex/visualizations/2026/10/02/01a0fd78-b9b8-78f2-8e39-c02cd0049c19/ppg_review_C/evidence/contract_version_matrix.csv；C:/Users/DAWN/.codex/visualizations/2026/10/02/01a0fd78-b9b8-78f2-8e39-c02cd0049c19/ppg_review_C/evidence/id_review_matrix.csv；C:/Users/DAWN/.codex/visualizations/2026/10/02/01a0fd78-b9b8-78f2-8e39-c02cd0049c19/ppg_review_C/evidence/numeric_checkpoint_20261004.md","审阅裁定完成；不把检测到的规范冲突或覆盖缺口记作通过"
"C","contracts/PPG_ADC_S1_PROGRAMMABLE_CALIBRATOR_CONTRACT.md","全文语义/全部端口/复位/状态异常/握手/位宽/注释/TB有效性审阅","C11","完成","C:/Users/DAWN/.codex/visualizations/2026/10/02/01a0fd78-b9b8-78f2-8e39-c02cd0049c19/ppg_review_C/evidence/numeric_checkpoint_20261004.md；C:/Users/DAWN/.codex/visualizations/2026/10/02/01a0fd78-b9b8-78f2-8e39-c02cd0049c19/ppg_review_C/evidence/final_readonly_check.json","审阅完成，不等于修复、动态全覆盖或功能签核；发现/限度见最终报告"
"C","contracts/PPG_ADC_S1_PROGRAMMABLE_CALIBRATOR_CONTRACT.md","合同版本/依赖/逐条验收ID裁定","C11","完成","C:/Users/DAWN/.codex/visualizations/2026/10/02/01a0fd78-b9b8-78f2-8e39-c02cd0049c19/ppg_review_C/evidence/contract_version_matrix.csv；C:/Users/DAWN/.codex/visualizations/2026/10/02/01a0fd78-b9b8-78f2-8e39-c02cd0049c19/ppg_review_C/evidence/id_review_matrix.csv；C:/Users/DAWN/.codex/visualizations/2026/10/02/01a0fd78-b9b8-78f2-8e39-c02cd0049c19/ppg_review_C/evidence/numeric_checkpoint_20261004.md","审阅裁定完成；不把检测到的规范冲突或覆盖缺口记作通过"
"C","contracts/PPG_ADC_S1_CALIBRATOR_TO_ROUTER_INTERFACE_CONTRACT.md","全文语义/全部端口/复位/状态异常/握手/位宽/注释/TB有效性审阅","C12","完成","C:/Users/DAWN/.codex/visualizations/2026/10/02/01a0fd78-b9b8-78f2-8e39-c02cd0049c19/ppg_review_C/evidence/numeric_checkpoint_20261004.md；C:/Users/DAWN/.codex/visualizations/2026/10/02/01a0fd78-b9b8-78f2-8e39-c02cd0049c19/ppg_review_C/evidence/final_readonly_check.json","审阅完成，不等于修复、动态全覆盖或功能签核；发现/限度见最终报告"
"C","contracts/PPG_ADC_S1_CALIBRATOR_TO_ROUTER_INTERFACE_CONTRACT.md","合同版本/依赖/逐条验收ID裁定","C12","完成","C:/Users/DAWN/.codex/visualizations/2026/10/02/01a0fd78-b9b8-78f2-8e39-c02cd0049c19/ppg_review_C/evidence/contract_version_matrix.csv；C:/Users/DAWN/.codex/visualizations/2026/10/02/01a0fd78-b9b8-78f2-8e39-c02cd0049c19/ppg_review_C/evidence/id_review_matrix.csv；C:/Users/DAWN/.codex/visualizations/2026/10/02/01a0fd78-b9b8-78f2-8e39-c02cd0049c19/ppg_review_C/evidence/numeric_checkpoint_20261004.md","审阅裁定完成；不把检测到的规范冲突或覆盖缺口记作通过"
"C","contracts/PPG_ADC_ROUTER_TO_PIPELINE_OVERLAP_INTERFACE_CONTRACT.md","全文语义/全部端口/复位/状态异常/握手/位宽/注释/TB有效性审阅","C13","完成","C:/Users/DAWN/.codex/visualizations/2026/10/02/01a0fd78-b9b8-78f2-8e39-c02cd0049c19/ppg_review_C/evidence/numeric_checkpoint_20261004.md；C:/Users/DAWN/.codex/visualizations/2026/10/02/01a0fd78-b9b8-78f2-8e39-c02cd0049c19/ppg_review_C/evidence/final_readonly_check.json","审阅完成，不等于修复、动态全覆盖或功能签核；发现/限度见最终报告"
"C","contracts/PPG_ADC_ROUTER_TO_PIPELINE_OVERLAP_INTERFACE_CONTRACT.md","合同版本/依赖/逐条验收ID裁定","C13","完成","C:/Users/DAWN/.codex/visualizations/2026/10/02/01a0fd78-b9b8-78f2-8e39-c02cd0049c19/ppg_review_C/evidence/contract_version_matrix.csv；C:/Users/DAWN/.codex/visualizations/2026/10/02/01a0fd78-b9b8-78f2-8e39-c02cd0049c19/ppg_review_C/evidence/id_review_matrix.csv；C:/Users/DAWN/.codex/visualizations/2026/10/02/01a0fd78-b9b8-78f2-8e39-c02cd0049c19/ppg_review_C/evidence/numeric_checkpoint_20261004.md","审阅裁定完成；不把检测到的规范冲突或覆盖缺口记作通过"
"C","contracts/PPG_ADC_PROGRAMMABLE_RECONSTRUCTOR_INTERFACE_CONTRACT.md","全文语义/全部端口/复位/状态异常/握手/位宽/注释/TB有效性审阅","C14","完成","C:/Users/DAWN/.codex/visualizations/2026/10/02/01a0fd78-b9b8-78f2-8e39-c02cd0049c19/ppg_review_C/evidence/adc_tail_review.md；C:/Users/DAWN/.codex/visualizations/2026/10/02/01a0fd78-b9b8-78f2-8e39-c02cd0049c19/ppg_review_C/evidence/final_readonly_check.json","审阅完成，不等于修复、动态全覆盖或功能签核；发现/限度见最终报告"
"C","contracts/PPG_ADC_PROGRAMMABLE_RECONSTRUCTOR_INTERFACE_CONTRACT.md","合同版本/依赖/逐条验收ID裁定","C14","完成","C:/Users/DAWN/.codex/visualizations/2026/10/02/01a0fd78-b9b8-78f2-8e39-c02cd0049c19/ppg_review_C/evidence/contract_version_matrix.csv；C:/Users/DAWN/.codex/visualizations/2026/10/02/01a0fd78-b9b8-78f2-8e39-c02cd0049c19/ppg_review_C/evidence/id_review_matrix.csv；C:/Users/DAWN/.codex/visualizations/2026/10/02/01a0fd78-b9b8-78f2-8e39-c02cd0049c19/ppg_review_C/evidence/adc_tail_review.md","审阅裁定完成；不把检测到的规范冲突或覆盖缺口记作通过"
"C","contracts/PPG_ADC_DC_RECOVERY_INTERFACE_CONTRACT.md","全文语义/全部端口/复位/状态异常/握手/位宽/注释/TB有效性审阅","C15","完成","C:/Users/DAWN/.codex/visualizations/2026/10/02/01a0fd78-b9b8-78f2-8e39-c02cd0049c19/ppg_review_C/evidence/adc_tail_review.md；C:/Users/DAWN/.codex/visualizations/2026/10/02/01a0fd78-b9b8-78f2-8e39-c02cd0049c19/ppg_review_C/evidence/final_readonly_check.json","审阅完成，不等于修复、动态全覆盖或功能签核；发现/限度见最终报告"
"C","contracts/PPG_ADC_DC_RECOVERY_INTERFACE_CONTRACT.md","合同版本/依赖/逐条验收ID裁定","C15","完成","C:/Users/DAWN/.codex/visualizations/2026/10/02/01a0fd78-b9b8-78f2-8e39-c02cd0049c19/ppg_review_C/evidence/contract_version_matrix.csv；C:/Users/DAWN/.codex/visualizations/2026/10/02/01a0fd78-b9b8-78f2-8e39-c02cd0049c19/ppg_review_C/evidence/id_review_matrix.csv；C:/Users/DAWN/.codex/visualizations/2026/10/02/01a0fd78-b9b8-78f2-8e39-c02cd0049c19/ppg_review_C/evidence/adc_tail_review.md","审阅裁定完成；不把检测到的规范冲突或覆盖缺口记作通过"
"C","rtl/ppg_adc_pipeline_overlap_corrector/tb_ppg_adc_pipeline_overlap_corrector.v","全文语义/全部端口/复位/状态异常/握手/位宽/注释/TB有效性审阅","ADC C10..15；接口与数值逐项","完成","C:/Users/DAWN/.codex/visualizations/2026/10/02/01a0fd78-b9b8-78f2-8e39-c02cd0049c19/ppg_review_C/evidence/adc_tail_review.md；C:/Users/DAWN/.codex/visualizations/2026/10/02/01a0fd78-b9b8-78f2-8e39-c02cd0049c19/ppg_review_C/evidence/final_readonly_check.json","审阅完成，不等于修复、动态全覆盖或功能签核；发现/限度见最终报告"
"C","rtl/ppg_adc_pipeline_overlap_corrector/tb_ppg_adc_pipeline_overlap_corrector.v","同版本实际完整TB运行（由A管理）","ADC C10..15；接口与数值逐项","完成","C:/Users/DAWN/.codex/visualizations/2026/10/02/01a0fd78-b9b8-78f2-8e39-c02cd0049c19/ppg_review_C/evidence/A_regression_C_scope_snapshot.json；C:/Users/DAWN/.codex/visualizations/2026/10/02/01a0fd16-9489-7e50-a7b6-a1178fd92bf1/ppg_audit/evidence/compile/tb_ppg_adc_pipeline_overlap_corrector/","运行完成仅支持已执行比较；日志无FAIL，数值和覆盖限度另列"
"C","rtl/ppg_adc_pipeline_overlap_corrector/ppg_adc_pipeline_overlap_corrector.v","全文语义/全部端口/复位/状态异常/握手/位宽/注释/TB有效性审阅","ADC C10..15；接口与数值逐项","完成","C:/Users/DAWN/.codex/visualizations/2026/10/02/01a0fd78-b9b8-78f2-8e39-c02cd0049c19/ppg_review_C/evidence/adc_tail_review.md；C:/Users/DAWN/.codex/visualizations/2026/10/02/01a0fd78-b9b8-78f2-8e39-c02cd0049c19/ppg_review_C/evidence/final_readonly_check.json","审阅完成，不等于修复、动态全覆盖或功能签核；发现/限度见最终报告"
"C","rtl/ppg_adc_pipeline_overlap_corrector/ppg_adc_pipeline_overlap_corrector.v","八门禁:compile","C13","完成","C:/Users/DAWN/.codex/visualizations/2026/10/02/01a0fd78-b9b8-78f2-8e39-c02cd0049c19/ppg_review_C/evidence/final_deliverable_gate.json；C:/Users/DAWN/.codex/visualizations/2026/10/02/01a0fd78-b9b8-78f2-8e39-c02cd0049c19/ppg_review_C/evidence/skill_analyze/ppg_adc_pipeline_overlap_corrector/；C:/Users/DAWN/.codex/visualizations/2026/10/02/01a0fd78-b9b8-78f2-8e39-c02cd0049c19/ppg_review_C/evidence/port_review_matrix.csv","目录门禁原始passed；门禁已实际评估；失败按规则计数记录，不代表通过"
"C","rtl/ppg_adc_pipeline_overlap_corrector/ppg_adc_pipeline_overlap_corrector.v","八门禁:ast","C13","完成","C:/Users/DAWN/.codex/visualizations/2026/10/02/01a0fd78-b9b8-78f2-8e39-c02cd0049c19/ppg_review_C/evidence/final_deliverable_gate.json；C:/Users/DAWN/.codex/visualizations/2026/10/02/01a0fd78-b9b8-78f2-8e39-c02cd0049c19/ppg_review_C/evidence/skill_analyze/ppg_adc_pipeline_overlap_corrector/；C:/Users/DAWN/.codex/visualizations/2026/10/02/01a0fd78-b9b8-78f2-8e39-c02cd0049c19/ppg_review_C/evidence/port_review_matrix.csv","目录门禁原始passed；门禁已实际评估；失败按规则计数记录，不代表通过"
"C","rtl/ppg_adc_pipeline_overlap_corrector/ppg_adc_pipeline_overlap_corrector.v","八门禁:readability","C13","完成","C:/Users/DAWN/.codex/visualizations/2026/10/02/01a0fd78-b9b8-78f2-8e39-c02cd0049c19/ppg_review_C/evidence/final_deliverable_gate.json；C:/Users/DAWN/.codex/visualizations/2026/10/02/01a0fd78-b9b8-78f2-8e39-c02cd0049c19/ppg_review_C/evidence/skill_analyze/ppg_adc_pipeline_overlap_corrector/；C:/Users/DAWN/.codex/visualizations/2026/10/02/01a0fd78-b9b8-78f2-8e39-c02cd0049c19/ppg_review_C/evidence/port_review_matrix.csv","目录门禁原始failed；门禁已实际评估；失败按规则计数记录，不代表通过"
"C","rtl/ppg_adc_pipeline_overlap_corrector/ppg_adc_pipeline_overlap_corrector.v","八门禁:comment","C13","完成","C:/Users/DAWN/.codex/visualizations/2026/10/02/01a0fd78-b9b8-78f2-8e39-c02cd0049c19/ppg_review_C/evidence/final_deliverable_gate.json；C:/Users/DAWN/.codex/visualizations/2026/10/02/01a0fd78-b9b8-78f2-8e39-c02cd0049c19/ppg_review_C/evidence/skill_analyze/ppg_adc_pipeline_overlap_corrector/；C:/Users/DAWN/.codex/visualizations/2026/10/02/01a0fd78-b9b8-78f2-8e39-c02cd0049c19/ppg_review_C/evidence/port_review_matrix.csv","目录门禁原始failed；门禁已实际评估；失败按规则计数记录，不代表通过"
"C","rtl/ppg_adc_pipeline_overlap_corrector/ppg_adc_pipeline_overlap_corrector.v","八门禁:naming","C13","完成","C:/Users/DAWN/.codex/visualizations/2026/10/02/01a0fd78-b9b8-78f2-8e39-c02cd0049c19/ppg_review_C/evidence/final_deliverable_gate.json；C:/Users/DAWN/.codex/visualizations/2026/10/02/01a0fd78-b9b8-78f2-8e39-c02cd0049c19/ppg_review_C/evidence/skill_analyze/ppg_adc_pipeline_overlap_corrector/；C:/Users/DAWN/.codex/visualizations/2026/10/02/01a0fd78-b9b8-78f2-8e39-c02cd0049c19/ppg_review_C/evidence/port_review_matrix.csv","目录门禁原始failed；门禁已实际评估；失败按规则计数记录，不代表通过"
"C","rtl/ppg_adc_pipeline_overlap_corrector/ppg_adc_pipeline_overlap_corrector.v","八门禁:profile","C13","完成","C:/Users/DAWN/.codex/visualizations/2026/10/02/01a0fd78-b9b8-78f2-8e39-c02cd0049c19/ppg_review_C/evidence/final_deliverable_gate.json；C:/Users/DAWN/.codex/visualizations/2026/10/02/01a0fd78-b9b8-78f2-8e39-c02cd0049c19/ppg_review_C/evidence/skill_analyze/ppg_adc_pipeline_overlap_corrector/；C:/Users/DAWN/.codex/visualizations/2026/10/02/01a0fd78-b9b8-78f2-8e39-c02cd0049c19/ppg_review_C/evidence/port_review_matrix.csv","目录门禁原始passed；门禁已实际评估；失败按规则计数记录，不代表通过"
"C","rtl/ppg_adc_pipeline_overlap_corrector/ppg_adc_pipeline_overlap_corrector.v","八门禁:testbench","C13","部分","C:/Users/DAWN/.codex/visualizations/2026/10/02/01a0fd78-b9b8-78f2-8e39-c02cd0049c19/ppg_review_C/evidence/final_deliverable_gate.json；C:/Users/DAWN/.codex/visualizations/2026/10/02/01a0fd78-b9b8-78f2-8e39-c02cd0049c19/ppg_review_C/evidence/skill_analyze/ppg_adc_pipeline_overlap_corrector/；C:/Users/DAWN/.codex/visualizations/2026/10/02/01a0fd78-b9b8-78f2-8e39-c02cd0049c19/ppg_review_C/evidence/A_regression_C_scope_snapshot.json","目录门禁原始not_requested；完整运行及覆盖义务按TB/ID独立台账，既有缺口未修复"
"C","rtl/ppg_adc_pipeline_overlap_corrector/ppg_adc_pipeline_overlap_corrector.v","八门禁:toolchain","C13","部分","C:/Users/DAWN/.codex/visualizations/2026/10/02/01a0fd78-b9b8-78f2-8e39-c02cd0049c19/ppg_review_C/evidence/final_deliverable_gate.json；C:/Users/DAWN/.codex/visualizations/2026/10/02/01a0fd78-b9b8-78f2-8e39-c02cd0049c19/ppg_review_C/evidence/skill_analyze/ppg_adc_pipeline_overlap_corrector/；C:/Users/DAWN/.codex/visualizations/2026/10/02/01a0fd78-b9b8-78f2-8e39-c02cd0049c19/ppg_review_C/evidence/port_review_matrix.csv","目录门禁原始not_requested；Icarus实际证据已有；Vivado xsim/综合、ASIC时序/CDC未验证"
"C","rtl/ppg_adc_async_stage_capture/tb_ppg_adc_async_stage_capture.v","全文语义/全部端口/复位/状态异常/握手/位宽/注释/TB有效性审阅","ADC C10..15；接口与数值逐项","完成","C:/Users/DAWN/.codex/visualizations/2026/10/02/01a0fd78-b9b8-78f2-8e39-c02cd0049c19/ppg_review_C/evidence/numeric_checkpoint_20261004.md；C:/Users/DAWN/.codex/visualizations/2026/10/02/01a0fd78-b9b8-78f2-8e39-c02cd0049c19/ppg_review_C/evidence/final_readonly_check.json","审阅完成，不等于修复、动态全覆盖或功能签核；发现/限度见最终报告"
"C","rtl/ppg_adc_async_stage_capture/tb_ppg_adc_async_stage_capture.v","同版本实际完整TB运行（由A管理）","ADC C10..15；接口与数值逐项","完成","C:/Users/DAWN/.codex/visualizations/2026/10/02/01a0fd78-b9b8-78f2-8e39-c02cd0049c19/ppg_review_C/evidence/A_regression_C_scope_snapshot.json；C:/Users/DAWN/.codex/visualizations/2026/10/02/01a0fd16-9489-7e50-a7b6-a1178fd92bf1/ppg_audit/evidence/compile/tb_ppg_adc_async_stage_capture/","运行完成仅支持已执行比较；日志无FAIL，数值和覆盖限度另列"
"C","rtl/ppg_adc_async_stage_capture/ppg_adc_async_stage_capture.v","全文语义/全部端口/复位/状态异常/握手/位宽/注释/TB有效性审阅","ADC C10..15；接口与数值逐项","完成","C:/Users/DAWN/.codex/visualizations/2026/10/02/01a0fd78-b9b8-78f2-8e39-c02cd0049c19/ppg_review_C/evidence/numeric_checkpoint_20261004.md；C:/Users/DAWN/.codex/visualizations/2026/10/02/01a0fd78-b9b8-78f2-8e39-c02cd0049c19/ppg_review_C/evidence/final_readonly_check.json","审阅完成，不等于修复、动态全覆盖或功能签核；发现/限度见最终报告"
"C","rtl/ppg_adc_async_stage_capture/ppg_adc_async_stage_capture.v","八门禁:compile","C10","完成","C:/Users/DAWN/.codex/visualizations/2026/10/02/01a0fd78-b9b8-78f2-8e39-c02cd0049c19/ppg_review_C/evidence/final_deliverable_gate.json；C:/Users/DAWN/.codex/visualizations/2026/10/02/01a0fd78-b9b8-78f2-8e39-c02cd0049c19/ppg_review_C/evidence/skill_analyze/ppg_adc_async_stage_capture/；C:/Users/DAWN/.codex/visualizations/2026/10/02/01a0fd78-b9b8-78f2-8e39-c02cd0049c19/ppg_review_C/evidence/port_review_matrix.csv","目录门禁原始passed；门禁已实际评估；失败按规则计数记录，不代表通过"
"C","rtl/ppg_adc_async_stage_capture/ppg_adc_async_stage_capture.v","八门禁:ast","C10","完成","C:/Users/DAWN/.codex/visualizations/2026/10/02/01a0fd78-b9b8-78f2-8e39-c02cd0049c19/ppg_review_C/evidence/final_deliverable_gate.json；C:/Users/DAWN/.codex/visualizations/2026/10/02/01a0fd78-b9b8-78f2-8e39-c02cd0049c19/ppg_review_C/evidence/skill_analyze/ppg_adc_async_stage_capture/；C:/Users/DAWN/.codex/visualizations/2026/10/02/01a0fd78-b9b8-78f2-8e39-c02cd0049c19/ppg_review_C/evidence/port_review_matrix.csv","目录门禁原始passed；门禁已实际评估；失败按规则计数记录，不代表通过"
"C","rtl/ppg_adc_async_stage_capture/ppg_adc_async_stage_capture.v","八门禁:readability","C10","完成","C:/Users/DAWN/.codex/visualizations/2026/10/02/01a0fd78-b9b8-78f2-8e39-c02cd0049c19/ppg_review_C/evidence/final_deliverable_gate.json；C:/Users/DAWN/.codex/visualizations/2026/10/02/01a0fd78-b9b8-78f2-8e39-c02cd0049c19/ppg_review_C/evidence/skill_analyze/ppg_adc_async_stage_capture/；C:/Users/DAWN/.codex/visualizations/2026/10/02/01a0fd78-b9b8-78f2-8e39-c02cd0049c19/ppg_review_C/evidence/port_review_matrix.csv","目录门禁原始failed；门禁已实际评估；失败按规则计数记录，不代表通过"
"C","rtl/ppg_adc_async_stage_capture/ppg_adc_async_stage_capture.v","八门禁:comment","C10","完成","C:/Users/DAWN/.codex/visualizations/2026/10/02/01a0fd78-b9b8-78f2-8e39-c02cd0049c19/ppg_review_C/evidence/final_deliverable_gate.json；C:/Users/DAWN/.codex/visualizations/2026/10/02/01a0fd78-b9b8-78f2-8e39-c02cd0049c19/ppg_review_C/evidence/skill_analyze/ppg_adc_async_stage_capture/；C:/Users/DAWN/.codex/visualizations/2026/10/02/01a0fd78-b9b8-78f2-8e39-c02cd0049c19/ppg_review_C/evidence/port_review_matrix.csv","目录门禁原始failed；门禁已实际评估；失败按规则计数记录，不代表通过"
"C","rtl/ppg_adc_async_stage_capture/ppg_adc_async_stage_capture.v","八门禁:naming","C10","完成","C:/Users/DAWN/.codex/visualizations/2026/10/02/01a0fd78-b9b8-78f2-8e39-c02cd0049c19/ppg_review_C/evidence/final_deliverable_gate.json；C:/Users/DAWN/.codex/visualizations/2026/10/02/01a0fd78-b9b8-78f2-8e39-c02cd0049c19/ppg_review_C/evidence/skill_analyze/ppg_adc_async_stage_capture/；C:/Users/DAWN/.codex/visualizations/2026/10/02/01a0fd78-b9b8-78f2-8e39-c02cd0049c19/ppg_review_C/evidence/port_review_matrix.csv","目录门禁原始failed；门禁已实际评估；失败按规则计数记录，不代表通过"
"C","rtl/ppg_adc_async_stage_capture/ppg_adc_async_stage_capture.v","八门禁:profile","C10","完成","C:/Users/DAWN/.codex/visualizations/2026/10/02/01a0fd78-b9b8-78f2-8e39-c02cd0049c19/ppg_review_C/evidence/final_deliverable_gate.json；C:/Users/DAWN/.codex/visualizations/2026/10/02/01a0fd78-b9b8-78f2-8e39-c02cd0049c19/ppg_review_C/evidence/skill_analyze/ppg_adc_async_stage_capture/；C:/Users/DAWN/.codex/visualizations/2026/10/02/01a0fd78-b9b8-78f2-8e39-c02cd0049c19/ppg_review_C/evidence/port_review_matrix.csv","目录门禁原始passed；门禁已实际评估；失败按规则计数记录，不代表通过"
"C","rtl/ppg_adc_async_stage_capture/ppg_adc_async_stage_capture.v","八门禁:testbench","C10","部分","C:/Users/DAWN/.codex/visualizations/2026/10/02/01a0fd78-b9b8-78f2-8e39-c02cd0049c19/ppg_review_C/evidence/final_deliverable_gate.json；C:/Users/DAWN/.codex/visualizations/2026/10/02/01a0fd78-b9b8-78f2-8e39-c02cd0049c19/ppg_review_C/evidence/skill_analyze/ppg_adc_async_stage_capture/；C:/Users/DAWN/.codex/visualizations/2026/10/02/01a0fd78-b9b8-78f2-8e39-c02cd0049c19/ppg_review_C/evidence/A_regression_C_scope_snapshot.json","目录门禁原始not_requested；完整运行及覆盖义务按TB/ID独立台账，既有缺口未修复"
"C","rtl/ppg_adc_async_stage_capture/ppg_adc_async_stage_capture.v","八门禁:toolchain","C10","部分","C:/Users/DAWN/.codex/visualizations/2026/10/02/01a0fd78-b9b8-78f2-8e39-c02cd0049c19/ppg_review_C/evidence/final_deliverable_gate.json；C:/Users/DAWN/.codex/visualizations/2026/10/02/01a0fd78-b9b8-78f2-8e39-c02cd0049c19/ppg_review_C/evidence/skill_analyze/ppg_adc_async_stage_capture/；C:/Users/DAWN/.codex/visualizations/2026/10/02/01a0fd78-b9b8-78f2-8e39-c02cd0049c19/ppg_review_C/evidence/port_review_matrix.csv","目录门禁原始not_requested；Icarus实际证据已有；Vivado xsim/综合、ASIC时序/CDC未验证"
"C","rtl/ppg_adc_s1_programmable_calibrator/tb_ppg_adc_s1_programmable_calibrator.v","全文语义/全部端口/复位/状态异常/握手/位宽/注释/TB有效性审阅","ADC C10..15；接口与数值逐项","完成","C:/Users/DAWN/.codex/visualizations/2026/10/02/01a0fd78-b9b8-78f2-8e39-c02cd0049c19/ppg_review_C/evidence/numeric_checkpoint_20261004.md；C:/Users/DAWN/.codex/visualizations/2026/10/02/01a0fd78-b9b8-78f2-8e39-c02cd0049c19/ppg_review_C/evidence/final_readonly_check.json","审阅完成，不等于修复、动态全覆盖或功能签核；发现/限度见最终报告"
"C","rtl/ppg_adc_s1_programmable_calibrator/tb_ppg_adc_s1_programmable_calibrator.v","同版本实际完整TB运行（由A管理）","ADC C10..15；接口与数值逐项","完成","C:/Users/DAWN/.codex/visualizations/2026/10/02/01a0fd78-b9b8-78f2-8e39-c02cd0049c19/ppg_review_C/evidence/A_regression_C_scope_snapshot.json；C:/Users/DAWN/.codex/visualizations/2026/10/02/01a0fd16-9489-7e50-a7b6-a1178fd92bf1/ppg_audit/evidence/compile/tb_ppg_adc_s1_programmable_calibrator/","运行完成仅支持已执行比较；日志无FAIL，数值和覆盖限度另列"
"C","rtl/ppg_adc_s1_programmable_calibrator/ppg_adc_s1_programmable_calibrator.v","全文语义/全部端口/复位/状态异常/握手/位宽/注释/TB有效性审阅","ADC C10..15；接口与数值逐项","完成","C:/Users/DAWN/.codex/visualizations/2026/10/02/01a0fd78-b9b8-78f2-8e39-c02cd0049c19/ppg_review_C/evidence/numeric_checkpoint_20261004.md；C:/Users/DAWN/.codex/visualizations/2026/10/02/01a0fd78-b9b8-78f2-8e39-c02cd0049c19/ppg_review_C/evidence/final_readonly_check.json","审阅完成，不等于修复、动态全覆盖或功能签核；发现/限度见最终报告"
"C","rtl/ppg_adc_s1_programmable_calibrator/ppg_adc_s1_programmable_calibrator.v","八门禁:compile","C11","完成","C:/Users/DAWN/.codex/visualizations/2026/10/02/01a0fd78-b9b8-78f2-8e39-c02cd0049c19/ppg_review_C/evidence/final_deliverable_gate.json；C:/Users/DAWN/.codex/visualizations/2026/10/02/01a0fd78-b9b8-78f2-8e39-c02cd0049c19/ppg_review_C/evidence/skill_analyze/ppg_adc_s1_programmable_calibrator/；C:/Users/DAWN/.codex/visualizations/2026/10/02/01a0fd78-b9b8-78f2-8e39-c02cd0049c19/ppg_review_C/evidence/port_review_matrix.csv","目录门禁原始passed；门禁已实际评估；失败按规则计数记录，不代表通过"
"C","rtl/ppg_adc_s1_programmable_calibrator/ppg_adc_s1_programmable_calibrator.v","八门禁:ast","C11","完成","C:/Users/DAWN/.codex/visualizations/2026/10/02/01a0fd78-b9b8-78f2-8e39-c02cd0049c19/ppg_review_C/evidence/final_deliverable_gate.json；C:/Users/DAWN/.codex/visualizations/2026/10/02/01a0fd78-b9b8-78f2-8e39-c02cd0049c19/ppg_review_C/evidence/skill_analyze/ppg_adc_s1_programmable_calibrator/；C:/Users/DAWN/.codex/visualizations/2026/10/02/01a0fd78-b9b8-78f2-8e39-c02cd0049c19/ppg_review_C/evidence/port_review_matrix.csv","目录门禁原始passed；门禁已实际评估；失败按规则计数记录，不代表通过"
"C","rtl/ppg_adc_s1_programmable_calibrator/ppg_adc_s1_programmable_calibrator.v","八门禁:readability","C11","完成","C:/Users/DAWN/.codex/visualizations/2026/10/02/01a0fd78-b9b8-78f2-8e39-c02cd0049c19/ppg_review_C/evidence/final_deliverable_gate.json；C:/Users/DAWN/.codex/visualizations/2026/10/02/01a0fd78-b9b8-78f2-8e39-c02cd0049c19/ppg_review_C/evidence/skill_analyze/ppg_adc_s1_programmable_calibrator/；C:/Users/DAWN/.codex/visualizations/2026/10/02/01a0fd78-b9b8-78f2-8e39-c02cd0049c19/ppg_review_C/evidence/port_review_matrix.csv","目录门禁原始failed；门禁已实际评估；失败按规则计数记录，不代表通过"
"C","rtl/ppg_adc_s1_programmable_calibrator/ppg_adc_s1_programmable_calibrator.v","八门禁:comment","C11","完成","C:/Users/DAWN/.codex/visualizations/2026/10/02/01a0fd78-b9b8-78f2-8e39-c02cd0049c19/ppg_review_C/evidence/final_deliverable_gate.json；C:/Users/DAWN/.codex/visualizations/2026/10/02/01a0fd78-b9b8-78f2-8e39-c02cd0049c19/ppg_review_C/evidence/skill_analyze/ppg_adc_s1_programmable_calibrator/；C:/Users/DAWN/.codex/visualizations/2026/10/02/01a0fd78-b9b8-78f2-8e39-c02cd0049c19/ppg_review_C/evidence/port_review_matrix.csv","目录门禁原始failed；门禁已实际评估；失败按规则计数记录，不代表通过"
"C","rtl/ppg_adc_s1_programmable_calibrator/ppg_adc_s1_programmable_calibrator.v","八门禁:naming","C11","完成","C:/Users/DAWN/.codex/visualizations/2026/10/02/01a0fd78-b9b8-78f2-8e39-c02cd0049c19/ppg_review_C/evidence/final_deliverable_gate.json；C:/Users/DAWN/.codex/visualizations/2026/10/02/01a0fd78-b9b8-78f2-8e39-c02cd0049c19/ppg_review_C/evidence/skill_analyze/ppg_adc_s1_programmable_calibrator/；C:/Users/DAWN/.codex/visualizations/2026/10/02/01a0fd78-b9b8-78f2-8e39-c02cd0049c19/ppg_review_C/evidence/port_review_matrix.csv","目录门禁原始failed；门禁已实际评估；失败按规则计数记录，不代表通过"
"C","rtl/ppg_adc_s1_programmable_calibrator/ppg_adc_s1_programmable_calibrator.v","八门禁:profile","C11","完成","C:/Users/DAWN/.codex/visualizations/2026/10/02/01a0fd78-b9b8-78f2-8e39-c02cd0049c19/ppg_review_C/evidence/final_deliverable_gate.json；C:/Users/DAWN/.codex/visualizations/2026/10/02/01a0fd78-b9b8-78f2-8e39-c02cd0049c19/ppg_review_C/evidence/skill_analyze/ppg_adc_s1_programmable_calibrator/；C:/Users/DAWN/.codex/visualizations/2026/10/02/01a0fd78-b9b8-78f2-8e39-c02cd0049c19/ppg_review_C/evidence/port_review_matrix.csv","目录门禁原始passed；门禁已实际评估；失败按规则计数记录，不代表通过"
"C","rtl/ppg_adc_s1_programmable_calibrator/ppg_adc_s1_programmable_calibrator.v","八门禁:testbench","C11","部分","C:/Users/DAWN/.codex/visualizations/2026/10/02/01a0fd78-b9b8-78f2-8e39-c02cd0049c19/ppg_review_C/evidence/final_deliverable_gate.json；C:/Users/DAWN/.codex/visualizations/2026/10/02/01a0fd78-b9b8-78f2-8e39-c02cd0049c19/ppg_review_C/evidence/skill_analyze/ppg_adc_s1_programmable_calibrator/；C:/Users/DAWN/.codex/visualizations/2026/10/02/01a0fd78-b9b8-78f2-8e39-c02cd0049c19/ppg_review_C/evidence/A_regression_C_scope_snapshot.json","目录门禁原始not_requested；完整运行及覆盖义务按TB/ID独立台账，既有缺口未修复"
"C","rtl/ppg_adc_s1_programmable_calibrator/ppg_adc_s1_programmable_calibrator.v","八门禁:toolchain","C11","部分","C:/Users/DAWN/.codex/visualizations/2026/10/02/01a0fd78-b9b8-78f2-8e39-c02cd0049c19/ppg_review_C/evidence/final_deliverable_gate.json；C:/Users/DAWN/.codex/visualizations/2026/10/02/01a0fd78-b9b8-78f2-8e39-c02cd0049c19/ppg_review_C/evidence/skill_analyze/ppg_adc_s1_programmable_calibrator/；C:/Users/DAWN/.codex/visualizations/2026/10/02/01a0fd78-b9b8-78f2-8e39-c02cd0049c19/ppg_review_C/evidence/port_review_matrix.csv","目录门禁原始not_requested；Icarus实际证据已有；Vivado xsim/综合、ASIC时序/CDC未验证"
"C","rtl/ppg_adc_dc_recovery/tb_ppg_adc_dc_recovery.v","全文语义/全部端口/复位/状态异常/握手/位宽/注释/TB有效性审阅","ADC C10..15；接口与数值逐项","完成","C:/Users/DAWN/.codex/visualizations/2026/10/02/01a0fd78-b9b8-78f2-8e39-c02cd0049c19/ppg_review_C/evidence/adc_tail_review.md；C:/Users/DAWN/.codex/visualizations/2026/10/02/01a0fd78-b9b8-78f2-8e39-c02cd0049c19/ppg_review_C/evidence/final_readonly_check.json","审阅完成，不等于修复、动态全覆盖或功能签核；发现/限度见最终报告"
"C","rtl/ppg_adc_dc_recovery/tb_ppg_adc_dc_recovery.v","同版本实际完整TB运行（由A管理）","ADC C10..15；接口与数值逐项","完成","C:/Users/DAWN/.codex/visualizations/2026/10/02/01a0fd78-b9b8-78f2-8e39-c02cd0049c19/ppg_review_C/evidence/A_regression_C_scope_snapshot.json；C:/Users/DAWN/.codex/visualizations/2026/10/02/01a0fd16-9489-7e50-a7b6-a1178fd92bf1/ppg_audit/evidence/compile/tb_ppg_adc_dc_recovery/","运行完成仅支持已执行比较；日志无FAIL，数值和覆盖限度另列"
"C","rtl/ppg_adc_dc_recovery/ppg_adc_dc_recovery.v","全文语义/全部端口/复位/状态异常/握手/位宽/注释/TB有效性审阅","ADC C10..15；接口与数值逐项","完成","C:/Users/DAWN/.codex/visualizations/2026/10/02/01a0fd78-b9b8-78f2-8e39-c02cd0049c19/ppg_review_C/evidence/adc_tail_review.md；C:/Users/DAWN/.codex/visualizations/2026/10/02/01a0fd78-b9b8-78f2-8e39-c02cd0049c19/ppg_review_C/evidence/final_readonly_check.json","审阅完成，不等于修复、动态全覆盖或功能签核；发现/限度见最终报告"
"C","rtl/ppg_adc_dc_recovery/ppg_adc_dc_recovery.v","八门禁:compile","C15","完成","C:/Users/DAWN/.codex/visualizations/2026/10/02/01a0fd78-b9b8-78f2-8e39-c02cd0049c19/ppg_review_C/evidence/final_deliverable_gate.json；C:/Users/DAWN/.codex/visualizations/2026/10/02/01a0fd78-b9b8-78f2-8e39-c02cd0049c19/ppg_review_C/evidence/skill_analyze/ppg_adc_dc_recovery/；C:/Users/DAWN/.codex/visualizations/2026/10/02/01a0fd78-b9b8-78f2-8e39-c02cd0049c19/ppg_review_C/evidence/port_review_matrix.csv","目录门禁原始passed；门禁已实际评估；失败按规则计数记录，不代表通过"
"C","rtl/ppg_adc_dc_recovery/ppg_adc_dc_recovery.v","八门禁:ast","C15","完成","C:/Users/DAWN/.codex/visualizations/2026/10/02/01a0fd78-b9b8-78f2-8e39-c02cd0049c19/ppg_review_C/evidence/final_deliverable_gate.json；C:/Users/DAWN/.codex/visualizations/2026/10/02/01a0fd78-b9b8-78f2-8e39-c02cd0049c19/ppg_review_C/evidence/skill_analyze/ppg_adc_dc_recovery/；C:/Users/DAWN/.codex/visualizations/2026/10/02/01a0fd78-b9b8-78f2-8e39-c02cd0049c19/ppg_review_C/evidence/port_review_matrix.csv","目录门禁原始passed；门禁已实际评估；失败按规则计数记录，不代表通过"
"C","rtl/ppg_adc_dc_recovery/ppg_adc_dc_recovery.v","八门禁:readability","C15","完成","C:/Users/DAWN/.codex/visualizations/2026/10/02/01a0fd78-b9b8-78f2-8e39-c02cd0049c19/ppg_review_C/evidence/final_deliverable_gate.json；C:/Users/DAWN/.codex/visualizations/2026/10/02/01a0fd78-b9b8-78f2-8e39-c02cd0049c19/ppg_review_C/evidence/skill_analyze/ppg_adc_dc_recovery/；C:/Users/DAWN/.codex/visualizations/2026/10/02/01a0fd78-b9b8-78f2-8e39-c02cd0049c19/ppg_review_C/evidence/port_review_matrix.csv","目录门禁原始failed；门禁已实际评估；失败按规则计数记录，不代表通过"
"C","rtl/ppg_adc_dc_recovery/ppg_adc_dc_recovery.v","八门禁:comment","C15","完成","C:/Users/DAWN/.codex/visualizations/2026/10/02/01a0fd78-b9b8-78f2-8e39-c02cd0049c19/ppg_review_C/evidence/final_deliverable_gate.json；C:/Users/DAWN/.codex/visualizations/2026/10/02/01a0fd78-b9b8-78f2-8e39-c02cd0049c19/ppg_review_C/evidence/skill_analyze/ppg_adc_dc_recovery/；C:/Users/DAWN/.codex/visualizations/2026/10/02/01a0fd78-b9b8-78f2-8e39-c02cd0049c19/ppg_review_C/evidence/port_review_matrix.csv","目录门禁原始failed；门禁已实际评估；失败按规则计数记录，不代表通过"
"C","rtl/ppg_adc_dc_recovery/ppg_adc_dc_recovery.v","八门禁:naming","C15","完成","C:/Users/DAWN/.codex/visualizations/2026/10/02/01a0fd78-b9b8-78f2-8e39-c02cd0049c19/ppg_review_C/evidence/final_deliverable_gate.json；C:/Users/DAWN/.codex/visualizations/2026/10/02/01a0fd78-b9b8-78f2-8e39-c02cd0049c19/ppg_review_C/evidence/skill_analyze/ppg_adc_dc_recovery/；C:/Users/DAWN/.codex/visualizations/2026/10/02/01a0fd78-b9b8-78f2-8e39-c02cd0049c19/ppg_review_C/evidence/port_review_matrix.csv","目录门禁原始failed；门禁已实际评估；失败按规则计数记录，不代表通过"
"C","rtl/ppg_adc_dc_recovery/ppg_adc_dc_recovery.v","八门禁:profile","C15","完成","C:/Users/DAWN/.codex/visualizations/2026/10/02/01a0fd78-b9b8-78f2-8e39-c02cd0049c19/ppg_review_C/evidence/final_deliverable_gate.json；C:/Users/DAWN/.codex/visualizations/2026/10/02/01a0fd78-b9b8-78f2-8e39-c02cd0049c19/ppg_review_C/evidence/skill_analyze/ppg_adc_dc_recovery/；C:/Users/DAWN/.codex/visualizations/2026/10/02/01a0fd78-b9b8-78f2-8e39-c02cd0049c19/ppg_review_C/evidence/port_review_matrix.csv","目录门禁原始passed；门禁已实际评估；失败按规则计数记录，不代表通过"
"C","rtl/ppg_adc_dc_recovery/ppg_adc_dc_recovery.v","八门禁:testbench","C15","部分","C:/Users/DAWN/.codex/visualizations/2026/10/02/01a0fd78-b9b8-78f2-8e39-c02cd0049c19/ppg_review_C/evidence/final_deliverable_gate.json；C:/Users/DAWN/.codex/visualizations/2026/10/02/01a0fd78-b9b8-78f2-8e39-c02cd0049c19/ppg_review_C/evidence/skill_analyze/ppg_adc_dc_recovery/；C:/Users/DAWN/.codex/visualizations/2026/10/02/01a0fd78-b9b8-78f2-8e39-c02cd0049c19/ppg_review_C/evidence/A_regression_C_scope_snapshot.json","目录门禁原始not_requested；完整运行及覆盖义务按TB/ID独立台账，既有缺口未修复"
"C","rtl/ppg_adc_dc_recovery/ppg_adc_dc_recovery.v","八门禁:toolchain","C15","部分","C:/Users/DAWN/.codex/visualizations/2026/10/02/01a0fd78-b9b8-78f2-8e39-c02cd0049c19/ppg_review_C/evidence/final_deliverable_gate.json；C:/Users/DAWN/.codex/visualizations/2026/10/02/01a0fd78-b9b8-78f2-8e39-c02cd0049c19/ppg_review_C/evidence/skill_analyze/ppg_adc_dc_recovery/；C:/Users/DAWN/.codex/visualizations/2026/10/02/01a0fd78-b9b8-78f2-8e39-c02cd0049c19/ppg_review_C/evidence/port_review_matrix.csv","目录门禁原始not_requested；Icarus实际证据已有；Vivado xsim/综合、ASIC时序/CDC未验证"
"C","rtl/ppg_adc_result_router/tb_ppg_adc_result_router.v","全文语义/全部端口/复位/状态异常/握手/位宽/注释/TB有效性审阅","ADC C10..15；接口与数值逐项","完成","C:/Users/DAWN/.codex/visualizations/2026/10/02/01a0fd78-b9b8-78f2-8e39-c02cd0049c19/ppg_review_C/evidence/numeric_checkpoint_20261004.md；C:/Users/DAWN/.codex/visualizations/2026/10/02/01a0fd78-b9b8-78f2-8e39-c02cd0049c19/ppg_review_C/evidence/final_readonly_check.json","审阅完成，不等于修复、动态全覆盖或功能签核；发现/限度见最终报告"
"C","rtl/ppg_adc_result_router/tb_ppg_adc_result_router.v","同版本实际完整TB运行（由A管理）","ADC C10..15；接口与数值逐项","完成","C:/Users/DAWN/.codex/visualizations/2026/10/02/01a0fd78-b9b8-78f2-8e39-c02cd0049c19/ppg_review_C/evidence/A_regression_C_scope_snapshot.json；C:/Users/DAWN/.codex/visualizations/2026/10/02/01a0fd16-9489-7e50-a7b6-a1178fd92bf1/ppg_audit/evidence/compile/tb_ppg_adc_result_router/","运行完成仅支持已执行比较；日志无FAIL，数值和覆盖限度另列"
"C","rtl/ppg_adc_result_router/ppg_adc_result_router.v","全文语义/全部端口/复位/状态异常/握手/位宽/注释/TB有效性审阅","ADC C10..15；接口与数值逐项","完成","C:/Users/DAWN/.codex/visualizations/2026/10/02/01a0fd78-b9b8-78f2-8e39-c02cd0049c19/ppg_review_C/evidence/numeric_checkpoint_20261004.md；C:/Users/DAWN/.codex/visualizations/2026/10/02/01a0fd78-b9b8-78f2-8e39-c02cd0049c19/ppg_review_C/evidence/final_readonly_check.json","审阅完成，不等于修复、动态全覆盖或功能签核；发现/限度见最终报告"
"C","rtl/ppg_adc_result_router/ppg_adc_result_router.v","八门禁:compile","C12/C13","完成","C:/Users/DAWN/.codex/visualizations/2026/10/02/01a0fd78-b9b8-78f2-8e39-c02cd0049c19/ppg_review_C/evidence/final_deliverable_gate.json；C:/Users/DAWN/.codex/visualizations/2026/10/02/01a0fd78-b9b8-78f2-8e39-c02cd0049c19/ppg_review_C/evidence/skill_analyze/ppg_adc_result_router/；C:/Users/DAWN/.codex/visualizations/2026/10/02/01a0fd78-b9b8-78f2-8e39-c02cd0049c19/ppg_review_C/evidence/port_review_matrix.csv","目录门禁原始passed；门禁已实际评估；失败按规则计数记录，不代表通过"
"C","rtl/ppg_adc_result_router/ppg_adc_result_router.v","八门禁:ast","C12/C13","完成","C:/Users/DAWN/.codex/visualizations/2026/10/02/01a0fd78-b9b8-78f2-8e39-c02cd0049c19/ppg_review_C/evidence/final_deliverable_gate.json；C:/Users/DAWN/.codex/visualizations/2026/10/02/01a0fd78-b9b8-78f2-8e39-c02cd0049c19/ppg_review_C/evidence/skill_analyze/ppg_adc_result_router/；C:/Users/DAWN/.codex/visualizations/2026/10/02/01a0fd78-b9b8-78f2-8e39-c02cd0049c19/ppg_review_C/evidence/port_review_matrix.csv","目录门禁原始passed；门禁已实际评估；失败按规则计数记录，不代表通过"
"C","rtl/ppg_adc_result_router/ppg_adc_result_router.v","八门禁:readability","C12/C13","完成","C:/Users/DAWN/.codex/visualizations/2026/10/02/01a0fd78-b9b8-78f2-8e39-c02cd0049c19/ppg_review_C/evidence/final_deliverable_gate.json；C:/Users/DAWN/.codex/visualizations/2026/10/02/01a0fd78-b9b8-78f2-8e39-c02cd0049c19/ppg_review_C/evidence/skill_analyze/ppg_adc_result_router/；C:/Users/DAWN/.codex/visualizations/2026/10/02/01a0fd78-b9b8-78f2-8e39-c02cd0049c19/ppg_review_C/evidence/port_review_matrix.csv","目录门禁原始failed；门禁已实际评估；失败按规则计数记录，不代表通过"
"C","rtl/ppg_adc_result_router/ppg_adc_result_router.v","八门禁:comment","C12/C13","完成","C:/Users/DAWN/.codex/visualizations/2026/10/02/01a0fd78-b9b8-78f2-8e39-c02cd0049c19/ppg_review_C/evidence/final_deliverable_gate.json；C:/Users/DAWN/.codex/visualizations/2026/10/02/01a0fd78-b9b8-78f2-8e39-c02cd0049c19/ppg_review_C/evidence/skill_analyze/ppg_adc_result_router/；C:/Users/DAWN/.codex/visualizations/2026/10/02/01a0fd78-b9b8-78f2-8e39-c02cd0049c19/ppg_review_C/evidence/port_review_matrix.csv","目录门禁原始failed；门禁已实际评估；失败按规则计数记录，不代表通过"
"C","rtl/ppg_adc_result_router/ppg_adc_result_router.v","八门禁:naming","C12/C13","完成","C:/Users/DAWN/.codex/visualizations/2026/10/02/01a0fd78-b9b8-78f2-8e39-c02cd0049c19/ppg_review_C/evidence/final_deliverable_gate.json；C:/Users/DAWN/.codex/visualizations/2026/10/02/01a0fd78-b9b8-78f2-8e39-c02cd0049c19/ppg_review_C/evidence/skill_analyze/ppg_adc_result_router/；C:/Users/DAWN/.codex/visualizations/2026/10/02/01a0fd78-b9b8-78f2-8e39-c02cd0049c19/ppg_review_C/evidence/port_review_matrix.csv","目录门禁原始failed；门禁已实际评估；失败按规则计数记录，不代表通过"
"C","rtl/ppg_adc_result_router/ppg_adc_result_router.v","八门禁:profile","C12/C13","完成","C:/Users/DAWN/.codex/visualizations/2026/10/02/01a0fd78-b9b8-78f2-8e39-c02cd0049c19/ppg_review_C/evidence/final_deliverable_gate.json；C:/Users/DAWN/.codex/visualizations/2026/10/02/01a0fd78-b9b8-78f2-8e39-c02cd0049c19/ppg_review_C/evidence/skill_analyze/ppg_adc_result_router/；C:/Users/DAWN/.codex/visualizations/2026/10/02/01a0fd78-b9b8-78f2-8e39-c02cd0049c19/ppg_review_C/evidence/port_review_matrix.csv","目录门禁原始passed；门禁已实际评估；失败按规则计数记录，不代表通过"
"C","rtl/ppg_adc_result_router/ppg_adc_result_router.v","八门禁:testbench","C12/C13","部分","C:/Users/DAWN/.codex/visualizations/2026/10/02/01a0fd78-b9b8-78f2-8e39-c02cd0049c19/ppg_review_C/evidence/final_deliverable_gate.json；C:/Users/DAWN/.codex/visualizations/2026/10/02/01a0fd78-b9b8-78f2-8e39-c02cd0049c19/ppg_review_C/evidence/skill_analyze/ppg_adc_result_router/；C:/Users/DAWN/.codex/visualizations/2026/10/02/01a0fd78-b9b8-78f2-8e39-c02cd0049c19/ppg_review_C/evidence/A_regression_C_scope_snapshot.json","目录门禁原始not_requested；完整运行及覆盖义务按TB/ID独立台账，既有缺口未修复"
"C","rtl/ppg_adc_result_router/ppg_adc_result_router.v","八门禁:toolchain","C12/C13","部分","C:/Users/DAWN/.codex/visualizations/2026/10/02/01a0fd78-b9b8-78f2-8e39-c02cd0049c19/ppg_review_C/evidence/final_deliverable_gate.json；C:/Users/DAWN/.codex/visualizations/2026/10/02/01a0fd78-b9b8-78f2-8e39-c02cd0049c19/ppg_review_C/evidence/skill_analyze/ppg_adc_result_router/；C:/Users/DAWN/.codex/visualizations/2026/10/02/01a0fd78-b9b8-78f2-8e39-c02cd0049c19/ppg_review_C/evidence/port_review_matrix.csv","目录门禁原始not_requested；Icarus实际证据已有；Vivado xsim/综合、ASIC时序/CDC未验证"
"C","rtl/ppg_adc_programmable_reconstructor/tb_ppg_adc_programmable_reconstructor.v","全文语义/全部端口/复位/状态异常/握手/位宽/注释/TB有效性审阅","ADC C10..15；接口与数值逐项","完成","C:/Users/DAWN/.codex/visualizations/2026/10/02/01a0fd78-b9b8-78f2-8e39-c02cd0049c19/ppg_review_C/evidence/adc_tail_review.md；C:/Users/DAWN/.codex/visualizations/2026/10/02/01a0fd78-b9b8-78f2-8e39-c02cd0049c19/ppg_review_C/evidence/final_readonly_check.json","审阅完成，不等于修复、动态全覆盖或功能签核；发现/限度见最终报告"
"C","rtl/ppg_adc_programmable_reconstructor/tb_ppg_adc_programmable_reconstructor.v","同版本实际完整TB运行（由A管理）","ADC C10..15；接口与数值逐项","完成","C:/Users/DAWN/.codex/visualizations/2026/10/02/01a0fd78-b9b8-78f2-8e39-c02cd0049c19/ppg_review_C/evidence/A_regression_C_scope_snapshot.json；C:/Users/DAWN/.codex/visualizations/2026/10/02/01a0fd16-9489-7e50-a7b6-a1178fd92bf1/ppg_audit/evidence/compile/tb_ppg_adc_programmable_reconstructor/","运行完成仅支持已执行比较；日志无FAIL，数值和覆盖限度另列"
"C","rtl/ppg_adc_programmable_reconstructor/ppg_adc_programmable_reconstructor.v","全文语义/全部端口/复位/状态异常/握手/位宽/注释/TB有效性审阅","ADC C10..15；接口与数值逐项","完成","C:/Users/DAWN/.codex/visualizations/2026/10/02/01a0fd78-b9b8-78f2-8e39-c02cd0049c19/ppg_review_C/evidence/adc_tail_review.md；C:/Users/DAWN/.codex/visualizations/2026/10/02/01a0fd78-b9b8-78f2-8e39-c02cd0049c19/ppg_review_C/evidence/final_readonly_check.json","审阅完成，不等于修复、动态全覆盖或功能签核；发现/限度见最终报告"
"C","rtl/ppg_adc_programmable_reconstructor/ppg_adc_programmable_reconstructor.v","八门禁:compile","C14","完成","C:/Users/DAWN/.codex/visualizations/2026/10/02/01a0fd78-b9b8-78f2-8e39-c02cd0049c19/ppg_review_C/evidence/final_deliverable_gate.json；C:/Users/DAWN/.codex/visualizations/2026/10/02/01a0fd78-b9b8-78f2-8e39-c02cd0049c19/ppg_review_C/evidence/skill_analyze/ppg_adc_programmable_reconstructor/；C:/Users/DAWN/.codex/visualizations/2026/10/02/01a0fd78-b9b8-78f2-8e39-c02cd0049c19/ppg_review_C/evidence/port_review_matrix.csv","目录门禁原始passed；门禁已实际评估；失败按规则计数记录，不代表通过"
"C","rtl/ppg_adc_programmable_reconstructor/ppg_adc_programmable_reconstructor.v","八门禁:ast","C14","完成","C:/Users/DAWN/.codex/visualizations/2026/10/02/01a0fd78-b9b8-78f2-8e39-c02cd0049c19/ppg_review_C/evidence/final_deliverable_gate.json；C:/Users/DAWN/.codex/visualizations/2026/10/02/01a0fd78-b9b8-78f2-8e39-c02cd0049c19/ppg_review_C/evidence/skill_analyze/ppg_adc_programmable_reconstructor/；C:/Users/DAWN/.codex/visualizations/2026/10/02/01a0fd78-b9b8-78f2-8e39-c02cd0049c19/ppg_review_C/evidence/port_review_matrix.csv","目录门禁原始passed；门禁已实际评估；失败按规则计数记录，不代表通过"
"C","rtl/ppg_adc_programmable_reconstructor/ppg_adc_programmable_reconstructor.v","八门禁:readability","C14","完成","C:/Users/DAWN/.codex/visualizations/2026/10/02/01a0fd78-b9b8-78f2-8e39-c02cd0049c19/ppg_review_C/evidence/final_deliverable_gate.json；C:/Users/DAWN/.codex/visualizations/2026/10/02/01a0fd78-b9b8-78f2-8e39-c02cd0049c19/ppg_review_C/evidence/skill_analyze/ppg_adc_programmable_reconstructor/；C:/Users/DAWN/.codex/visualizations/2026/10/02/01a0fd78-b9b8-78f2-8e39-c02cd0049c19/ppg_review_C/evidence/port_review_matrix.csv","目录门禁原始failed；门禁已实际评估；失败按规则计数记录，不代表通过"
"C","rtl/ppg_adc_programmable_reconstructor/ppg_adc_programmable_reconstructor.v","八门禁:comment","C14","完成","C:/Users/DAWN/.codex/visualizations/2026/10/02/01a0fd78-b9b8-78f2-8e39-c02cd0049c19/ppg_review_C/evidence/final_deliverable_gate.json；C:/Users/DAWN/.codex/visualizations/2026/10/02/01a0fd78-b9b8-78f2-8e39-c02cd0049c19/ppg_review_C/evidence/skill_analyze/ppg_adc_programmable_reconstructor/；C:/Users/DAWN/.codex/visualizations/2026/10/02/01a0fd78-b9b8-78f2-8e39-c02cd0049c19/ppg_review_C/evidence/port_review_matrix.csv","目录门禁原始failed；门禁已实际评估；失败按规则计数记录，不代表通过"
"C","rtl/ppg_adc_programmable_reconstructor/ppg_adc_programmable_reconstructor.v","八门禁:naming","C14","完成","C:/Users/DAWN/.codex/visualizations/2026/10/02/01a0fd78-b9b8-78f2-8e39-c02cd0049c19/ppg_review_C/evidence/final_deliverable_gate.json；C:/Users/DAWN/.codex/visualizations/2026/10/02/01a0fd78-b9b8-78f2-8e39-c02cd0049c19/ppg_review_C/evidence/skill_analyze/ppg_adc_programmable_reconstructor/；C:/Users/DAWN/.codex/visualizations/2026/10/02/01a0fd78-b9b8-78f2-8e39-c02cd0049c19/ppg_review_C/evidence/port_review_matrix.csv","目录门禁原始failed；门禁已实际评估；失败按规则计数记录，不代表通过"
"C","rtl/ppg_adc_programmable_reconstructor/ppg_adc_programmable_reconstructor.v","八门禁:profile","C14","完成","C:/Users/DAWN/.codex/visualizations/2026/10/02/01a0fd78-b9b8-78f2-8e39-c02cd0049c19/ppg_review_C/evidence/final_deliverable_gate.json；C:/Users/DAWN/.codex/visualizations/2026/10/02/01a0fd78-b9b8-78f2-8e39-c02cd0049c19/ppg_review_C/evidence/skill_analyze/ppg_adc_programmable_reconstructor/；C:/Users/DAWN/.codex/visualizations/2026/10/02/01a0fd78-b9b8-78f2-8e39-c02cd0049c19/ppg_review_C/evidence/port_review_matrix.csv","目录门禁原始passed；门禁已实际评估；失败按规则计数记录，不代表通过"
"C","rtl/ppg_adc_programmable_reconstructor/ppg_adc_programmable_reconstructor.v","八门禁:testbench","C14","部分","C:/Users/DAWN/.codex/visualizations/2026/10/02/01a0fd78-b9b8-78f2-8e39-c02cd0049c19/ppg_review_C/evidence/final_deliverable_gate.json；C:/Users/DAWN/.codex/visualizations/2026/10/02/01a0fd78-b9b8-78f2-8e39-c02cd0049c19/ppg_review_C/evidence/skill_analyze/ppg_adc_programmable_reconstructor/；C:/Users/DAWN/.codex/visualizations/2026/10/02/01a0fd78-b9b8-78f2-8e39-c02cd0049c19/ppg_review_C/evidence/A_regression_C_scope_snapshot.json","目录门禁原始not_requested；完整运行及覆盖义务按TB/ID独立台账，既有缺口未修复"
"C","rtl/ppg_adc_programmable_reconstructor/ppg_adc_programmable_reconstructor.v","八门禁:toolchain","C14","部分","C:/Users/DAWN/.codex/visualizations/2026/10/02/01a0fd78-b9b8-78f2-8e39-c02cd0049c19/ppg_review_C/evidence/final_deliverable_gate.json；C:/Users/DAWN/.codex/visualizations/2026/10/02/01a0fd78-b9b8-78f2-8e39-c02cd0049c19/ppg_review_C/evidence/skill_analyze/ppg_adc_programmable_reconstructor/；C:/Users/DAWN/.codex/visualizations/2026/10/02/01a0fd78-b9b8-78f2-8e39-c02cd0049c19/ppg_review_C/evidence/port_review_matrix.csv","目录门禁原始not_requested；Icarus实际证据已有；Vivado xsim/综合、ASIC时序/CDC未验证"
"C","rtl/ppg_adc_s1_redundancy_corrector/tb_ppg_adc_s1_redundancy_corrector.v","全文语义/全部端口/复位/状态异常/握手/位宽/注释/TB有效性审阅","ADC C10..15；接口与数值逐项","完成","C:/Users/DAWN/.codex/visualizations/2026/10/02/01a0fd78-b9b8-78f2-8e39-c02cd0049c19/ppg_review_C/evidence/numeric_checkpoint_20261004.md；C:/Users/DAWN/.codex/visualizations/2026/10/02/01a0fd78-b9b8-78f2-8e39-c02cd0049c19/ppg_review_C/evidence/final_readonly_check.json","审阅完成，不等于修复、动态全覆盖或功能签核；发现/限度见最终报告"
"C","rtl/ppg_adc_s1_redundancy_corrector/tb_ppg_adc_s1_redundancy_corrector.v","同版本实际完整TB运行（由A管理）","ADC C10..15；接口与数值逐项","完成","C:/Users/DAWN/.codex/visualizations/2026/10/02/01a0fd78-b9b8-78f2-8e39-c02cd0049c19/ppg_review_C/evidence/A_regression_C_scope_snapshot.json；C:/Users/DAWN/.codex/visualizations/2026/10/02/01a0fd16-9489-7e50-a7b6-a1178fd92bf1/ppg_audit/evidence/compile/tb_ppg_adc_s1_redundancy_corrector/","运行完成仅支持已执行比较；日志无FAIL，数值和覆盖限度另列"
"C","rtl/ppg_adc_s1_redundancy_corrector/ppg_adc_s1_redundancy_corrector.v","全文语义/全部端口/复位/状态异常/握手/位宽/注释/TB有效性审阅","ADC C10..15；接口与数值逐项","完成","C:/Users/DAWN/.codex/visualizations/2026/10/02/01a0fd78-b9b8-78f2-8e39-c02cd0049c19/ppg_review_C/evidence/numeric_checkpoint_20261004.md；C:/Users/DAWN/.codex/visualizations/2026/10/02/01a0fd78-b9b8-78f2-8e39-c02cd0049c19/ppg_review_C/evidence/final_readonly_check.json","审阅完成，不等于修复、动态全覆盖或功能签核；发现/限度见最终报告"
"C","rtl/ppg_adc_s1_redundancy_corrector/ppg_adc_s1_redundancy_corrector.v","八门禁:compile","C10/C11","完成","C:/Users/DAWN/.codex/visualizations/2026/10/02/01a0fd78-b9b8-78f2-8e39-c02cd0049c19/ppg_review_C/evidence/final_deliverable_gate.json；C:/Users/DAWN/.codex/visualizations/2026/10/02/01a0fd78-b9b8-78f2-8e39-c02cd0049c19/ppg_review_C/evidence/skill_analyze/ppg_adc_s1_redundancy_corrector/；C:/Users/DAWN/.codex/visualizations/2026/10/02/01a0fd78-b9b8-78f2-8e39-c02cd0049c19/ppg_review_C/evidence/port_review_matrix.csv","目录门禁原始passed；门禁已实际评估；失败按规则计数记录，不代表通过"
"C","rtl/ppg_adc_s1_redundancy_corrector/ppg_adc_s1_redundancy_corrector.v","八门禁:ast","C10/C11","完成","C:/Users/DAWN/.codex/visualizations/2026/10/02/01a0fd78-b9b8-78f2-8e39-c02cd0049c19/ppg_review_C/evidence/final_deliverable_gate.json；C:/Users/DAWN/.codex/visualizations/2026/10/02/01a0fd78-b9b8-78f2-8e39-c02cd0049c19/ppg_review_C/evidence/skill_analyze/ppg_adc_s1_redundancy_corrector/；C:/Users/DAWN/.codex/visualizations/2026/10/02/01a0fd78-b9b8-78f2-8e39-c02cd0049c19/ppg_review_C/evidence/port_review_matrix.csv","目录门禁原始passed；门禁已实际评估；失败按规则计数记录，不代表通过"
"C","rtl/ppg_adc_s1_redundancy_corrector/ppg_adc_s1_redundancy_corrector.v","八门禁:readability","C10/C11","完成","C:/Users/DAWN/.codex/visualizations/2026/10/02/01a0fd78-b9b8-78f2-8e39-c02cd0049c19/ppg_review_C/evidence/final_deliverable_gate.json；C:/Users/DAWN/.codex/visualizations/2026/10/02/01a0fd78-b9b8-78f2-8e39-c02cd0049c19/ppg_review_C/evidence/skill_analyze/ppg_adc_s1_redundancy_corrector/；C:/Users/DAWN/.codex/visualizations/2026/10/02/01a0fd78-b9b8-78f2-8e39-c02cd0049c19/ppg_review_C/evidence/port_review_matrix.csv","目录门禁原始failed；门禁已实际评估；失败按规则计数记录，不代表通过"
"C","rtl/ppg_adc_s1_redundancy_corrector/ppg_adc_s1_redundancy_corrector.v","八门禁:comment","C10/C11","完成","C:/Users/DAWN/.codex/visualizations/2026/10/02/01a0fd78-b9b8-78f2-8e39-c02cd0049c19/ppg_review_C/evidence/final_deliverable_gate.json；C:/Users/DAWN/.codex/visualizations/2026/10/02/01a0fd78-b9b8-78f2-8e39-c02cd0049c19/ppg_review_C/evidence/skill_analyze/ppg_adc_s1_redundancy_corrector/；C:/Users/DAWN/.codex/visualizations/2026/10/02/01a0fd78-b9b8-78f2-8e39-c02cd0049c19/ppg_review_C/evidence/port_review_matrix.csv","目录门禁原始failed；门禁已实际评估；失败按规则计数记录，不代表通过"
"C","rtl/ppg_adc_s1_redundancy_corrector/ppg_adc_s1_redundancy_corrector.v","八门禁:naming","C10/C11","完成","C:/Users/DAWN/.codex/visualizations/2026/10/02/01a0fd78-b9b8-78f2-8e39-c02cd0049c19/ppg_review_C/evidence/final_deliverable_gate.json；C:/Users/DAWN/.codex/visualizations/2026/10/02/01a0fd78-b9b8-78f2-8e39-c02cd0049c19/ppg_review_C/evidence/skill_analyze/ppg_adc_s1_redundancy_corrector/；C:/Users/DAWN/.codex/visualizations/2026/10/02/01a0fd78-b9b8-78f2-8e39-c02cd0049c19/ppg_review_C/evidence/port_review_matrix.csv","目录门禁原始failed；门禁已实际评估；失败按规则计数记录，不代表通过"
"C","rtl/ppg_adc_s1_redundancy_corrector/ppg_adc_s1_redundancy_corrector.v","八门禁:profile","C10/C11","完成","C:/Users/DAWN/.codex/visualizations/2026/10/02/01a0fd78-b9b8-78f2-8e39-c02cd0049c19/ppg_review_C/evidence/final_deliverable_gate.json；C:/Users/DAWN/.codex/visualizations/2026/10/02/01a0fd78-b9b8-78f2-8e39-c02cd0049c19/ppg_review_C/evidence/skill_analyze/ppg_adc_s1_redundancy_corrector/；C:/Users/DAWN/.codex/visualizations/2026/10/02/01a0fd78-b9b8-78f2-8e39-c02cd0049c19/ppg_review_C/evidence/port_review_matrix.csv","目录门禁原始passed；门禁已实际评估；失败按规则计数记录，不代表通过"
"C","rtl/ppg_adc_s1_redundancy_corrector/ppg_adc_s1_redundancy_corrector.v","八门禁:testbench","C10/C11","部分","C:/Users/DAWN/.codex/visualizations/2026/10/02/01a0fd78-b9b8-78f2-8e39-c02cd0049c19/ppg_review_C/evidence/final_deliverable_gate.json；C:/Users/DAWN/.codex/visualizations/2026/10/02/01a0fd78-b9b8-78f2-8e39-c02cd0049c19/ppg_review_C/evidence/skill_analyze/ppg_adc_s1_redundancy_corrector/；C:/Users/DAWN/.codex/visualizations/2026/10/02/01a0fd78-b9b8-78f2-8e39-c02cd0049c19/ppg_review_C/evidence/A_regression_C_scope_snapshot.json","目录门禁原始not_requested；完整运行及覆盖义务按TB/ID独立台账，既有缺口未修复"
"C","rtl/ppg_adc_s1_redundancy_corrector/ppg_adc_s1_redundancy_corrector.v","八门禁:toolchain","C10/C11","部分","C:/Users/DAWN/.codex/visualizations/2026/10/02/01a0fd78-b9b8-78f2-8e39-c02cd0049c19/ppg_review_C/evidence/final_deliverable_gate.json；C:/Users/DAWN/.codex/visualizations/2026/10/02/01a0fd78-b9b8-78f2-8e39-c02cd0049c19/ppg_review_C/evidence/skill_analyze/ppg_adc_s1_redundancy_corrector/；C:/Users/DAWN/.codex/visualizations/2026/10/02/01a0fd78-b9b8-78f2-8e39-c02cd0049c19/ppg_review_C/evidence/port_review_matrix.csv","目录门禁原始not_requested；Icarus实际证据已有；Vivado xsim/综合、ASIC时序/CDC未验证"
"C","rtl/ppg_peak_valley_window_detector/tb_ppg_peak_valley_window_detector.v","全文语义/全部端口/复位/状态异常/握手/位宽/注释/TB有效性审阅","C22 PVW01..48","完成","C:/Users/DAWN/.codex/visualizations/2026/10/02/01a0fd78-b9b8-78f2-8e39-c02cd0049c19/ppg_review_C/evidence/peak_review.md；C:/Users/DAWN/.codex/visualizations/2026/10/02/01a0fd78-b9b8-78f2-8e39-c02cd0049c19/ppg_review_C/evidence/final_readonly_check.json","审阅完成，不等于修复、动态全覆盖或功能签核；发现/限度见最终报告"
"C","rtl/ppg_peak_valley_window_detector/tb_ppg_peak_valley_window_detector.v","同版本实际完整TB运行（由A管理）","C22 PVW01..48","完成","C:/Users/DAWN/.codex/visualizations/2026/10/02/01a0fd78-b9b8-78f2-8e39-c02cd0049c19/ppg_review_C/evidence/A_regression_C_scope_snapshot.json；C:/Users/DAWN/.codex/visualizations/2026/10/02/01a0fd16-9489-7e50-a7b6-a1178fd92bf1/ppg_audit/evidence/compile/tb_ppg_peak_valley_window_detector/","运行完成仅支持已执行比较；日志无FAIL，数值和覆盖限度另列"
"C","rtl/ppg_peak_valley_window_detector/ppg_peak_valley_window_detector.v","全文语义/全部端口/复位/状态异常/握手/位宽/注释/TB有效性审阅","C22 PVW01..48","完成","C:/Users/DAWN/.codex/visualizations/2026/10/02/01a0fd78-b9b8-78f2-8e39-c02cd0049c19/ppg_review_C/evidence/peak_review.md；C:/Users/DAWN/.codex/visualizations/2026/10/02/01a0fd78-b9b8-78f2-8e39-c02cd0049c19/ppg_review_C/evidence/final_readonly_check.json","审阅完成，不等于修复、动态全覆盖或功能签核；发现/限度见最终报告"
"C","rtl/ppg_peak_valley_window_detector/ppg_peak_valley_window_detector.v","八门禁:compile","C22","完成","C:/Users/DAWN/.codex/visualizations/2026/10/02/01a0fd78-b9b8-78f2-8e39-c02cd0049c19/ppg_review_C/evidence/final_deliverable_gate.json；C:/Users/DAWN/.codex/visualizations/2026/10/02/01a0fd78-b9b8-78f2-8e39-c02cd0049c19/ppg_review_C/evidence/skill_analyze/ppg_peak_valley_window_detector/；C:/Users/DAWN/.codex/visualizations/2026/10/02/01a0fd78-b9b8-78f2-8e39-c02cd0049c19/ppg_review_C/evidence/port_review_matrix.csv","目录门禁原始passed；门禁已实际评估；失败按规则计数记录，不代表通过"
"C","rtl/ppg_peak_valley_window_detector/ppg_peak_valley_window_detector.v","八门禁:ast","C22","完成","C:/Users/DAWN/.codex/visualizations/2026/10/02/01a0fd78-b9b8-78f2-8e39-c02cd0049c19/ppg_review_C/evidence/final_deliverable_gate.json；C:/Users/DAWN/.codex/visualizations/2026/10/02/01a0fd78-b9b8-78f2-8e39-c02cd0049c19/ppg_review_C/evidence/skill_analyze/ppg_peak_valley_window_detector/；C:/Users/DAWN/.codex/visualizations/2026/10/02/01a0fd78-b9b8-78f2-8e39-c02cd0049c19/ppg_review_C/evidence/port_review_matrix.csv","目录门禁原始passed；门禁已实际评估；失败按规则计数记录，不代表通过"
"C","rtl/ppg_peak_valley_window_detector/ppg_peak_valley_window_detector.v","八门禁:readability","C22","完成","C:/Users/DAWN/.codex/visualizations/2026/10/02/01a0fd78-b9b8-78f2-8e39-c02cd0049c19/ppg_review_C/evidence/final_deliverable_gate.json；C:/Users/DAWN/.codex/visualizations/2026/10/02/01a0fd78-b9b8-78f2-8e39-c02cd0049c19/ppg_review_C/evidence/skill_analyze/ppg_peak_valley_window_detector/；C:/Users/DAWN/.codex/visualizations/2026/10/02/01a0fd78-b9b8-78f2-8e39-c02cd0049c19/ppg_review_C/evidence/port_review_matrix.csv","目录门禁原始failed；门禁已实际评估；失败按规则计数记录，不代表通过"
"C","rtl/ppg_peak_valley_window_detector/ppg_peak_valley_window_detector.v","八门禁:comment","C22","完成","C:/Users/DAWN/.codex/visualizations/2026/10/02/01a0fd78-b9b8-78f2-8e39-c02cd0049c19/ppg_review_C/evidence/final_deliverable_gate.json；C:/Users/DAWN/.codex/visualizations/2026/10/02/01a0fd78-b9b8-78f2-8e39-c02cd0049c19/ppg_review_C/evidence/skill_analyze/ppg_peak_valley_window_detector/；C:/Users/DAWN/.codex/visualizations/2026/10/02/01a0fd78-b9b8-78f2-8e39-c02cd0049c19/ppg_review_C/evidence/port_review_matrix.csv","目录门禁原始failed；门禁已实际评估；失败按规则计数记录，不代表通过"
"C","rtl/ppg_peak_valley_window_detector/ppg_peak_valley_window_detector.v","八门禁:naming","C22","完成","C:/Users/DAWN/.codex/visualizations/2026/10/02/01a0fd78-b9b8-78f2-8e39-c02cd0049c19/ppg_review_C/evidence/final_deliverable_gate.json；C:/Users/DAWN/.codex/visualizations/2026/10/02/01a0fd78-b9b8-78f2-8e39-c02cd0049c19/ppg_review_C/evidence/skill_analyze/ppg_peak_valley_window_detector/；C:/Users/DAWN/.codex/visualizations/2026/10/02/01a0fd78-b9b8-78f2-8e39-c02cd0049c19/ppg_review_C/evidence/port_review_matrix.csv","目录门禁原始failed；门禁已实际评估；失败按规则计数记录，不代表通过"
"C","rtl/ppg_peak_valley_window_detector/ppg_peak_valley_window_detector.v","八门禁:profile","C22","完成","C:/Users/DAWN/.codex/visualizations/2026/10/02/01a0fd78-b9b8-78f2-8e39-c02cd0049c19/ppg_review_C/evidence/final_deliverable_gate.json；C:/Users/DAWN/.codex/visualizations/2026/10/02/01a0fd78-b9b8-78f2-8e39-c02cd0049c19/ppg_review_C/evidence/skill_analyze/ppg_peak_valley_window_detector/；C:/Users/DAWN/.codex/visualizations/2026/10/02/01a0fd78-b9b8-78f2-8e39-c02cd0049c19/ppg_review_C/evidence/port_review_matrix.csv","目录门禁原始passed；门禁已实际评估；失败按规则计数记录，不代表通过"
"C","rtl/ppg_peak_valley_window_detector/ppg_peak_valley_window_detector.v","八门禁:testbench","C22","部分","C:/Users/DAWN/.codex/visualizations/2026/10/02/01a0fd78-b9b8-78f2-8e39-c02cd0049c19/ppg_review_C/evidence/final_deliverable_gate.json；C:/Users/DAWN/.codex/visualizations/2026/10/02/01a0fd78-b9b8-78f2-8e39-c02cd0049c19/ppg_review_C/evidence/skill_analyze/ppg_peak_valley_window_detector/；C:/Users/DAWN/.codex/visualizations/2026/10/02/01a0fd78-b9b8-78f2-8e39-c02cd0049c19/ppg_review_C/evidence/A_regression_C_scope_snapshot.json","目录门禁原始not_requested；完整运行及覆盖义务按TB/ID独立台账，既有缺口未修复"
"C","rtl/ppg_peak_valley_window_detector/ppg_peak_valley_window_detector.v","八门禁:toolchain","C22","部分","C:/Users/DAWN/.codex/visualizations/2026/10/02/01a0fd78-b9b8-78f2-8e39-c02cd0049c19/ppg_review_C/evidence/final_deliverable_gate.json；C:/Users/DAWN/.codex/visualizations/2026/10/02/01a0fd78-b9b8-78f2-8e39-c02cd0049c19/ppg_review_C/evidence/skill_analyze/ppg_peak_valley_window_detector/；C:/Users/DAWN/.codex/visualizations/2026/10/02/01a0fd78-b9b8-78f2-8e39-c02cd0049c19/ppg_review_C/evidence/port_review_matrix.csv","目录门禁原始not_requested；Icarus实际证据已有；Vivado xsim/综合、ASIC时序/CDC未验证"
"C","rtl/ppg_coarse_detection_fir/tb_ppg_coarse_detection_fir.v","全文语义/全部端口/复位/状态异常/握手/位宽/注释/TB有效性审阅","C19 FIR01..33","完成","C:/Users/DAWN/.codex/visualizations/2026/10/02/01a0fd78-b9b8-78f2-8e39-c02cd0049c19/ppg_review_C/evidence/fir_review.md；C:/Users/DAWN/.codex/visualizations/2026/10/02/01a0fd78-b9b8-78f2-8e39-c02cd0049c19/ppg_review_C/evidence/final_readonly_check.json","审阅完成，不等于修复、动态全覆盖或功能签核；发现/限度见最终报告"
"C","rtl/ppg_coarse_detection_fir/tb_ppg_coarse_detection_fir.v","同版本实际完整TB运行（由A管理）","C19 FIR01..33","完成","C:/Users/DAWN/.codex/visualizations/2026/10/02/01a0fd78-b9b8-78f2-8e39-c02cd0049c19/ppg_review_C/evidence/A_regression_C_scope_snapshot.json；C:/Users/DAWN/.codex/visualizations/2026/10/02/01a0fd16-9489-7e50-a7b6-a1178fd92bf1/ppg_audit/evidence/compile/tb_ppg_coarse_detection_fir/","运行完成仅支持已执行比较；日志无FAIL，数值和覆盖限度另列"
"C","rtl/ppg_coarse_detection_fir/ppg_coarse_detection_fir.v","全文语义/全部端口/复位/状态异常/握手/位宽/注释/TB有效性审阅","C19 FIR01..33","完成","C:/Users/DAWN/.codex/visualizations/2026/10/02/01a0fd78-b9b8-78f2-8e39-c02cd0049c19/ppg_review_C/evidence/fir_review.md；C:/Users/DAWN/.codex/visualizations/2026/10/02/01a0fd78-b9b8-78f2-8e39-c02cd0049c19/ppg_review_C/evidence/final_readonly_check.json","审阅完成，不等于修复、动态全覆盖或功能签核；发现/限度见最终报告"
"C","rtl/ppg_coarse_detection_fir/ppg_coarse_detection_fir.v","八门禁:compile","C19","完成","C:/Users/DAWN/.codex/visualizations/2026/10/02/01a0fd78-b9b8-78f2-8e39-c02cd0049c19/ppg_review_C/evidence/final_deliverable_gate.json；C:/Users/DAWN/.codex/visualizations/2026/10/02/01a0fd78-b9b8-78f2-8e39-c02cd0049c19/ppg_review_C/evidence/skill_analyze/ppg_coarse_detection_fir/；C:/Users/DAWN/.codex/visualizations/2026/10/02/01a0fd78-b9b8-78f2-8e39-c02cd0049c19/ppg_review_C/evidence/port_review_matrix.csv","目录门禁原始passed；门禁已实际评估；失败按规则计数记录，不代表通过"
"C","rtl/ppg_coarse_detection_fir/ppg_coarse_detection_fir.v","八门禁:ast","C19","完成","C:/Users/DAWN/.codex/visualizations/2026/10/02/01a0fd78-b9b8-78f2-8e39-c02cd0049c19/ppg_review_C/evidence/final_deliverable_gate.json；C:/Users/DAWN/.codex/visualizations/2026/10/02/01a0fd78-b9b8-78f2-8e39-c02cd0049c19/ppg_review_C/evidence/skill_analyze/ppg_coarse_detection_fir/；C:/Users/DAWN/.codex/visualizations/2026/10/02/01a0fd78-b9b8-78f2-8e39-c02cd0049c19/ppg_review_C/evidence/port_review_matrix.csv","目录门禁原始passed；门禁已实际评估；失败按规则计数记录，不代表通过"
"C","rtl/ppg_coarse_detection_fir/ppg_coarse_detection_fir.v","八门禁:readability","C19","完成","C:/Users/DAWN/.codex/visualizations/2026/10/02/01a0fd78-b9b8-78f2-8e39-c02cd0049c19/ppg_review_C/evidence/final_deliverable_gate.json；C:/Users/DAWN/.codex/visualizations/2026/10/02/01a0fd78-b9b8-78f2-8e39-c02cd0049c19/ppg_review_C/evidence/skill_analyze/ppg_coarse_detection_fir/；C:/Users/DAWN/.codex/visualizations/2026/10/02/01a0fd78-b9b8-78f2-8e39-c02cd0049c19/ppg_review_C/evidence/port_review_matrix.csv","目录门禁原始failed；门禁已实际评估；失败按规则计数记录，不代表通过"
"C","rtl/ppg_coarse_detection_fir/ppg_coarse_detection_fir.v","八门禁:comment","C19","完成","C:/Users/DAWN/.codex/visualizations/2026/10/02/01a0fd78-b9b8-78f2-8e39-c02cd0049c19/ppg_review_C/evidence/final_deliverable_gate.json；C:/Users/DAWN/.codex/visualizations/2026/10/02/01a0fd78-b9b8-78f2-8e39-c02cd0049c19/ppg_review_C/evidence/skill_analyze/ppg_coarse_detection_fir/；C:/Users/DAWN/.codex/visualizations/2026/10/02/01a0fd78-b9b8-78f2-8e39-c02cd0049c19/ppg_review_C/evidence/port_review_matrix.csv","目录门禁原始failed；门禁已实际评估；失败按规则计数记录，不代表通过"
"C","rtl/ppg_coarse_detection_fir/ppg_coarse_detection_fir.v","八门禁:naming","C19","完成","C:/Users/DAWN/.codex/visualizations/2026/10/02/01a0fd78-b9b8-78f2-8e39-c02cd0049c19/ppg_review_C/evidence/final_deliverable_gate.json；C:/Users/DAWN/.codex/visualizations/2026/10/02/01a0fd78-b9b8-78f2-8e39-c02cd0049c19/ppg_review_C/evidence/skill_analyze/ppg_coarse_detection_fir/；C:/Users/DAWN/.codex/visualizations/2026/10/02/01a0fd78-b9b8-78f2-8e39-c02cd0049c19/ppg_review_C/evidence/port_review_matrix.csv","目录门禁原始failed；门禁已实际评估；失败按规则计数记录，不代表通过"
"C","rtl/ppg_coarse_detection_fir/ppg_coarse_detection_fir.v","八门禁:profile","C19","完成","C:/Users/DAWN/.codex/visualizations/2026/10/02/01a0fd78-b9b8-78f2-8e39-c02cd0049c19/ppg_review_C/evidence/final_deliverable_gate.json；C:/Users/DAWN/.codex/visualizations/2026/10/02/01a0fd78-b9b8-78f2-8e39-c02cd0049c19/ppg_review_C/evidence/skill_analyze/ppg_coarse_detection_fir/；C:/Users/DAWN/.codex/visualizations/2026/10/02/01a0fd78-b9b8-78f2-8e39-c02cd0049c19/ppg_review_C/evidence/port_review_matrix.csv","目录门禁原始passed；门禁已实际评估；失败按规则计数记录，不代表通过"
"C","rtl/ppg_coarse_detection_fir/ppg_coarse_detection_fir.v","八门禁:testbench","C19","部分","C:/Users/DAWN/.codex/visualizations/2026/10/02/01a0fd78-b9b8-78f2-8e39-c02cd0049c19/ppg_review_C/evidence/final_deliverable_gate.json；C:/Users/DAWN/.codex/visualizations/2026/10/02/01a0fd78-b9b8-78f2-8e39-c02cd0049c19/ppg_review_C/evidence/skill_analyze/ppg_coarse_detection_fir/；C:/Users/DAWN/.codex/visualizations/2026/10/02/01a0fd78-b9b8-78f2-8e39-c02cd0049c19/ppg_review_C/evidence/A_regression_C_scope_snapshot.json","目录门禁原始not_requested；完整运行及覆盖义务按TB/ID独立台账，既有缺口未修复"
"C","rtl/ppg_coarse_detection_fir/ppg_coarse_detection_fir.v","八门禁:toolchain","C19","部分","C:/Users/DAWN/.codex/visualizations/2026/10/02/01a0fd78-b9b8-78f2-8e39-c02cd0049c19/ppg_review_C/evidence/final_deliverable_gate.json；C:/Users/DAWN/.codex/visualizations/2026/10/02/01a0fd78-b9b8-78f2-8e39-c02cd0049c19/ppg_review_C/evidence/skill_analyze/ppg_coarse_detection_fir/；C:/Users/DAWN/.codex/visualizations/2026/10/02/01a0fd78-b9b8-78f2-8e39-c02cd0049c19/ppg_review_C/evidence/port_review_matrix.csv","目录门禁原始not_requested；Icarus实际证据已有；Vivado xsim/综合、ASIC时序/CDC未验证"
"C","rtl/ppg_dynamic_baseline_cross_detector/tb_ppg_dynamic_baseline_phase_a_arithmetic_equivalence.v","全文语义/全部端口/复位/状态异常/握手/位宽/注释/TB有效性审阅","C20/C21 BSL01..40 OPT01..24","完成","C:/Users/DAWN/.codex/visualizations/2026/10/02/01a0fd78-b9b8-78f2-8e39-c02cd0049c19/ppg_review_C/evidence/numeric_checkpoint_20261004.md；C:/Users/DAWN/.codex/visualizations/2026/10/02/01a0fd78-b9b8-78f2-8e39-c02cd0049c19/ppg_review_C/evidence/final_readonly_check.json","审阅完成，不等于修复、动态全覆盖或功能签核；发现/限度见最终报告"
"C","rtl/ppg_dynamic_baseline_cross_detector/tb_ppg_dynamic_baseline_phase_a_arithmetic_equivalence.v","同版本实际完整TB运行（由A管理）","C20/C21 BSL01..40 OPT01..24","完成","C:/Users/DAWN/.codex/visualizations/2026/10/02/01a0fd78-b9b8-78f2-8e39-c02cd0049c19/ppg_review_C/evidence/A_regression_C_scope_snapshot.json；C:/Users/DAWN/.codex/visualizations/2026/10/02/01a0fd16-9489-7e50-a7b6-a1178fd92bf1/ppg_audit/evidence/compile/tb_ppg_dynamic_baseline_phase_a_arithmetic_equivalence/","运行完成仅支持已执行比较；日志无FAIL，数值和覆盖限度另列"
"C","rtl/ppg_dynamic_baseline_cross_detector/tb_ppg_dynamic_baseline_cross_detector.v","全文语义/全部端口/复位/状态异常/握手/位宽/注释/TB有效性审阅","C20/C21 BSL01..40 OPT01..24","完成","C:/Users/DAWN/.codex/visualizations/2026/10/02/01a0fd78-b9b8-78f2-8e39-c02cd0049c19/ppg_review_C/evidence/numeric_checkpoint_20261004.md；C:/Users/DAWN/.codex/visualizations/2026/10/02/01a0fd78-b9b8-78f2-8e39-c02cd0049c19/ppg_review_C/evidence/final_readonly_check.json","审阅完成，不等于修复、动态全覆盖或功能签核；发现/限度见最终报告"
"C","rtl/ppg_dynamic_baseline_cross_detector/tb_ppg_dynamic_baseline_cross_detector.v","同版本实际完整TB运行（由A管理）","C20/C21 BSL01..40 OPT01..24","完成","C:/Users/DAWN/.codex/visualizations/2026/10/02/01a0fd78-b9b8-78f2-8e39-c02cd0049c19/ppg_review_C/evidence/A_regression_C_scope_snapshot.json；C:/Users/DAWN/.codex/visualizations/2026/10/02/01a0fd16-9489-7e50-a7b6-a1178fd92bf1/ppg_audit/evidence/compile/tb_ppg_dynamic_baseline_cross_detector/","运行完成仅支持已执行比较；日志无FAIL，数值和覆盖限度另列"
"C","rtl/ppg_dynamic_baseline_cross_detector/ppg_dynamic_baseline_cross_detector.v","全文语义/全部端口/复位/状态异常/握手/位宽/注释/TB有效性审阅","C20/C21 BSL01..40 OPT01..24","完成","C:/Users/DAWN/.codex/visualizations/2026/10/02/01a0fd78-b9b8-78f2-8e39-c02cd0049c19/ppg_review_C/evidence/numeric_checkpoint_20261004.md；C:/Users/DAWN/.codex/visualizations/2026/10/02/01a0fd78-b9b8-78f2-8e39-c02cd0049c19/ppg_review_C/evidence/final_readonly_check.json","审阅完成，不等于修复、动态全覆盖或功能签核；发现/限度见最终报告"
"C","rtl/ppg_dynamic_baseline_cross_detector/ppg_dynamic_baseline_cross_detector.v","八门禁:compile","C20/C21","完成","C:/Users/DAWN/.codex/visualizations/2026/10/02/01a0fd78-b9b8-78f2-8e39-c02cd0049c19/ppg_review_C/evidence/final_deliverable_gate.json；C:/Users/DAWN/.codex/visualizations/2026/10/02/01a0fd78-b9b8-78f2-8e39-c02cd0049c19/ppg_review_C/evidence/skill_analyze/ppg_dynamic_baseline_cross_detector/；C:/Users/DAWN/.codex/visualizations/2026/10/02/01a0fd78-b9b8-78f2-8e39-c02cd0049c19/ppg_review_C/evidence/port_review_matrix.csv","目录门禁原始passed；门禁已实际评估；失败按规则计数记录，不代表通过"
"C","rtl/ppg_dynamic_baseline_cross_detector/ppg_dynamic_baseline_cross_detector.v","八门禁:ast","C20/C21","完成","C:/Users/DAWN/.codex/visualizations/2026/10/02/01a0fd78-b9b8-78f2-8e39-c02cd0049c19/ppg_review_C/evidence/final_deliverable_gate.json；C:/Users/DAWN/.codex/visualizations/2026/10/02/01a0fd78-b9b8-78f2-8e39-c02cd0049c19/ppg_review_C/evidence/skill_analyze/ppg_dynamic_baseline_cross_detector/；C:/Users/DAWN/.codex/visualizations/2026/10/02/01a0fd78-b9b8-78f2-8e39-c02cd0049c19/ppg_review_C/evidence/port_review_matrix.csv","目录门禁原始passed；门禁已实际评估；失败按规则计数记录，不代表通过"
"C","rtl/ppg_dynamic_baseline_cross_detector/ppg_dynamic_baseline_cross_detector.v","八门禁:readability","C20/C21","完成","C:/Users/DAWN/.codex/visualizations/2026/10/02/01a0fd78-b9b8-78f2-8e39-c02cd0049c19/ppg_review_C/evidence/final_deliverable_gate.json；C:/Users/DAWN/.codex/visualizations/2026/10/02/01a0fd78-b9b8-78f2-8e39-c02cd0049c19/ppg_review_C/evidence/skill_analyze/ppg_dynamic_baseline_cross_detector/；C:/Users/DAWN/.codex/visualizations/2026/10/02/01a0fd78-b9b8-78f2-8e39-c02cd0049c19/ppg_review_C/evidence/port_review_matrix.csv","目录门禁原始failed；门禁已实际评估；失败按规则计数记录，不代表通过"
"C","rtl/ppg_dynamic_baseline_cross_detector/ppg_dynamic_baseline_cross_detector.v","八门禁:comment","C20/C21","完成","C:/Users/DAWN/.codex/visualizations/2026/10/02/01a0fd78-b9b8-78f2-8e39-c02cd0049c19/ppg_review_C/evidence/final_deliverable_gate.json；C:/Users/DAWN/.codex/visualizations/2026/10/02/01a0fd78-b9b8-78f2-8e39-c02cd0049c19/ppg_review_C/evidence/skill_analyze/ppg_dynamic_baseline_cross_detector/；C:/Users/DAWN/.codex/visualizations/2026/10/02/01a0fd78-b9b8-78f2-8e39-c02cd0049c19/ppg_review_C/evidence/port_review_matrix.csv","目录门禁原始failed；门禁已实际评估；失败按规则计数记录，不代表通过"
"C","rtl/ppg_dynamic_baseline_cross_detector/ppg_dynamic_baseline_cross_detector.v","八门禁:naming","C20/C21","完成","C:/Users/DAWN/.codex/visualizations/2026/10/02/01a0fd78-b9b8-78f2-8e39-c02cd0049c19/ppg_review_C/evidence/final_deliverable_gate.json；C:/Users/DAWN/.codex/visualizations/2026/10/02/01a0fd78-b9b8-78f2-8e39-c02cd0049c19/ppg_review_C/evidence/skill_analyze/ppg_dynamic_baseline_cross_detector/；C:/Users/DAWN/.codex/visualizations/2026/10/02/01a0fd78-b9b8-78f2-8e39-c02cd0049c19/ppg_review_C/evidence/port_review_matrix.csv","目录门禁原始failed；门禁已实际评估；失败按规则计数记录，不代表通过"
"C","rtl/ppg_dynamic_baseline_cross_detector/ppg_dynamic_baseline_cross_detector.v","八门禁:profile","C20/C21","完成","C:/Users/DAWN/.codex/visualizations/2026/10/02/01a0fd78-b9b8-78f2-8e39-c02cd0049c19/ppg_review_C/evidence/final_deliverable_gate.json；C:/Users/DAWN/.codex/visualizations/2026/10/02/01a0fd78-b9b8-78f2-8e39-c02cd0049c19/ppg_review_C/evidence/skill_analyze/ppg_dynamic_baseline_cross_detector/；C:/Users/DAWN/.codex/visualizations/2026/10/02/01a0fd78-b9b8-78f2-8e39-c02cd0049c19/ppg_review_C/evidence/port_review_matrix.csv","目录门禁原始passed；门禁已实际评估；失败按规则计数记录，不代表通过"
"C","rtl/ppg_dynamic_baseline_cross_detector/ppg_dynamic_baseline_cross_detector.v","八门禁:testbench","C20/C21","部分","C:/Users/DAWN/.codex/visualizations/2026/10/02/01a0fd78-b9b8-78f2-8e39-c02cd0049c19/ppg_review_C/evidence/final_deliverable_gate.json；C:/Users/DAWN/.codex/visualizations/2026/10/02/01a0fd78-b9b8-78f2-8e39-c02cd0049c19/ppg_review_C/evidence/skill_analyze/ppg_dynamic_baseline_cross_detector/；C:/Users/DAWN/.codex/visualizations/2026/10/02/01a0fd78-b9b8-78f2-8e39-c02cd0049c19/ppg_review_C/evidence/A_regression_C_scope_snapshot.json","目录门禁原始not_requested；完整运行及覆盖义务按TB/ID独立台账，既有缺口未修复"
"C","rtl/ppg_dynamic_baseline_cross_detector/ppg_dynamic_baseline_cross_detector.v","八门禁:toolchain","C20/C21","部分","C:/Users/DAWN/.codex/visualizations/2026/10/02/01a0fd78-b9b8-78f2-8e39-c02cd0049c19/ppg_review_C/evidence/final_deliverable_gate.json；C:/Users/DAWN/.codex/visualizations/2026/10/02/01a0fd78-b9b8-78f2-8e39-c02cd0049c19/ppg_review_C/evidence/skill_analyze/ppg_dynamic_baseline_cross_detector/；C:/Users/DAWN/.codex/visualizations/2026/10/02/01a0fd78-b9b8-78f2-8e39-c02cd0049c19/ppg_review_C/evidence/port_review_matrix.csv","目录门禁原始not_requested；Icarus实际证据已有；Vivado xsim/综合、ASIC时序/CDC未验证"
"C","rtl/ppg_control_top/tb_ppg_real_raw_generator_selfcheck.v","全文语义/全部端口/复位/状态异常/握手/位宽/注释/TB有效性审阅","C25 RAW/JNT/ADCN/TRK及算法系统组","完成","C:/Users/DAWN/.codex/visualizations/2026/10/02/01a0fd78-b9b8-78f2-8e39-c02cd0049c19/ppg_review_C/evidence/system_review_20261004.md；C:/Users/DAWN/.codex/visualizations/2026/10/02/01a0fd78-b9b8-78f2-8e39-c02cd0049c19/ppg_review_C/evidence/final_readonly_check.json","审阅完成，不等于修复、动态全覆盖或功能签核；发现/限度见最终报告"
"C","rtl/ppg_control_top/tb_ppg_real_raw_generator_selfcheck.v","同版本实际完整TB运行（由A管理）","C25 RAW/JNT/ADCN/TRK及算法系统组","完成","C:/Users/DAWN/.codex/visualizations/2026/10/02/01a0fd78-b9b8-78f2-8e39-c02cd0049c19/ppg_review_C/evidence/A_regression_C_scope_snapshot.json；C:/Users/DAWN/.codex/visualizations/2026/10/02/01a0fd16-9489-7e50-a7b6-a1178fd92bf1/ppg_audit/evidence/compile/tb_ppg_real_raw_generator_selfcheck/","运行完成仅支持已执行比较；日志无FAIL，数值和覆盖限度另列"
"C","rtl/ppg_control_top/tb_ppg_real_raw_generator.vh","全文语义/全部端口/复位/状态异常/握手/位宽/注释/TB有效性审阅","C25 RAW/JNT/ADCN/TRK及算法系统组","完成","C:/Users/DAWN/.codex/visualizations/2026/10/02/01a0fd78-b9b8-78f2-8e39-c02cd0049c19/ppg_review_C/evidence/system_review_20261004.md；C:/Users/DAWN/.codex/visualizations/2026/10/02/01a0fd78-b9b8-78f2-8e39-c02cd0049c19/ppg_review_C/evidence/final_readonly_check.json","审阅完成，不等于修复、动态全覆盖或功能签核；发现/限度见最终报告"
"C","rtl/ppg_control_top/tb_ppg_jnt_baseline_prefix.vh","全文语义/全部端口/复位/状态异常/握手/位宽/注释/TB有效性审阅","C20/C21 BSL01..40 OPT01..24","完成","C:/Users/DAWN/.codex/visualizations/2026/10/02/01a0fd78-b9b8-78f2-8e39-c02cd0049c19/ppg_review_C/evidence/system_review_20261004.md；C:/Users/DAWN/.codex/visualizations/2026/10/02/01a0fd78-b9b8-78f2-8e39-c02cd0049c19/ppg_review_C/evidence/final_readonly_check.json","审阅完成，不等于修复、动态全覆盖或功能签核；发现/限度见最终报告"
"C","rtl/ppg_control_top/tb_ppg_control_top_peak_valley_return.v","全文语义/全部端口/复位/状态异常/握手/位宽/注释/TB有效性审阅","C22 PVW01..48","完成","C:/Users/DAWN/.codex/visualizations/2026/10/02/01a0fd78-b9b8-78f2-8e39-c02cd0049c19/ppg_review_C/evidence/peak_review.md；C:/Users/DAWN/.codex/visualizations/2026/10/02/01a0fd78-b9b8-78f2-8e39-c02cd0049c19/ppg_review_C/evidence/final_readonly_check.json","审阅完成，不等于修复、动态全覆盖或功能签核；发现/限度见最终报告"
"C","rtl/ppg_control_top/tb_ppg_control_top_peak_valley_return.v","同版本实际完整TB运行（由A管理）","C22 PVW01..48","部分","C:/Users/DAWN/.codex/visualizations/2026/10/02/01a0fd78-b9b8-78f2-8e39-c02cd0049c19/ppg_review_C/evidence/A_regression_C_scope_snapshot.json；C:/Users/DAWN/.codex/visualizations/2026/10/02/01a0fd16-9489-7e50-a7b6-a1178fd92bf1/ppg_audit/evidence/compile/tb_ppg_control_top_peak_valley_return/","运行完成仅支持已执行比较；截至证据抓取仍未完成，未重复长跑或记PASS"
"C","rtl/ppg_control_top/tb_ppg_control_top_normal_slow_tracking.v","全文语义/全部端口/复位/状态异常/握手/位宽/注释/TB有效性审阅","C25 RAW/JNT/ADCN/TRK及算法系统组","完成","C:/Users/DAWN/.codex/visualizations/2026/10/02/01a0fd78-b9b8-78f2-8e39-c02cd0049c19/ppg_review_C/evidence/system_review_20261004.md；C:/Users/DAWN/.codex/visualizations/2026/10/02/01a0fd78-b9b8-78f2-8e39-c02cd0049c19/ppg_review_C/evidence/final_readonly_check.json","审阅完成，不等于修复、动态全覆盖或功能签核；发现/限度见最终报告"
"C","rtl/ppg_control_top/tb_ppg_control_top_normal_slow_tracking.v","同版本实际完整TB运行（由A管理）","C25 RAW/JNT/ADCN/TRK及算法系统组","部分","C:/Users/DAWN/.codex/visualizations/2026/10/02/01a0fd78-b9b8-78f2-8e39-c02cd0049c19/ppg_review_C/evidence/A_regression_C_scope_snapshot.json；C:/Users/DAWN/.codex/visualizations/2026/10/02/01a0fd16-9489-7e50-a7b6-a1178fd92bf1/ppg_audit/evidence/compile/tb_ppg_control_top_normal_slow_tracking/","运行完成仅支持已执行比较；截至证据抓取仍未完成，未重复长跑或记PASS"
"C","rtl/ppg_control_top/tb_ppg_control_top_fir_tail_isolation.v","全文语义/全部端口/复位/状态异常/握手/位宽/注释/TB有效性审阅","C25 RAW/JNT/ADCN/TRK及算法系统组","完成","C:/Users/DAWN/.codex/visualizations/2026/10/02/01a0fd78-b9b8-78f2-8e39-c02cd0049c19/ppg_review_C/evidence/system_review_20261004.md；C:/Users/DAWN/.codex/visualizations/2026/10/02/01a0fd78-b9b8-78f2-8e39-c02cd0049c19/ppg_review_C/evidence/final_readonly_check.json","审阅完成，不等于修复、动态全覆盖或功能签核；发现/限度见最终报告"
"C","rtl/ppg_control_top/tb_ppg_control_top_fir_tail_isolation.v","同版本实际完整TB运行（由A管理）","C25 RAW/JNT/ADCN/TRK及算法系统组","部分","C:/Users/DAWN/.codex/visualizations/2026/10/02/01a0fd78-b9b8-78f2-8e39-c02cd0049c19/ppg_review_C/evidence/A_regression_C_scope_snapshot.json；C:/Users/DAWN/.codex/visualizations/2026/10/02/01a0fd16-9489-7e50-a7b6-a1178fd92bf1/ppg_audit/evidence/compile/tb_ppg_control_top_fir_tail_isolation/","运行完成仅支持已执行比较；截至证据抓取仍未完成，未重复长跑或记PASS"
"C","rtl/ppg_control_top/tb_ppg_control_top_baseline_cross.v","全文语义/全部端口/复位/状态异常/握手/位宽/注释/TB有效性审阅","C20/C21 BSL01..40 OPT01..24","完成","C:/Users/DAWN/.codex/visualizations/2026/10/02/01a0fd78-b9b8-78f2-8e39-c02cd0049c19/ppg_review_C/evidence/system_review_20261004.md；C:/Users/DAWN/.codex/visualizations/2026/10/02/01a0fd78-b9b8-78f2-8e39-c02cd0049c19/ppg_review_C/evidence/final_readonly_check.json","审阅完成，不等于修复、动态全覆盖或功能签核；发现/限度见最终报告"
"C","rtl/ppg_control_top/tb_ppg_control_top_baseline_cross.v","同版本实际完整TB运行（由A管理）","C20/C21 BSL01..40 OPT01..24","部分","C:/Users/DAWN/.codex/visualizations/2026/10/02/01a0fd78-b9b8-78f2-8e39-c02cd0049c19/ppg_review_C/evidence/A_regression_C_scope_snapshot.json；C:/Users/DAWN/.codex/visualizations/2026/10/02/01a0fd16-9489-7e50-a7b6-a1178fd92bf1/ppg_audit/evidence/compile/tb_ppg_control_top_baseline_cross/","运行完成仅支持已执行比较；截至证据抓取仍未完成，未重复长跑或记PASS"
"C","rtl/ppg_control_top/tb_ppg_control_top_adc_numeric_scoreboard.v","全文语义/全部端口/复位/状态异常/握手/位宽/注释/TB有效性审阅","C25 RAW/JNT/ADCN/TRK及算法系统组","完成","C:/Users/DAWN/.codex/visualizations/2026/10/02/01a0fd78-b9b8-78f2-8e39-c02cd0049c19/ppg_review_C/evidence/system_review_20261004.md；C:/Users/DAWN/.codex/visualizations/2026/10/02/01a0fd78-b9b8-78f2-8e39-c02cd0049c19/ppg_review_C/evidence/final_readonly_check.json","审阅完成，不等于修复、动态全覆盖或功能签核；发现/限度见最终报告"
"C","rtl/ppg_control_top/tb_ppg_control_top_adc_numeric_scoreboard.v","同版本实际完整TB运行（由A管理）","C25 RAW/JNT/ADCN/TRK及算法系统组","完成","C:/Users/DAWN/.codex/visualizations/2026/10/02/01a0fd78-b9b8-78f2-8e39-c02cd0049c19/ppg_review_C/evidence/A_regression_C_scope_snapshot.json；C:/Users/DAWN/.codex/visualizations/2026/10/02/01a0fd16-9489-7e50-a7b6-a1178fd92bf1/ppg_audit/evidence/compile/tb_ppg_control_top_adc_numeric_scoreboard/","运行完成仅支持已执行比较；日志无FAIL，数值和覆盖限度另列"
"C","rtl/ppg_idac_code_controller/tb_ppg_idac_code_controller.v","全文语义/全部端口/复位/状态异常/握手/位宽/注释/TB有效性审阅","C17/C16 IDC2/IDT/TRK","完成","C:/Users/DAWN/.codex/visualizations/2026/10/02/01a0fd78-b9b8-78f2-8e39-c02cd0049c19/ppg_review_C/evidence/idac_reference/review.md；C:/Users/DAWN/.codex/visualizations/2026/10/02/01a0fd78-b9b8-78f2-8e39-c02cd0049c19/ppg_review_C/evidence/final_readonly_check.json","审阅完成，不等于修复、动态全覆盖或功能签核；发现/限度见最终报告"
"C","rtl/ppg_idac_code_controller/tb_ppg_idac_code_controller.v","同版本实际完整TB运行（由A管理）","C17/C16 IDC2/IDT/TRK","完成","C:/Users/DAWN/.codex/visualizations/2026/10/02/01a0fd78-b9b8-78f2-8e39-c02cd0049c19/ppg_review_C/evidence/A_regression_C_scope_snapshot.json；C:/Users/DAWN/.codex/visualizations/2026/10/02/01a0fd16-9489-7e50-a7b6-a1178fd92bf1/ppg_audit/evidence/compile/tb_ppg_idac_code_controller/","运行完成仅支持已执行比较；日志无FAIL，数值和覆盖限度另列"
"C","rtl/ppg_idac_code_controller/ppg_idac_code_controller.v","全文语义/全部端口/复位/状态异常/握手/位宽/注释/TB有效性审阅","C17/C16 IDC2/IDT/TRK","完成","C:/Users/DAWN/.codex/visualizations/2026/10/02/01a0fd78-b9b8-78f2-8e39-c02cd0049c19/ppg_review_C/evidence/idac_reference/review.md；C:/Users/DAWN/.codex/visualizations/2026/10/02/01a0fd78-b9b8-78f2-8e39-c02cd0049c19/ppg_review_C/evidence/final_readonly_check.json","审阅完成，不等于修复、动态全覆盖或功能签核；发现/限度见最终报告"
"C","rtl/ppg_idac_code_controller/ppg_idac_code_controller.v","八门禁:compile","C17/C16","完成","C:/Users/DAWN/.codex/visualizations/2026/10/02/01a0fd78-b9b8-78f2-8e39-c02cd0049c19/ppg_review_C/evidence/final_deliverable_gate.json；C:/Users/DAWN/.codex/visualizations/2026/10/02/01a0fd78-b9b8-78f2-8e39-c02cd0049c19/ppg_review_C/evidence/skill_analyze/ppg_idac_code_controller/；C:/Users/DAWN/.codex/visualizations/2026/10/02/01a0fd78-b9b8-78f2-8e39-c02cd0049c19/ppg_review_C/evidence/port_review_matrix.csv","目录门禁原始passed；门禁已实际评估；失败按规则计数记录，不代表通过"
"C","rtl/ppg_idac_code_controller/ppg_idac_code_controller.v","八门禁:ast","C17/C16","完成","C:/Users/DAWN/.codex/visualizations/2026/10/02/01a0fd78-b9b8-78f2-8e39-c02cd0049c19/ppg_review_C/evidence/final_deliverable_gate.json；C:/Users/DAWN/.codex/visualizations/2026/10/02/01a0fd78-b9b8-78f2-8e39-c02cd0049c19/ppg_review_C/evidence/skill_analyze/ppg_idac_code_controller/；C:/Users/DAWN/.codex/visualizations/2026/10/02/01a0fd78-b9b8-78f2-8e39-c02cd0049c19/ppg_review_C/evidence/port_review_matrix.csv","目录门禁原始passed；门禁已实际评估；失败按规则计数记录，不代表通过"
"C","rtl/ppg_idac_code_controller/ppg_idac_code_controller.v","八门禁:readability","C17/C16","完成","C:/Users/DAWN/.codex/visualizations/2026/10/02/01a0fd78-b9b8-78f2-8e39-c02cd0049c19/ppg_review_C/evidence/final_deliverable_gate.json；C:/Users/DAWN/.codex/visualizations/2026/10/02/01a0fd78-b9b8-78f2-8e39-c02cd0049c19/ppg_review_C/evidence/skill_analyze/ppg_idac_code_controller/；C:/Users/DAWN/.codex/visualizations/2026/10/02/01a0fd78-b9b8-78f2-8e39-c02cd0049c19/ppg_review_C/evidence/port_review_matrix.csv","目录门禁原始failed；门禁已实际评估；失败按规则计数记录，不代表通过"
"C","rtl/ppg_idac_code_controller/ppg_idac_code_controller.v","八门禁:comment","C17/C16","完成","C:/Users/DAWN/.codex/visualizations/2026/10/02/01a0fd78-b9b8-78f2-8e39-c02cd0049c19/ppg_review_C/evidence/final_deliverable_gate.json；C:/Users/DAWN/.codex/visualizations/2026/10/02/01a0fd78-b9b8-78f2-8e39-c02cd0049c19/ppg_review_C/evidence/skill_analyze/ppg_idac_code_controller/；C:/Users/DAWN/.codex/visualizations/2026/10/02/01a0fd78-b9b8-78f2-8e39-c02cd0049c19/ppg_review_C/evidence/port_review_matrix.csv","目录门禁原始failed；门禁已实际评估；失败按规则计数记录，不代表通过"
"C","rtl/ppg_idac_code_controller/ppg_idac_code_controller.v","八门禁:naming","C17/C16","完成","C:/Users/DAWN/.codex/visualizations/2026/10/02/01a0fd78-b9b8-78f2-8e39-c02cd0049c19/ppg_review_C/evidence/final_deliverable_gate.json；C:/Users/DAWN/.codex/visualizations/2026/10/02/01a0fd78-b9b8-78f2-8e39-c02cd0049c19/ppg_review_C/evidence/skill_analyze/ppg_idac_code_controller/；C:/Users/DAWN/.codex/visualizations/2026/10/02/01a0fd78-b9b8-78f2-8e39-c02cd0049c19/ppg_review_C/evidence/port_review_matrix.csv","目录门禁原始failed；门禁已实际评估；失败按规则计数记录，不代表通过"
"C","rtl/ppg_idac_code_controller/ppg_idac_code_controller.v","八门禁:profile","C17/C16","完成","C:/Users/DAWN/.codex/visualizations/2026/10/02/01a0fd78-b9b8-78f2-8e39-c02cd0049c19/ppg_review_C/evidence/final_deliverable_gate.json；C:/Users/DAWN/.codex/visualizations/2026/10/02/01a0fd78-b9b8-78f2-8e39-c02cd0049c19/ppg_review_C/evidence/skill_analyze/ppg_idac_code_controller/；C:/Users/DAWN/.codex/visualizations/2026/10/02/01a0fd78-b9b8-78f2-8e39-c02cd0049c19/ppg_review_C/evidence/port_review_matrix.csv","目录门禁原始passed；门禁已实际评估；失败按规则计数记录，不代表通过"
"C","rtl/ppg_idac_code_controller/ppg_idac_code_controller.v","八门禁:testbench","C17/C16","部分","C:/Users/DAWN/.codex/visualizations/2026/10/02/01a0fd78-b9b8-78f2-8e39-c02cd0049c19/ppg_review_C/evidence/final_deliverable_gate.json；C:/Users/DAWN/.codex/visualizations/2026/10/02/01a0fd78-b9b8-78f2-8e39-c02cd0049c19/ppg_review_C/evidence/skill_analyze/ppg_idac_code_controller/；C:/Users/DAWN/.codex/visualizations/2026/10/02/01a0fd78-b9b8-78f2-8e39-c02cd0049c19/ppg_review_C/evidence/A_regression_C_scope_snapshot.json","目录门禁原始not_requested；完整运行及覆盖义务按TB/ID独立台账，既有缺口未修复"
"C","rtl/ppg_idac_code_controller/ppg_idac_code_controller.v","八门禁:toolchain","C17/C16","部分","C:/Users/DAWN/.codex/visualizations/2026/10/02/01a0fd78-b9b8-78f2-8e39-c02cd0049c19/ppg_review_C/evidence/final_deliverable_gate.json；C:/Users/DAWN/.codex/visualizations/2026/10/02/01a0fd78-b9b8-78f2-8e39-c02cd0049c19/ppg_review_C/evidence/skill_analyze/ppg_idac_code_controller/；C:/Users/DAWN/.codex/visualizations/2026/10/02/01a0fd78-b9b8-78f2-8e39-c02cd0049c19/ppg_review_C/evidence/port_review_matrix.csv","目录门禁原始not_requested；Icarus实际证据已有；Vivado xsim/综合、ASIC时序/CDC未验证"
"C","rtl/ppg_normal_transaction_fork/tb_ppg_normal_transaction_fork.v","全文语义/全部端口/复位/状态异常/握手/位宽/注释/TB有效性审阅","C16 FFK01..09","完成","C:/Users/DAWN/.codex/visualizations/2026/10/02/01a0fd78-b9b8-78f2-8e39-c02cd0049c19/ppg_review_C/evidence/fork_review.md；C:/Users/DAWN/.codex/visualizations/2026/10/02/01a0fd78-b9b8-78f2-8e39-c02cd0049c19/ppg_review_C/evidence/final_readonly_check.json","审阅完成，不等于修复、动态全覆盖或功能签核；发现/限度见最终报告"
"C","rtl/ppg_normal_transaction_fork/tb_ppg_normal_transaction_fork.v","同版本实际完整TB运行（由A管理）","C16 FFK01..09","完成","C:/Users/DAWN/.codex/visualizations/2026/10/02/01a0fd78-b9b8-78f2-8e39-c02cd0049c19/ppg_review_C/evidence/A_regression_C_scope_snapshot.json；C:/Users/DAWN/.codex/visualizations/2026/10/02/01a0fd16-9489-7e50-a7b6-a1178fd92bf1/ppg_audit/evidence/compile/tb_ppg_normal_transaction_fork/","运行完成仅支持已执行比较；日志无FAIL，数值和覆盖限度另列"
"C","rtl/ppg_normal_transaction_fork/ppg_normal_transaction_fork.v","全文语义/全部端口/复位/状态异常/握手/位宽/注释/TB有效性审阅","C16 FFK01..09","完成","C:/Users/DAWN/.codex/visualizations/2026/10/02/01a0fd78-b9b8-78f2-8e39-c02cd0049c19/ppg_review_C/evidence/fork_review.md；C:/Users/DAWN/.codex/visualizations/2026/10/02/01a0fd78-b9b8-78f2-8e39-c02cd0049c19/ppg_review_C/evidence/final_readonly_check.json","审阅完成，不等于修复、动态全覆盖或功能签核；发现/限度见最终报告"
"C","rtl/ppg_normal_transaction_fork/ppg_normal_transaction_fork.v","八门禁:compile","C16","完成","C:/Users/DAWN/.codex/visualizations/2026/10/02/01a0fd78-b9b8-78f2-8e39-c02cd0049c19/ppg_review_C/evidence/final_deliverable_gate.json；C:/Users/DAWN/.codex/visualizations/2026/10/02/01a0fd78-b9b8-78f2-8e39-c02cd0049c19/ppg_review_C/evidence/skill_analyze/ppg_normal_transaction_fork/；C:/Users/DAWN/.codex/visualizations/2026/10/02/01a0fd78-b9b8-78f2-8e39-c02cd0049c19/ppg_review_C/evidence/port_review_matrix.csv","目录门禁原始passed；门禁已实际评估；失败按规则计数记录，不代表通过"
"C","rtl/ppg_normal_transaction_fork/ppg_normal_transaction_fork.v","八门禁:ast","C16","完成","C:/Users/DAWN/.codex/visualizations/2026/10/02/01a0fd78-b9b8-78f2-8e39-c02cd0049c19/ppg_review_C/evidence/final_deliverable_gate.json；C:/Users/DAWN/.codex/visualizations/2026/10/02/01a0fd78-b9b8-78f2-8e39-c02cd0049c19/ppg_review_C/evidence/skill_analyze/ppg_normal_transaction_fork/；C:/Users/DAWN/.codex/visualizations/2026/10/02/01a0fd78-b9b8-78f2-8e39-c02cd0049c19/ppg_review_C/evidence/port_review_matrix.csv","目录门禁原始passed；门禁已实际评估；失败按规则计数记录，不代表通过"
"C","rtl/ppg_normal_transaction_fork/ppg_normal_transaction_fork.v","八门禁:readability","C16","完成","C:/Users/DAWN/.codex/visualizations/2026/10/02/01a0fd78-b9b8-78f2-8e39-c02cd0049c19/ppg_review_C/evidence/final_deliverable_gate.json；C:/Users/DAWN/.codex/visualizations/2026/10/02/01a0fd78-b9b8-78f2-8e39-c02cd0049c19/ppg_review_C/evidence/skill_analyze/ppg_normal_transaction_fork/；C:/Users/DAWN/.codex/visualizations/2026/10/02/01a0fd78-b9b8-78f2-8e39-c02cd0049c19/ppg_review_C/evidence/port_review_matrix.csv","目录门禁原始failed；门禁已实际评估；失败按规则计数记录，不代表通过"
"C","rtl/ppg_normal_transaction_fork/ppg_normal_transaction_fork.v","八门禁:comment","C16","完成","C:/Users/DAWN/.codex/visualizations/2026/10/02/01a0fd78-b9b8-78f2-8e39-c02cd0049c19/ppg_review_C/evidence/final_deliverable_gate.json；C:/Users/DAWN/.codex/visualizations/2026/10/02/01a0fd78-b9b8-78f2-8e39-c02cd0049c19/ppg_review_C/evidence/skill_analyze/ppg_normal_transaction_fork/；C:/Users/DAWN/.codex/visualizations/2026/10/02/01a0fd78-b9b8-78f2-8e39-c02cd0049c19/ppg_review_C/evidence/port_review_matrix.csv","目录门禁原始failed；门禁已实际评估；失败按规则计数记录，不代表通过"
"C","rtl/ppg_normal_transaction_fork/ppg_normal_transaction_fork.v","八门禁:naming","C16","完成","C:/Users/DAWN/.codex/visualizations/2026/10/02/01a0fd78-b9b8-78f2-8e39-c02cd0049c19/ppg_review_C/evidence/final_deliverable_gate.json；C:/Users/DAWN/.codex/visualizations/2026/10/02/01a0fd78-b9b8-78f2-8e39-c02cd0049c19/ppg_review_C/evidence/skill_analyze/ppg_normal_transaction_fork/；C:/Users/DAWN/.codex/visualizations/2026/10/02/01a0fd78-b9b8-78f2-8e39-c02cd0049c19/ppg_review_C/evidence/port_review_matrix.csv","目录门禁原始failed；门禁已实际评估；失败按规则计数记录，不代表通过"
"C","rtl/ppg_normal_transaction_fork/ppg_normal_transaction_fork.v","八门禁:profile","C16","完成","C:/Users/DAWN/.codex/visualizations/2026/10/02/01a0fd78-b9b8-78f2-8e39-c02cd0049c19/ppg_review_C/evidence/final_deliverable_gate.json；C:/Users/DAWN/.codex/visualizations/2026/10/02/01a0fd78-b9b8-78f2-8e39-c02cd0049c19/ppg_review_C/evidence/skill_analyze/ppg_normal_transaction_fork/；C:/Users/DAWN/.codex/visualizations/2026/10/02/01a0fd78-b9b8-78f2-8e39-c02cd0049c19/ppg_review_C/evidence/port_review_matrix.csv","目录门禁原始passed；门禁已实际评估；失败按规则计数记录，不代表通过"
"C","rtl/ppg_normal_transaction_fork/ppg_normal_transaction_fork.v","八门禁:testbench","C16","部分","C:/Users/DAWN/.codex/visualizations/2026/10/02/01a0fd78-b9b8-78f2-8e39-c02cd0049c19/ppg_review_C/evidence/final_deliverable_gate.json；C:/Users/DAWN/.codex/visualizations/2026/10/02/01a0fd78-b9b8-78f2-8e39-c02cd0049c19/ppg_review_C/evidence/skill_analyze/ppg_normal_transaction_fork/；C:/Users/DAWN/.codex/visualizations/2026/10/02/01a0fd78-b9b8-78f2-8e39-c02cd0049c19/ppg_review_C/evidence/A_regression_C_scope_snapshot.json","目录门禁原始not_requested；完整运行及覆盖义务按TB/ID独立台账，既有缺口未修复"
"C","rtl/ppg_normal_transaction_fork/ppg_normal_transaction_fork.v","八门禁:toolchain","C16","部分","C:/Users/DAWN/.codex/visualizations/2026/10/02/01a0fd78-b9b8-78f2-8e39-c02cd0049c19/ppg_review_C/evidence/final_deliverable_gate.json；C:/Users/DAWN/.codex/visualizations/2026/10/02/01a0fd78-b9b8-78f2-8e39-c02cd0049c19/ppg_review_C/evidence/skill_analyze/ppg_normal_transaction_fork/；C:/Users/DAWN/.codex/visualizations/2026/10/02/01a0fd78-b9b8-78f2-8e39-c02cd0049c19/ppg_review_C/evidence/port_review_matrix.csv","目录门禁原始not_requested；Icarus实际证据已有；Vivado xsim/综合、ASIC时序/CDC未验证"
