owner,layer,path
"A","合同","contracts/TAPEOUT_FINAL_REVIEW_GUIDE.md"
"B","合同","contracts/PPG_SYSTEM_FAULT_ABORT_SUPERVISOR_INTERFACE_CONTRACT.md"
"D","合同","contracts/ppg_system_config_manager_semantic_contract.md"
"D","合同","contracts/ppg_system_active_config_unpack_semantic_contract.md"
"B","合同","contracts/PPG_SCHEDULER_SSW_AMI_PORT_CONNECTION_CHECKLIST.md"
"B","合同","contracts/PPG_SAR9_SAR15_SAFE_SELECTION_WRAPPER_INTERFACE_CONTRACT.md"
"C","合同","contracts/PPG_REAL_PPG_RAW_GENERATOR_TESTBENCH_CONTRACT.md"
"B","合同","contracts/PPG_PRECISION_WINDOW_INTEGRATION_WRAPPER_INTERFACE_CONTRACT.md"
"B","合同","contracts/PPG_PRECISION_WINDOW_CONTROLLER_INTERFACE_CONTRACT.md"
"C","合同","contracts/PPG_PEAK_VALLEY_WINDOW_DETECTOR_INTERFACE_CONTRACT.md"
"B","合同","contracts/PPG_NORMAL_FORK_IDAC_TRACKING_AMB_RECHECK_INTERFACE_CONTRACT.md"
"A","合同","contracts/PPG_JOINT_TB_CANDIDATE_TEST_SPEC.md"
"C","合同","contracts/PPG_IDAC_CODE_CONTROLLER_V2_INTERFACE_CONTRACT.md"
"C","合同","contracts/PPG_DYNAMIC_BASELINE_SLOPE_AND_UPWARD_CROSSING_INTERFACE_CONTRACT.md"
"C","合同","contracts/PPG_DYNAMIC_BASELINE_ARITHMETIC_OPTIMIZATION_CONTRACT.md"
"A","合同","contracts/PPG_DIGITAL_TOP_INTERFACE_CONNECTION_CONTRACT.md"
"A","合同","contracts/PPG_CONTRACT_CLOSURE_MATRIX.md"
"C","合同","contracts/PPG_COARSE_DETECTION_FIR_INTERFACE_CONTRACT.md"
"D","合同","contracts/PPG_CHIP_DIGITAL_TOP_SPI_P2S_INTEGRATION_CONTRACT.md"
"D","合同","contracts/PPG_CHARACTERIZATION_INPUT_SOURCE_AND_STATIC_BIAS_CONTROL_CONTRACT.md"
"D","合同","contracts/PPG_CHARACTERIZATION_CONTROL_CDC_INTERFACE_CONTRACT.md"
"A","合同","contracts/PPG_ALIAS_MAPPING_TABLE.md"
"C","合同","contracts/PPG_ADC_S1_PROGRAMMABLE_CALIBRATOR_CONTRACT.md"
"C","合同","contracts/PPG_ADC_S1_CALIBRATOR_TO_ROUTER_INTERFACE_CONTRACT.md"
"C","合同","contracts/PPG_ADC_ROUTER_TO_PIPELINE_OVERLAP_INTERFACE_CONTRACT.md"
"C","合同","contracts/PPG_ADC_PROGRAMMABLE_RECONSTRUCTOR_INTERFACE_CONTRACT.md"
"B","合同","contracts/PPG_ADC_MEASUREMENT_AND_IDAC_INTEGRATION_WRAPPER_INTERFACE_CONTRACT.md"
"B","合同","contracts/PPG_ADC_IDAC_INTEGRATION_SPEC.md"
"C","合同","contracts/PPG_ADC_DC_RECOVERY_INTERFACE_CONTRACT.md"
"D","合同","contracts/PPG_ACTIVE_V4_CONTROL_PLANE_INTEGRATION_WRAPPER_INTERFACE_CONTRACT.md"
"D","合同","contracts/PPG_ACTIVE_V4_CONTROL_CONNECTION_MAPPING_CONTRACT.md"
"B","合同","contracts/PPG_400HZ_FRAME_CALIBRATION_SCHEDULER_INTERFACE_CONTRACT.md"
"C","TB","rtl/ppg_adc_pipeline_overlap_corrector/tb_ppg_adc_pipeline_overlap_corrector.v"
"C","RTL","rtl/ppg_adc_pipeline_overlap_corrector/ppg_adc_pipeline_overlap_corrector.v"
"C","TB","rtl/ppg_adc_async_stage_capture/tb_ppg_adc_async_stage_capture.v"
"C","RTL","rtl/ppg_adc_async_stage_capture/ppg_adc_async_stage_capture.v"
"B","TB","rtl/ppg_adc_measurement_idac_integration/tb_ppg_adc_measurement_idac_integration.v"
"B","RTL","rtl/ppg_adc_measurement_idac_integration/ppg_adc_measurement_idac_integration.v"
"C","TB","rtl/ppg_adc_s1_programmable_calibrator/tb_ppg_adc_s1_programmable_calibrator.v"
"C","RTL","rtl/ppg_adc_s1_programmable_calibrator/ppg_adc_s1_programmable_calibrator.v"
"D","TB","rtl/ppg_active_v4_control_plane_integration/tb_ppg_active_v4_control_plane_integration.v"
"D","RTL","rtl/ppg_active_v4_control_plane_integration/ppg_active_v4_control_plane_integration.v"
"C","TB","rtl/ppg_adc_dc_recovery/tb_ppg_adc_dc_recovery.v"
"C","RTL","rtl/ppg_adc_dc_recovery/ppg_adc_dc_recovery.v"
"B","TB","rtl/ppg_400hz_frame_calibration_scheduler/tb_ppg_400hz_frame_calibration_scheduler.v"
"C","TB","rtl/ppg_adc_result_router/tb_ppg_adc_result_router.v"
"B","RTL","rtl/ppg_400hz_frame_calibration_scheduler/ppg_400hz_frame_calibration_scheduler.v"
"C","RTL","rtl/ppg_adc_result_router/ppg_adc_result_router.v"
"C","TB","rtl/ppg_adc_programmable_reconstructor/tb_ppg_adc_programmable_reconstructor.v"
"C","RTL","rtl/ppg_adc_programmable_reconstructor/ppg_adc_programmable_reconstructor.v"
"B","TB","rtl/ppg_amb_recheck_scheduler/tb_ppg_amb_recheck_scheduler.v"
"B","RTL","rtl/ppg_amb_recheck_scheduler/ppg_amb_recheck_scheduler.v"
"C","TB","rtl/ppg_adc_s1_redundancy_corrector/tb_ppg_adc_s1_redundancy_corrector.v"
"C","RTL","rtl/ppg_adc_s1_redundancy_corrector/ppg_adc_s1_redundancy_corrector.v"
"A","RTL","rtl/ppg_digital_shell/ppg_digital_shell.v"
"C","TB","rtl/ppg_peak_valley_window_detector/tb_ppg_peak_valley_window_detector.v"
"C","RTL","rtl/ppg_peak_valley_window_detector/ppg_peak_valley_window_detector.v"
"D","RTL","rtl/ppg_spi_register_file/ppg_spi_register_file.v"
"D","RTL","rtl/ppg_config_cdc_bridge/ppg_config_cdc_bridge.v"
"D","RTL","rtl/ppg_p2s_packer/ppg_p2s_packer.v"
"B","TB","rtl/ppg_sar9_sar15_safe_selection_wrapper/tb_ppg_sar9_sar15_safe_selection_wrapper.v"
"B","RTL","rtl/ppg_sar9_sar15_safe_selection_wrapper/ppg_sar9_sar15_safe_selection_wrapper.v"
"D","TB","rtl/ppg_characterization_control_cdc/tb_ppg_characterization_control_cdc.v"
"D","RTL","rtl/ppg_characterization_control_cdc/ppg_characterization_control_cdc.v"
"A","TB","rtl/ppg_timing_sar9/tb_ppg_timing_sar9.v"
"A","RTL","rtl/ppg_timing_sar9/ppg_timing_sar9_3200hz.v"
"A","RTL","rtl/ppg_timing_sar9/ppg_timing_sar9.v"
"C","TB","rtl/ppg_coarse_detection_fir/tb_ppg_coarse_detection_fir.v"
"C","RTL","rtl/ppg_coarse_detection_fir/ppg_coarse_detection_fir.v"
"D","RTL","rtl/ppg_reset_sync/ppg_reset_sync.v"
"D","RTL","rtl/ppg_pulse_cdc_sync/ppg_pulse_cdc_sync.v"
"C","TB","rtl/ppg_dynamic_baseline_cross_detector/tb_ppg_dynamic_baseline_phase_a_arithmetic_equivalence.v"
"C","TB","rtl/ppg_dynamic_baseline_cross_detector/tb_ppg_dynamic_baseline_cross_detector.v"
"C","RTL","rtl/ppg_dynamic_baseline_cross_detector/ppg_dynamic_baseline_cross_detector.v"
"C","TB","rtl/ppg_control_top/tb_ppg_real_raw_generator_selfcheck.v"
"C","支持头文件","rtl/ppg_control_top/tb_ppg_real_raw_generator.vh"
"C","支持头文件","rtl/ppg_control_top/tb_ppg_jnt_baseline_prefix.vh"
"B","TB","rtl/ppg_precision_window_integration/tb_ppg_precision_window_integration.v"
"B","TB","rtl/ppg_control_top/tb_ppg_control_top_startup_idac_calibration.v"
"B","RTL","rtl/ppg_precision_window_integration/ppg_precision_window_integration.v"
"A","TB","rtl/ppg_control_top/tb_ppg_control_top_robustness_corner_waveforms.v"
"B","TB","rtl/ppg_control_top/tb_ppg_control_top_periodic_recheck_recovery.v"
"C","TB","rtl/ppg_control_top/tb_ppg_control_top_peak_valley_return.v"
"B","TB","rtl/ppg_control_top/tb_ppg_control_top_owner_identity_backpressure.v"
"B","TB","rtl/ppg_control_top/tb_ppg_control_top_no_recheck_control.v"
"C","TB","rtl/ppg_control_top/tb_ppg_control_top_normal_slow_tracking.v"
"A","TB","rtl/ppg_control_top/tb_ppg_control_top_long_10_cycles.v"
"A","TB","rtl/ppg_control_top/tb_ppg_control_top_longrun.v"
"B","TB","rtl/ppg_control_top/tb_ppg_control_top_lifecycle_fault_adc_anomaly.v"
"D","TB","rtl/ppg_control_top/tb_ppg_control_top_input_light_static_matrix.v"
"B","TB","rtl/ppg_control_top/tb_ppg_control_top_injection.v"
"D","TB","rtl/ppg_control_top/tb_ppg_control_top_idac_bus_isolation.v"
"C","TB","rtl/ppg_control_top/tb_ppg_control_top_fir_tail_isolation.v"
"C","TB","rtl/ppg_control_top/tb_ppg_control_top_baseline_cross.v"
"C","TB","rtl/ppg_control_top/tb_ppg_control_top_adc_numeric_scoreboard.v"
"A","TB","rtl/ppg_control_top/tb_ppg_control_top.v"
"A","TB","rtl/ppg_control_top/tb_diag_algo_probe.v"
"A","RTL","rtl/ppg_control_top/ppg_control_top.v"
"A","TB","rtl/ppg_dual_precision_top/tb_ppg_dual_precision_top.v"
"A","RTL","rtl/ppg_dual_precision_top/ppg_dual_precision_top.v"
"B","TB","rtl/ppg_precision_window_controller/tb_ppg_precision_window_controller.v"
"B","RTL","rtl/ppg_precision_window_controller/ppg_precision_window_controller.v"
"B","TB","rtl/ppg_system_fault_abort_supervisor/tb_ppg_system_fault_abort_supervisor.v"
"B","RTL","rtl/ppg_system_fault_abort_supervisor/ppg_system_fault_abort_supervisor.v"
"A","TB","rtl/ppg_timing_3200hz_validation/tb_ppg_timing_3200hz.v"
"A","RTL","rtl/ppg_timing_sar15/ppg_timing_sar15.v"
"A","RTL","rtl/ppg_digital_esd_shell/ppg_digital_esd_shell.v"
"A","TB","rtl/ppg_timing_sar15/tb_ppg_timing_sar15.v"
"A","RTL","rtl/ppg_timing_sar15/ppg_timing_sar15_3200hz.v"
"D","RTL","rtl/ppg_system_config_manager/ppg_system_config_manager.v"
"D","TB","rtl/ppg_system_config_manager/tb_ppg_system_config_manager.v"
"D","TB","rtl/ppg_chip_digital_top/tb_ppg_chip_digital_top.v"
"D","RTL","rtl/ppg_chip_digital_top/ppg_chip_digital_top.v"
"D","TB","rtl/ppg_system_active_config_unpack/tb_ppg_system_active_config_unpack.v"
"D","RTL","rtl/ppg_system_active_config_unpack/ppg_system_active_config_unpack.v"
"C","TB","rtl/ppg_idac_code_controller/tb_ppg_idac_code_controller.v"
"C","RTL","rtl/ppg_idac_code_controller/ppg_idac_code_controller.v"
"C","TB","rtl/ppg_normal_transaction_fork/tb_ppg_normal_transaction_fork.v"
"C","RTL","rtl/ppg_normal_transaction_fork/ppg_normal_transaction_fork.v"

