point_id	mode	event	slot	frame	tick	sf	lt	param	extra
MC1_F1_GEN_DUAL_IR_LOST	GEN_DUAL	PREC_IR_LOST	IR	0	0	-1	0	20	V2_TIMEOUT_CYCLES=6000000
MC2_RECHECK_CAL_LOST_BUSY	RECHECK	RECHECK_CAL_BUSY	CAL	0	0	-1	0	20	V2_TIMEOUT_CYCLES=8000000
MC3_L6_RED_t1	DUAL9	START_DELAY	ANY	3	1	-1	0	0	
MC3_L6_RED_t44	DUAL9	START_DELAY	ANY	3	44	-1	0	0	
MC3_L6_RED_t200	DUAL9	START_DELAY	ANY	3	200	-1	0	0	
MC3_L6_RED_t300	DUAL9	START_DELAY	ANY	3	300	-1	0	0	
MC3_L6_RED_t318	DUAL9	START_DELAY	ANY	3	318	-1	0	0	
MC3_L6_IR_t161	DUAL9	START_DELAY	ANY	3	161	-1	0	0	
MC3_L6_IR_t204	DUAL9	START_DELAY	ANY	3	204	-1	0	0	
MC3_L6_IR_t460	DUAL9	START_DELAY	ANY	3	460	-1	0	0	
MC3_L6_IR_t477	DUAL9	START_DELAY	ANY	3	477	-1	0	0	
MC3_L6_CAL_sf1_lt1	SEARCH	START_DELAY	ANY	0	626	1	1	0	
MC3_L6_CAL_sf1_lt10	SEARCH	START_DELAY	ANY	0	635	1	10	0	
MC3_L6_CAL_sf1_lt266	SEARCH	START_DELAY	ANY	0	891	1	266	0	
MC3_L6_CAL_sf1_lt283	SEARCH	START_DELAY	ANY	0	908	1	283	0	
MC4_EXCC_SEARCH_LATE_CAL	SEARCH	LATE	CAL	0	100	-1	0	20	
MC5_SID05_POSTBUSY_ACROSS_248	SEARCH	POSTBUSY	CAL	0	925	1	300	20	
MC5_SID05_POSTBUSY_CROSS_FRAME	SEARCH	POSTBUSY	CAL	0	4675	7	300	20	V2_FAULT_SERIAL=2
MC6_LATE_CROSS_FRAME	DUAL9	LATE	RED	3	200	-1	0	20	
MC7_RED15_LOST	RED15	LOST	RED	3	100	-1	0	20	
MC8_CAUSE07_FOREVER	DUAL9	FOREVER	RED	3	100	-1	0	20	V2_TIMEOUT_CYCLES=60000
MC9_LATE_AT_VOID_t4499	DUAL9	LATE	RED	3	4499	-1	0	20	V2_ADC_DONE_MODE=2
MC9_LATE_AT_VOID_t4500	DUAL9	LATE	RED	3	4500	-1	0	20	V2_ADC_DONE_MODE=2
MC9_LATE_AT_VOID_t4501	DUAL9	LATE	RED	3	4501	-1	0	20	V2_ADC_DONE_MODE=2
MC9_LATE_AT_VOID_t4502	DUAL9	LATE	RED	3	4502	-1	0	20	V2_ADC_DONE_MODE=2
