"contract","path","current_version","status","dependencies_as_written","verdict","limit"
"C11","C:/Users/DAWN/.codex/visualizations/2026/10/02/01a0fd16-9489-7e50-a7b6-a1178fd92bf1/ppg_audit/snapshot/contracts/PPG_ADC_S1_PROGRAMMABLE_CALIBRATOR_CONTRACT.md","V1","完成","| C02 | `ppg_system_config_manager/ppg_system_config_manager_semantic_contract.md` | V4.9 | Committed ACTIVE, config/epoch ownership and RUN lifecycle. |；| C05 | `ppg_system_active_config_unpack/ppg_system_active_config_unpack_semantic_contract.md` | V5 | Sole decoded Stage1 calibration-field interpretation. |；| C10 | `ppg_system_integration/PPG_ADC_MEASUREMENT_AND_IDAC_INTEGRATION_WRAPPER_INTERFACE_CONTRACT.md` | V2.3 | AMI parent, generation/discard and data-chain integration ownership. |；| C12 | `ppg_system_integration/PPG_ADC_S1_CALIBRATOR_TO_ROUTER_INTERFACE_CONTRACT.md` | V1.3 | Formal retained-output router boundary. |","页眉当前规范优先，旧V1/V2/V3/历史冻结不是另一个当前权威","依赖snapshot/contracts按文件名重定位；旧ppg_system_integration链接/行号关联A F003；无全系统签核"
"C12","C:/Users/DAWN/.codex/visualizations/2026/10/02/01a0fd16-9489-7e50-a7b6-a1178fd92bf1/ppg_audit/snapshot/contracts/PPG_ADC_S1_CALIBRATOR_TO_ROUTER_INTERFACE_CONTRACT.md","V1.3","完成","| C10 | `ppg_system_integration/PPG_ADC_MEASUREMENT_AND_IDAC_INTEGRATION_WRAPPER_INTERFACE_CONTRACT.md` | V2.3 | AMI parent, generation/discard and router integration ownership. |；| C11 | `ppg_system_integration/PPG_ADC_S1_PROGRAMMABLE_CALIBRATOR_CONTRACT.md` | V1 | Sole upstream calibrated retained transaction. |；| C13 | `ppg_system_integration/PPG_ADC_ROUTER_TO_PIPELINE_OVERLAP_INTERFACE_CONTRACT.md` | V1.2 | Sole NORMAL downstream overlap boundary. |","页眉当前规范优先，旧V1/V2/V3/历史冻结不是另一个当前权威","依赖snapshot/contracts按文件名重定位；旧ppg_system_integration链接/行号关联A F003；无全系统签核"
"C13","C:/Users/DAWN/.codex/visualizations/2026/10/02/01a0fd16-9489-7e50-a7b6-a1178fd92bf1/ppg_audit/snapshot/contracts/PPG_ADC_ROUTER_TO_PIPELINE_OVERLAP_INTERFACE_CONTRACT.md","V1.2","完成","| C10 | `ppg_system_integration/PPG_ADC_MEASUREMENT_AND_IDAC_INTEGRATION_WRAPPER_INTERFACE_CONTRACT.md` | V2.3 | AMI parent, generation/discard and NORMAL routing ownership. |；| C11 | `ppg_system_integration/PPG_ADC_S1_PROGRAMMABLE_CALIBRATOR_CONTRACT.md` | V1 | Calibrated source payload and metadata semantics. |；| C12 | `ppg_system_integration/PPG_ADC_S1_CALIBRATOR_TO_ROUTER_INTERFACE_CONTRACT.md` | V1.3 | Router NORMAL branch handshake and payload mapping. |；| C14 | `ppg_system_integration/PPG_ADC_PROGRAMMABLE_RECONSTRUCTOR_INTERFACE_CONTRACT.md` | V1.2 | Sole downstream reconstructor boundary. |","接口缺五epoch和router local_empty关联A F002/F004；不重复编号","依赖snapshot/contracts按文件名重定位；旧ppg_system_integration链接/行号关联A F003；无全系统签核"
"C14","C:/Users/DAWN/.codex/visualizations/2026/10/02/01a0fd16-9489-7e50-a7b6-a1178fd92bf1/ppg_audit/snapshot/contracts/PPG_ADC_PROGRAMMABLE_RECONSTRUCTOR_INTERFACE_CONTRACT.md","V1.2","完成","| C10 | `ppg_system_integration/PPG_ADC_MEASUREMENT_AND_IDAC_INTEGRATION_WRAPPER_INTERFACE_CONTRACT.md` | V2.3 | AMI parent, generation/discard and data-chain integration ownership. |；| C13 | `ppg_system_integration/PPG_ADC_ROUTER_TO_PIPELINE_OVERLAP_INTERFACE_CONTRACT.md` | V1.2 | Sole upstream overlap-corrected NORMAL transaction boundary. |；| C15 | `ppg_system_integration/PPG_ADC_DC_RECOVERY_INTERFACE_CONTRACT.md` | V1 | Sole downstream DC-recovery boundary. |","页眉当前规范优先，旧V1/V2/V3/历史冻结不是另一个当前权威","依赖snapshot/contracts按文件名重定位；旧ppg_system_integration链接/行号关联A F003；无全系统签核"
"C15","C:/Users/DAWN/.codex/visualizations/2026/10/02/01a0fd16-9489-7e50-a7b6-a1178fd92bf1/ppg_audit/snapshot/contracts/PPG_ADC_DC_RECOVERY_INTERFACE_CONTRACT.md","V1","完成","| C10 | `ppg_system_integration/PPG_ADC_MEASUREMENT_AND_IDAC_INTEGRATION_WRAPPER_INTERFACE_CONTRACT.md` | V2.3 | AMI parent, generation/discard and recovery integration ownership. |；| C14 | `ppg_system_integration/PPG_ADC_PROGRAMMABLE_RECONSTRUCTOR_INTERFACE_CONTRACT.md` | V1.2 | Sole upstream reconstructed NORMAL transaction boundary. |；| C18 | `ppg_system_integration/PPG_PRECISION_WINDOW_INTEGRATION_WRAPPER_INTERFACE_CONTRACT.md` | V2.1 | Sole downstream detection-chain integration boundary. |","页眉当前规范优先，旧V1/V2/V3/历史冻结不是另一个当前权威","依赖snapshot/contracts按文件名重定位；旧ppg_system_integration链接/行号关联A F003；无全系统签核"
"C17","C:/Users/DAWN/.codex/visualizations/2026/10/02/01a0fd16-9489-7e50-a7b6-a1178fd92bf1/ppg_audit/snapshot/contracts/PPG_IDAC_CODE_CONTROLLER_V2_INTERFACE_CONTRACT.md","V2.3","完成","| C02 | `ppg_system_config_manager/ppg_system_config_manager_semantic_contract.md` | V4.9 | RUN lifecycle and committed ACTIVE ownership. |；| C05 | `ppg_system_active_config_unpack/ppg_system_active_config_unpack_semantic_contract.md` | V5 | Sole decoded V4 IDAC-field interpretation. |；| C10 | `ppg_system_integration/PPG_ADC_MEASUREMENT_AND_IDAC_INTEGRATION_WRAPPER_INTERFACE_CONTRACT.md` | V2.3 | AMI parent, transaction context and AMI-only blocking-fault record promotion. |；| C16 | `ppg_system_integration/PPG_NORMAL_FORK_IDAC_TRACKING_AMB_RECHECK_INTERFACE_CONTRACT.md` | V2.1 | Sole NORMAL tracking and AMB-recheck transaction source. |；| C24 | `ppg_system_integration/PPG_SYSTEM_FAULT_ABORT_SUPERVISOR_INTERFACE_CONTRACT.md` | V1.5 | System blocking-fault consumption after the required AMI record-promotion boundary. |","V2.3注入增补与V2.2基准组合；C006端口、C007周期行为未同步","依赖snapshot/contracts按文件名重定位；旧ppg_system_integration链接/行号关联A F003；无全系统签核"
"C19","C:/Users/DAWN/.codex/visualizations/2026/10/02/01a0fd16-9489-7e50-a7b6-a1178fd92bf1/ppg_audit/snapshot/contracts/PPG_COARSE_DETECTION_FIR_INTERFACE_CONTRACT.md","V2.5","完成","| C15 | `ppg_system_integration/PPG_ADC_DC_RECOVERY_INTERFACE_CONTRACT.md` | V1 | Sole recovered-NORMAL coarse-sample source. |；| C18 | `ppg_system_integration/PPG_PRECISION_WINDOW_INTEGRATION_WRAPPER_INTERFACE_CONTRACT.md` | V2.1 | Sole detection parent, V5 forwarding and discard broadcast owner. |；| C20 | `ppg_system_integration/PPG_DYNAMIC_BASELINE_SLOPE_AND_UPWARD_CROSSING_INTERFACE_CONTRACT.md` | V2.6 | One direct detection-fork consumer of FIR output. |；| C22 | `ppg_system_integration/PPG_PEAK_VALLEY_WINDOW_DETECTOR_INTERFACE_CONTRACT.md` | V2.6 | One direct detection-fork consumer of FIR output. |；| C23 | `ppg_system_integration/PPG_PRECISION_WINDOW_CONTROLLER_INTERFACE_CONTRACT.md` | V2.6 | Consumes FIR local-empty/qualification and cannot redefine FIR ownership. |","V2.5注入增补；C001旧TB文字滞后","依赖snapshot/contracts按文件名重定位；旧ppg_system_integration链接/行号关联A F003；无全系统签核"
"C20","C:/Users/DAWN/.codex/visualizations/2026/10/02/01a0fd16-9489-7e50-a7b6-a1178fd92bf1/ppg_audit/snapshot/contracts/PPG_DYNAMIC_BASELINE_SLOPE_AND_UPWARD_CROSSING_INTERFACE_CONTRACT.md","V2.6","完成","| C18 | `ppg_system_integration/PPG_PRECISION_WINDOW_INTEGRATION_WRAPPER_INTERFACE_CONTRACT.md` | V2.1 | Sole PWI parent, V5 forwarding and discard broadcast boundary. |；| C19 | `ppg_system_integration/PPG_COARSE_DETECTION_FIR_INTERFACE_CONTRACT.md` | V2.5 | Sole qualified FIR transaction source. |；| C21 | `ppg_system_integration/PPG_DYNAMIC_BASELINE_ARITHMETIC_OPTIMIZATION_CONTRACT.md` | V1.2 | Normative arithmetic sub-rule for this module only. |","页眉当前规范优先，旧V1/V2/V3/历史冻结不是另一个当前权威","依赖snapshot/contracts按文件名重定位；旧ppg_system_integration链接/行号关联A F003；无全系统签核"
"C21","C:/Users/DAWN/.codex/visualizations/2026/10/02/01a0fd16-9489-7e50-a7b6-a1178fd92bf1/ppg_audit/snapshot/contracts/PPG_DYNAMIC_BASELINE_ARITHMETIC_OPTIMIZATION_CONTRACT.md","V1.2","完成","| C20 | `ppg_system_integration/PPG_DYNAMIC_BASELINE_SLOPE_AND_UPWARD_CROSSING_INTERFACE_CONTRACT.md` | V2.6 | Parent interface, lifecycle and external arithmetic semantics. |","页眉当前规范优先，旧V1/V2/V3/历史冻结不是另一个当前权威","依赖snapshot/contracts按文件名重定位；旧ppg_system_integration链接/行号关联A F003；无全系统签核"
"C22","C:/Users/DAWN/.codex/visualizations/2026/10/02/01a0fd16-9489-7e50-a7b6-a1178fd92bf1/ppg_audit/snapshot/contracts/PPG_PEAK_VALLEY_WINDOW_DETECTOR_INTERFACE_CONTRACT.md","V2.6","完成","| C18 | `ppg_system_integration/PPG_PRECISION_WINDOW_INTEGRATION_WRAPPER_INTERFACE_CONTRACT.md` | V2.1 | Sole PWI parent, V5 forwarding and discard broadcast boundary. |；| C19 | `ppg_system_integration/PPG_COARSE_DETECTION_FIR_INTERFACE_CONTRACT.md` | V2.5 | Sole qualified FIR transaction source. |；| C20 | `ppg_system_integration/PPG_DYNAMIC_BASELINE_SLOPE_AND_UPWARD_CROSSING_INTERFACE_CONTRACT.md` | V2.6 | Cross-event collaborator; no shared owner transfer. |；| C23 | `ppg_system_integration/PPG_PRECISION_WINDOW_CONTROLLER_INTERFACE_CONTRACT.md` | V2.6 | Sole precision request/commit consumer. |","页眉当前规范优先，旧V1/V2/V3/历史冻结不是另一个当前权威","依赖snapshot/contracts按文件名重定位；旧ppg_system_integration链接/行号关联A F003；无全系统签核"
"C25","C:/Users/DAWN/.codex/visualizations/2026/10/02/01a0fd16-9489-7e50-a7b6-a1178fd92bf1/ppg_audit/snapshot/contracts/PPG_REAL_PPG_RAW_GENERATOR_TESTBENCH_CONTRACT.md","V1.7","完成","","页眉当前规范优先，旧V1/V2/V3/历史冻结不是另一个当前权威","依赖snapshot/contracts按文件名重定位；旧ppg_system_integration链接/行号关联A F003；无全系统签核"
