id,definition_anchors,rtl_tag_count,tb_code_reference_count,registry_reference_count,mechanical_review,semantic_review,missing_links,closure_verdict
AMI-01,contracts/PPG_ADC_MEASUREMENT_AND_IDAC_INTEGRATION_WRAPPER_INTERFACE_CONTRACT.md:1213,0,2,4,完成；逐来源见evidence/id_four_link_audit.json,至少family抽查；报告批次9及实际全文；不声称每个ID动态签核,无同名@satisfies,不把文字联系或历史PASS判为CLOSED；全局台账由A汇总
AMI-02,contracts/PPG_ADC_MEASUREMENT_AND_IDAC_INTEGRATION_WRAPPER_INTERFACE_CONTRACT.md:1214,0,2,4,完成；逐来源见evidence/id_four_link_audit.json,至少family抽查；报告批次9及实际全文；不声称每个ID动态签核,无同名@satisfies,不把文字联系或历史PASS判为CLOSED；全局台账由A汇总
AMI-03,contracts/PPG_ADC_MEASUREMENT_AND_IDAC_INTEGRATION_WRAPPER_INTERFACE_CONTRACT.md:1215,0,2,4,完成；逐来源见evidence/id_four_link_audit.json,至少family抽查；报告批次9及实际全文；不声称每个ID动态签核,无同名@satisfies,不把文字联系或历史PASS判为CLOSED；全局台账由A汇总
AMI-04,contracts/PPG_ADC_MEASUREMENT_AND_IDAC_INTEGRATION_WRAPPER_INTERFACE_CONTRACT.md:1216,0,2,4,完成；逐来源见evidence/id_four_link_audit.json,至少family抽查；报告批次9及实际全文；不声称每个ID动态签核,无同名@satisfies,不把文字联系或历史PASS判为CLOSED；全局台账由A汇总
AMI-05,contracts/PPG_ADC_MEASUREMENT_AND_IDAC_INTEGRATION_WRAPPER_INTERFACE_CONTRACT.md:1217,0,2,4,完成；逐来源见evidence/id_four_link_audit.json,至少family抽查；报告批次9及实际全文；不声称每个ID动态签核,无同名@satisfies,不把文字联系或历史PASS判为CLOSED；全局台账由A汇总
AMI-06,contracts/PPG_ADC_MEASUREMENT_AND_IDAC_INTEGRATION_WRAPPER_INTERFACE_CONTRACT.md:1218,0,2,4,完成；逐来源见evidence/id_four_link_audit.json,至少family抽查；报告批次9及实际全文；不声称每个ID动态签核,无同名@satisfies,不把文字联系或历史PASS判为CLOSED；全局台账由A汇总
AMI-07,contracts/PPG_ADC_MEASUREMENT_AND_IDAC_INTEGRATION_WRAPPER_INTERFACE_CONTRACT.md:1219,0,2,4,完成；逐来源见evidence/id_four_link_audit.json,至少family抽查；报告批次9及实际全文；不声称每个ID动态签核,无同名@satisfies,不把文字联系或历史PASS判为CLOSED；全局台账由A汇总
AMI-08,contracts/PPG_ADC_MEASUREMENT_AND_IDAC_INTEGRATION_WRAPPER_INTERFACE_CONTRACT.md:1220,0,2,4,完成；逐来源见evidence/id_four_link_audit.json,至少family抽查；报告批次9及实际全文；不声称每个ID动态签核,无同名@satisfies,不把文字联系或历史PASS判为CLOSED；全局台账由A汇总
AMI-09,contracts/PPG_ADC_MEASUREMENT_AND_IDAC_INTEGRATION_WRAPPER_INTERFACE_CONTRACT.md:1221,0,2,4,完成；逐来源见evidence/id_four_link_audit.json,至少family抽查；报告批次9及实际全文；不声称每个ID动态签核,无同名@satisfies,不把文字联系或历史PASS判为CLOSED；全局台账由A汇总
AMI-10,contracts/PPG_ADC_MEASUREMENT_AND_IDAC_INTEGRATION_WRAPPER_INTERFACE_CONTRACT.md:1222,0,2,4,完成；逐来源见evidence/id_four_link_audit.json,至少family抽查；报告批次9及实际全文；不声称每个ID动态签核,无同名@satisfies,不把文字联系或历史PASS判为CLOSED；全局台账由A汇总
AMI-11,contracts/PPG_ADC_MEASUREMENT_AND_IDAC_INTEGRATION_WRAPPER_INTERFACE_CONTRACT.md:1223,0,2,4,完成；逐来源见evidence/id_four_link_audit.json,至少family抽查；报告批次9及实际全文；不声称每个ID动态签核,无同名@satisfies,不把文字联系或历史PASS判为CLOSED；全局台账由A汇总
AMI-12,contracts/PPG_ADC_MEASUREMENT_AND_IDAC_INTEGRATION_WRAPPER_INTERFACE_CONTRACT.md:1224,0,2,4,完成；逐来源见evidence/id_four_link_audit.json,至少family抽查；报告批次9及实际全文；不声称每个ID动态签核,无同名@satisfies,不把文字联系或历史PASS判为CLOSED；全局台账由A汇总
AMI-13,contracts/PPG_ADC_MEASUREMENT_AND_IDAC_INTEGRATION_WRAPPER_INTERFACE_CONTRACT.md:1225,0,2,4,完成；逐来源见evidence/id_four_link_audit.json,至少family抽查；报告批次9及实际全文；不声称每个ID动态签核,无同名@satisfies,不把文字联系或历史PASS判为CLOSED；全局台账由A汇总
AMI-14,contracts/PPG_ADC_MEASUREMENT_AND_IDAC_INTEGRATION_WRAPPER_INTERFACE_CONTRACT.md:1226,0,2,4,完成；逐来源见evidence/id_four_link_audit.json,至少family抽查；报告批次9及实际全文；不声称每个ID动态签核,无同名@satisfies,不把文字联系或历史PASS判为CLOSED；全局台账由A汇总
AMI-15,contracts/PPG_ADC_MEASUREMENT_AND_IDAC_INTEGRATION_WRAPPER_INTERFACE_CONTRACT.md:1227,0,2,4,完成；逐来源见evidence/id_four_link_audit.json,至少family抽查；报告批次9及实际全文；不声称每个ID动态签核,无同名@satisfies,不把文字联系或历史PASS判为CLOSED；全局台账由A汇总
AMI-16,contracts/PPG_ADC_MEASUREMENT_AND_IDAC_INTEGRATION_WRAPPER_INTERFACE_CONTRACT.md:1228,0,2,4,完成；逐来源见evidence/id_four_link_audit.json,至少family抽查；报告批次9及实际全文；不声称每个ID动态签核,无同名@satisfies,不把文字联系或历史PASS判为CLOSED；全局台账由A汇总
AMI-17,contracts/PPG_ADC_MEASUREMENT_AND_IDAC_INTEGRATION_WRAPPER_INTERFACE_CONTRACT.md:1229,0,2,4,完成；逐来源见evidence/id_four_link_audit.json,至少family抽查；报告批次9及实际全文；不声称每个ID动态签核,无同名@satisfies,不把文字联系或历史PASS判为CLOSED；全局台账由A汇总
AMI-18,contracts/PPG_ADC_MEASUREMENT_AND_IDAC_INTEGRATION_WRAPPER_INTERFACE_CONTRACT.md:1230,0,2,4,完成；逐来源见evidence/id_four_link_audit.json,至少family抽查；报告批次9及实际全文；不声称每个ID动态签核,无同名@satisfies,不把文字联系或历史PASS判为CLOSED；全局台账由A汇总
AMI-19,contracts/PPG_ADC_MEASUREMENT_AND_IDAC_INTEGRATION_WRAPPER_INTERFACE_CONTRACT.md:1231,0,2,4,完成；逐来源见evidence/id_four_link_audit.json,至少family抽查；报告批次9及实际全文；不声称每个ID动态签核,无同名@satisfies,不把文字联系或历史PASS判为CLOSED；全局台账由A汇总
AMI-20,contracts/PPG_ADC_MEASUREMENT_AND_IDAC_INTEGRATION_WRAPPER_INTERFACE_CONTRACT.md:1232,0,2,4,完成；逐来源见evidence/id_four_link_audit.json,至少family抽查；报告批次9及实际全文；不声称每个ID动态签核,无同名@satisfies,不把文字联系或历史PASS判为CLOSED；全局台账由A汇总
AMI-21,contracts/PPG_ADC_MEASUREMENT_AND_IDAC_INTEGRATION_WRAPPER_INTERFACE_CONTRACT.md:1233,0,2,4,完成；逐来源见evidence/id_four_link_audit.json,至少family抽查；报告批次9及实际全文；不声称每个ID动态签核,无同名@satisfies,不把文字联系或历史PASS判为CLOSED；全局台账由A汇总
AMI-22,contracts/PPG_ADC_MEASUREMENT_AND_IDAC_INTEGRATION_WRAPPER_INTERFACE_CONTRACT.md:1234,0,2,4,完成；逐来源见evidence/id_four_link_audit.json,至少family抽查；报告批次9及实际全文；不声称每个ID动态签核,无同名@satisfies,不把文字联系或历史PASS判为CLOSED；全局台账由A汇总
AMI-23,contracts/PPG_ADC_MEASUREMENT_AND_IDAC_INTEGRATION_WRAPPER_INTERFACE_CONTRACT.md:1235,0,2,4,完成；逐来源见evidence/id_four_link_audit.json,至少family抽查；报告批次9及实际全文；不声称每个ID动态签核,无同名@satisfies,不把文字联系或历史PASS判为CLOSED；全局台账由A汇总
AMI-24,contracts/PPG_ADC_MEASUREMENT_AND_IDAC_INTEGRATION_WRAPPER_INTERFACE_CONTRACT.md:1236,0,2,4,完成；逐来源见evidence/id_four_link_audit.json,至少family抽查；报告批次9及实际全文；不声称每个ID动态签核,无同名@satisfies,不把文字联系或历史PASS判为CLOSED；全局台账由A汇总
AMI-25,contracts/PPG_ADC_MEASUREMENT_AND_IDAC_INTEGRATION_WRAPPER_INTERFACE_CONTRACT.md:1237,0,2,4,完成；逐来源见evidence/id_four_link_audit.json,至少family抽查；报告批次9及实际全文；不声称每个ID动态签核,无同名@satisfies,不把文字联系或历史PASS判为CLOSED；全局台账由A汇总
AMI-26,contracts/PPG_ADC_MEASUREMENT_AND_IDAC_INTEGRATION_WRAPPER_INTERFACE_CONTRACT.md:1238,0,2,4,完成；逐来源见evidence/id_four_link_audit.json,至少family抽查；报告批次9及实际全文；不声称每个ID动态签核,无同名@satisfies,不把文字联系或历史PASS判为CLOSED；全局台账由A汇总
AMI-27,contracts/PPG_ADC_MEASUREMENT_AND_IDAC_INTEGRATION_WRAPPER_INTERFACE_CONTRACT.md:1239,0,2,4,完成；逐来源见evidence/id_four_link_audit.json,至少family抽查；报告批次9及实际全文；不声称每个ID动态签核,无同名@satisfies,不把文字联系或历史PASS判为CLOSED；全局台账由A汇总
AMI-28,contracts/PPG_ADC_MEASUREMENT_AND_IDAC_INTEGRATION_WRAPPER_INTERFACE_CONTRACT.md:1240,0,2,4,完成；逐来源见evidence/id_four_link_audit.json,至少family抽查；报告批次9及实际全文；不声称每个ID动态签核,无同名@satisfies,不把文字联系或历史PASS判为CLOSED；全局台账由A汇总
AMI-29,contracts/PPG_ADC_MEASUREMENT_AND_IDAC_INTEGRATION_WRAPPER_INTERFACE_CONTRACT.md:1241,0,2,4,完成；逐来源见evidence/id_four_link_audit.json,至少family抽查；报告批次9及实际全文；不声称每个ID动态签核,无同名@satisfies,不把文字联系或历史PASS判为CLOSED；全局台账由A汇总
AMI-30,contracts/PPG_ADC_MEASUREMENT_AND_IDAC_INTEGRATION_WRAPPER_INTERFACE_CONTRACT.md:1242,0,2,4,完成；逐来源见evidence/id_four_link_audit.json,至少family抽查；报告批次9及实际全文；不声称每个ID动态签核,无同名@satisfies,不把文字联系或历史PASS判为CLOSED；全局台账由A汇总
AMI-31,contracts/PPG_ADC_MEASUREMENT_AND_IDAC_INTEGRATION_WRAPPER_INTERFACE_CONTRACT.md:1243,0,2,4,完成；逐来源见evidence/id_four_link_audit.json,至少family抽查；报告批次9及实际全文；不声称每个ID动态签核,无同名@satisfies,不把文字联系或历史PASS判为CLOSED；全局台账由A汇总
AMI-32,contracts/PPG_ADC_MEASUREMENT_AND_IDAC_INTEGRATION_WRAPPER_INTERFACE_CONTRACT.md:1244,0,2,4,完成；逐来源见evidence/id_four_link_audit.json,至少family抽查；报告批次9及实际全文；不声称每个ID动态签核,无同名@satisfies,不把文字联系或历史PASS判为CLOSED；全局台账由A汇总
AMI-33,contracts/PPG_ADC_MEASUREMENT_AND_IDAC_INTEGRATION_WRAPPER_INTERFACE_CONTRACT.md:1245,0,2,4,完成；逐来源见evidence/id_four_link_audit.json,至少family抽查；报告批次9及实际全文；不声称每个ID动态签核,无同名@satisfies,不把文字联系或历史PASS判为CLOSED；全局台账由A汇总
AMI-34,contracts/PPG_ADC_MEASUREMENT_AND_IDAC_INTEGRATION_WRAPPER_INTERFACE_CONTRACT.md:1246,0,2,4,完成；逐来源见evidence/id_four_link_audit.json,至少family抽查；报告批次9及实际全文；不声称每个ID动态签核,无同名@satisfies,不把文字联系或历史PASS判为CLOSED；全局台账由A汇总
AMI-35,contracts/PPG_ADC_MEASUREMENT_AND_IDAC_INTEGRATION_WRAPPER_INTERFACE_CONTRACT.md:1247,0,2,4,完成；逐来源见evidence/id_four_link_audit.json,至少family抽查；报告批次9及实际全文；不声称每个ID动态签核,无同名@satisfies,不把文字联系或历史PASS判为CLOSED；全局台账由A汇总
AMI-36,contracts/PPG_ADC_MEASUREMENT_AND_IDAC_INTEGRATION_WRAPPER_INTERFACE_CONTRACT.md:1248,0,2,4,完成；逐来源见evidence/id_four_link_audit.json,至少family抽查；报告批次9及实际全文；不声称每个ID动态签核,无同名@satisfies,不把文字联系或历史PASS判为CLOSED；全局台账由A汇总
AMI-37,contracts/PPG_ADC_MEASUREMENT_AND_IDAC_INTEGRATION_WRAPPER_INTERFACE_CONTRACT.md:1249,0,3,4,完成；逐来源见evidence/id_four_link_audit.json,至少family抽查；报告批次9及实际全文；不声称每个ID动态签核,无同名@satisfies,不把文字联系或历史PASS判为CLOSED；全局台账由A汇总
AMI-38,contracts/PPG_ADC_MEASUREMENT_AND_IDAC_INTEGRATION_WRAPPER_INTERFACE_CONTRACT.md:1250,0,2,4,完成；逐来源见evidence/id_four_link_audit.json,至少family抽查；报告批次9及实际全文；不声称每个ID动态签核,无同名@satisfies,不把文字联系或历史PASS判为CLOSED；全局台账由A汇总
AMI-39,contracts/PPG_ADC_MEASUREMENT_AND_IDAC_INTEGRATION_WRAPPER_INTERFACE_CONTRACT.md:1251,0,2,4,完成；逐来源见evidence/id_four_link_audit.json,至少family抽查；报告批次9及实际全文；不声称每个ID动态签核,无同名@satisfies,不把文字联系或历史PASS判为CLOSED；全局台账由A汇总
AMI-40,contracts/PPG_ADC_MEASUREMENT_AND_IDAC_INTEGRATION_WRAPPER_INTERFACE_CONTRACT.md:1252,0,2,4,完成；逐来源见evidence/id_four_link_audit.json,至少family抽查；报告批次9及实际全文；不声称每个ID动态签核,无同名@satisfies,不把文字联系或历史PASS判为CLOSED；全局台账由A汇总
AMI-41,contracts/PPG_ADC_MEASUREMENT_AND_IDAC_INTEGRATION_WRAPPER_INTERFACE_CONTRACT.md:1253,0,2,4,完成；逐来源见evidence/id_four_link_audit.json,至少family抽查；报告批次9及实际全文；不声称每个ID动态签核,无同名@satisfies,不把文字联系或历史PASS判为CLOSED；全局台账由A汇总
AMI-42,contracts/PPG_ADC_MEASUREMENT_AND_IDAC_INTEGRATION_WRAPPER_INTERFACE_CONTRACT.md:1254,0,2,4,完成；逐来源见evidence/id_four_link_audit.json,至少family抽查；报告批次9及实际全文；不声称每个ID动态签核,无同名@satisfies,不把文字联系或历史PASS判为CLOSED；全局台账由A汇总
AMI-43,contracts/PPG_ADC_MEASUREMENT_AND_IDAC_INTEGRATION_WRAPPER_INTERFACE_CONTRACT.md:1255,0,2,4,完成；逐来源见evidence/id_four_link_audit.json,至少family抽查；报告批次9及实际全文；不声称每个ID动态签核,无同名@satisfies,不把文字联系或历史PASS判为CLOSED；全局台账由A汇总
AMI-44,contracts/PPG_ADC_MEASUREMENT_AND_IDAC_INTEGRATION_WRAPPER_INTERFACE_CONTRACT.md:1256,0,2,4,完成；逐来源见evidence/id_four_link_audit.json,至少family抽查；报告批次9及实际全文；不声称每个ID动态签核,无同名@satisfies,不把文字联系或历史PASS判为CLOSED；全局台账由A汇总
AMI-45,contracts/PPG_ADC_MEASUREMENT_AND_IDAC_INTEGRATION_WRAPPER_INTERFACE_CONTRACT.md:1257,0,2,4,完成；逐来源见evidence/id_four_link_audit.json,至少family抽查；报告批次9及实际全文；不声称每个ID动态签核,无同名@satisfies,不把文字联系或历史PASS判为CLOSED；全局台账由A汇总
AMI-46,contracts/PPG_ADC_MEASUREMENT_AND_IDAC_INTEGRATION_WRAPPER_INTERFACE_CONTRACT.md:1258,0,2,4,完成；逐来源见evidence/id_four_link_audit.json,至少family抽查；报告批次9及实际全文；不声称每个ID动态签核,无同名@satisfies,不把文字联系或历史PASS判为CLOSED；全局台账由A汇总
AMI-47,contracts/PPG_ADC_MEASUREMENT_AND_IDAC_INTEGRATION_WRAPPER_INTERFACE_CONTRACT.md:1259,0,2,7,完成；逐来源见evidence/id_four_link_audit.json,至少family抽查；报告批次9及实际全文；不声称每个ID动态签核,无同名@satisfies,不把文字联系或历史PASS判为CLOSED；全局台账由A汇总
AMI-48,contracts/PPG_ADC_MEASUREMENT_AND_IDAC_INTEGRATION_WRAPPER_INTERFACE_CONTRACT.md:1260,0,0,0,完成；逐来源见evidence/id_four_link_audit.json,至少family抽查；报告批次9及实际全文；不声称每个ID动态签核,无同名@satisfies；无同名TB代码引用；无同名matrix/alias引用,不把文字联系或历史PASS判为CLOSED；全局台账由A汇总
AMI-49,contracts/PPG_ADC_MEASUREMENT_AND_IDAC_INTEGRATION_WRAPPER_INTERFACE_CONTRACT.md:1261,0,0,0,完成；逐来源见evidence/id_four_link_audit.json,至少family抽查；报告批次9及实际全文；不声称每个ID动态签核,无同名@satisfies；无同名TB代码引用；无同名matrix/alias引用,不把文字联系或历史PASS判为CLOSED；全局台账由A汇总
AMI-50,contracts/PPG_ADC_MEASUREMENT_AND_IDAC_INTEGRATION_WRAPPER_INTERFACE_CONTRACT.md:1262,0,0,0,完成；逐来源见evidence/id_four_link_audit.json,至少family抽查；报告批次9及实际全文；不声称每个ID动态签核,无同名@satisfies；无同名TB代码引用；无同名matrix/alias引用,不把文字联系或历史PASS判为CLOSED；全局台账由A汇总
AMI-51,contracts/PPG_ADC_MEASUREMENT_AND_IDAC_INTEGRATION_WRAPPER_INTERFACE_CONTRACT.md:1263,0,0,0,完成；逐来源见evidence/id_four_link_audit.json,至少family抽查；报告批次9及实际全文；不声称每个ID动态签核,无同名@satisfies；无同名TB代码引用；无同名matrix/alias引用,不把文字联系或历史PASS判为CLOSED；全局台账由A汇总
AMI-52,contracts/PPG_ADC_MEASUREMENT_AND_IDAC_INTEGRATION_WRAPPER_INTERFACE_CONTRACT.md:1264,0,0,0,完成；逐来源见evidence/id_four_link_audit.json,至少family抽查；报告批次9及实际全文；不声称每个ID动态签核,无同名@satisfies；无同名TB代码引用；无同名matrix/alias引用,不把文字联系或历史PASS判为CLOSED；全局台账由A汇总
AMI-53,contracts/PPG_ADC_MEASUREMENT_AND_IDAC_INTEGRATION_WRAPPER_INTERFACE_CONTRACT.md:1265,0,0,0,完成；逐来源见evidence/id_four_link_audit.json,至少family抽查；报告批次9及实际全文；不声称每个ID动态签核,无同名@satisfies；无同名TB代码引用；无同名matrix/alias引用,不把文字联系或历史PASS判为CLOSED；全局台账由A汇总
AMI-54,contracts/PPG_ADC_MEASUREMENT_AND_IDAC_INTEGRATION_WRAPPER_INTERFACE_CONTRACT.md:1266,0,0,4,完成；逐来源见evidence/id_four_link_audit.json,至少family抽查；报告批次9及实际全文；不声称每个ID动态签核,无同名@satisfies；无同名TB代码引用,不把文字联系或历史PASS判为CLOSED；全局台账由A汇总
AMR-01,contracts/PPG_NORMAL_FORK_IDAC_TRACKING_AMB_RECHECK_INTERFACE_CONTRACT.md:651,0,1,0,完成；逐来源见evidence/id_four_link_audit.json,至少family抽查；报告批次9及实际全文；不声称每个ID动态签核,无同名@satisfies；无同名matrix/alias引用,不把文字联系或历史PASS判为CLOSED；全局台账由A汇总
AMR-02,contracts/PPG_NORMAL_FORK_IDAC_TRACKING_AMB_RECHECK_INTERFACE_CONTRACT.md:652,0,2,0,完成；逐来源见evidence/id_four_link_audit.json,至少family抽查；报告批次9及实际全文；不声称每个ID动态签核,无同名@satisfies；无同名matrix/alias引用,不把文字联系或历史PASS判为CLOSED；全局台账由A汇总
AMR-03,contracts/PPG_NORMAL_FORK_IDAC_TRACKING_AMB_RECHECK_INTERFACE_CONTRACT.md:653,0,1,0,完成；逐来源见evidence/id_four_link_audit.json,至少family抽查；报告批次9及实际全文；不声称每个ID动态签核,无同名@satisfies；无同名matrix/alias引用,不把文字联系或历史PASS判为CLOSED；全局台账由A汇总
AMR-04,contracts/PPG_NORMAL_FORK_IDAC_TRACKING_AMB_RECHECK_INTERFACE_CONTRACT.md:654,0,1,0,完成；逐来源见evidence/id_four_link_audit.json,至少family抽查；报告批次9及实际全文；不声称每个ID动态签核,无同名@satisfies；无同名matrix/alias引用,不把文字联系或历史PASS判为CLOSED；全局台账由A汇总
AMR-05,contracts/PPG_NORMAL_FORK_IDAC_TRACKING_AMB_RECHECK_INTERFACE_CONTRACT.md:655,0,1,0,完成；逐来源见evidence/id_four_link_audit.json,至少family抽查；报告批次9及实际全文；不声称每个ID动态签核,无同名@satisfies；无同名matrix/alias引用,不把文字联系或历史PASS判为CLOSED；全局台账由A汇总
AMR-06,contracts/PPG_NORMAL_FORK_IDAC_TRACKING_AMB_RECHECK_INTERFACE_CONTRACT.md:656,0,1,0,完成；逐来源见evidence/id_four_link_audit.json,至少family抽查；报告批次9及实际全文；不声称每个ID动态签核,无同名@satisfies；无同名matrix/alias引用,不把文字联系或历史PASS判为CLOSED；全局台账由A汇总
AMR-07,contracts/PPG_NORMAL_FORK_IDAC_TRACKING_AMB_RECHECK_INTERFACE_CONTRACT.md:657,0,1,0,完成；逐来源见evidence/id_four_link_audit.json,至少family抽查；报告批次9及实际全文；不声称每个ID动态签核,无同名@satisfies；无同名matrix/alias引用,不把文字联系或历史PASS判为CLOSED；全局台账由A汇总
AMR-08,contracts/PPG_NORMAL_FORK_IDAC_TRACKING_AMB_RECHECK_INTERFACE_CONTRACT.md:658,0,0,0,完成；逐来源见evidence/id_four_link_audit.json,至少family抽查；报告批次9及实际全文；不声称每个ID动态签核,无同名@satisfies；无同名TB代码引用；无同名matrix/alias引用,不把文字联系或历史PASS判为CLOSED；全局台账由A汇总
AMR-09,contracts/PPG_NORMAL_FORK_IDAC_TRACKING_AMB_RECHECK_INTERFACE_CONTRACT.md:659,0,0,0,完成；逐来源见evidence/id_four_link_audit.json,至少family抽查；报告批次9及实际全文；不声称每个ID动态签核,无同名@satisfies；无同名TB代码引用；无同名matrix/alias引用,不把文字联系或历史PASS判为CLOSED；全局台账由A汇总
AMR-10,contracts/PPG_NORMAL_FORK_IDAC_TRACKING_AMB_RECHECK_INTERFACE_CONTRACT.md:660,0,1,0,完成；逐来源见evidence/id_four_link_audit.json,至少family抽查；报告批次9及实际全文；不声称每个ID动态签核,无同名@satisfies；无同名matrix/alias引用,不把文字联系或历史PASS判为CLOSED；全局台账由A汇总
AMR-11,contracts/PPG_NORMAL_FORK_IDAC_TRACKING_AMB_RECHECK_INTERFACE_CONTRACT.md:661,0,1,0,完成；逐来源见evidence/id_four_link_audit.json,至少family抽查；报告批次9及实际全文；不声称每个ID动态签核,无同名@satisfies；无同名matrix/alias引用,不把文字联系或历史PASS判为CLOSED；全局台账由A汇总
AMR-12,contracts/PPG_NORMAL_FORK_IDAC_TRACKING_AMB_RECHECK_INTERFACE_CONTRACT.md:662,0,1,0,完成；逐来源见evidence/id_four_link_audit.json,至少family抽查；报告批次9及实际全文；不声称每个ID动态签核,无同名@satisfies；无同名matrix/alias引用,不把文字联系或历史PASS判为CLOSED；全局台账由A汇总
AMR-13,contracts/PPG_NORMAL_FORK_IDAC_TRACKING_AMB_RECHECK_INTERFACE_CONTRACT.md:663,0,0,0,完成；逐来源见evidence/id_four_link_audit.json,至少family抽查；报告批次9及实际全文；不声称每个ID动态签核,无同名@satisfies；无同名TB代码引用；无同名matrix/alias引用,不把文字联系或历史PASS判为CLOSED；全局台账由A汇总
AMR-14,contracts/PPG_NORMAL_FORK_IDAC_TRACKING_AMB_RECHECK_INTERFACE_CONTRACT.md:664,0,1,0,完成；逐来源见evidence/id_four_link_audit.json,至少family抽查；报告批次9及实际全文；不声称每个ID动态签核,无同名@satisfies；无同名matrix/alias引用,不把文字联系或历史PASS判为CLOSED；全局台账由A汇总
FFK-01,contracts/PPG_NORMAL_FORK_IDAC_TRACKING_AMB_RECHECK_INTERFACE_CONTRACT.md:617,0,3,1,完成；逐来源见evidence/id_four_link_audit.json,至少family抽查；报告批次9及实际全文；不声称每个ID动态签核,无同名@satisfies,不把文字联系或历史PASS判为CLOSED；全局台账由A汇总
FFK-02,contracts/PPG_NORMAL_FORK_IDAC_TRACKING_AMB_RECHECK_INTERFACE_CONTRACT.md:618,0,5,4,完成；逐来源见evidence/id_four_link_audit.json,至少family抽查；报告批次9及实际全文；不声称每个ID动态签核,无同名@satisfies,不把文字联系或历史PASS判为CLOSED；全局台账由A汇总
FFK-03,contracts/PPG_NORMAL_FORK_IDAC_TRACKING_AMB_RECHECK_INTERFACE_CONTRACT.md:619,0,5,2,完成；逐来源见evidence/id_four_link_audit.json,至少family抽查；报告批次9及实际全文；不声称每个ID动态签核,无同名@satisfies,不把文字联系或历史PASS判为CLOSED；全局台账由A汇总
FFK-04,contracts/PPG_NORMAL_FORK_IDAC_TRACKING_AMB_RECHECK_INTERFACE_CONTRACT.md:620,0,4,1,完成；逐来源见evidence/id_four_link_audit.json,至少family抽查；报告批次9及实际全文；不声称每个ID动态签核,无同名@satisfies,不把文字联系或历史PASS判为CLOSED；全局台账由A汇总
FFK-05,contracts/PPG_NORMAL_FORK_IDAC_TRACKING_AMB_RECHECK_INTERFACE_CONTRACT.md:621,0,7,1,完成；逐来源见evidence/id_four_link_audit.json,至少family抽查；报告批次9及实际全文；不声称每个ID动态签核,无同名@satisfies,不把文字联系或历史PASS判为CLOSED；全局台账由A汇总
FFK-06,contracts/PPG_NORMAL_FORK_IDAC_TRACKING_AMB_RECHECK_INTERFACE_CONTRACT.md:622,0,5,2,完成；逐来源见evidence/id_four_link_audit.json,至少family抽查；报告批次9及实际全文；不声称每个ID动态签核,无同名@satisfies,不把文字联系或历史PASS判为CLOSED；全局台账由A汇总
FFK-07,contracts/PPG_NORMAL_FORK_IDAC_TRACKING_AMB_RECHECK_INTERFACE_CONTRACT.md:623,0,2,1,完成；逐来源见evidence/id_four_link_audit.json,至少family抽查；报告批次9及实际全文；不声称每个ID动态签核,无同名@satisfies,不把文字联系或历史PASS判为CLOSED；全局台账由A汇总
FFK-08,contracts/PPG_NORMAL_FORK_IDAC_TRACKING_AMB_RECHECK_INTERFACE_CONTRACT.md:624,0,5,1,完成；逐来源见evidence/id_four_link_audit.json,至少family抽查；报告批次9及实际全文；不声称每个ID动态签核,无同名@satisfies,不把文字联系或历史PASS判为CLOSED；全局台账由A汇总
FFK-09,contracts/PPG_NORMAL_FORK_IDAC_TRACKING_AMB_RECHECK_INTERFACE_CONTRACT.md:625,0,6,1,完成；逐来源见evidence/id_four_link_audit.json,至少family抽查；报告批次9及实际全文；不声称每个ID动态签核,无同名@satisfies,不把文字联系或历史PASS判为CLOSED；全局台账由A汇总
FSC-01,contracts/PPG_400HZ_FRAME_CALIBRATION_SCHEDULER_INTERFACE_CONTRACT.md:1133,0,3,0,完成；逐来源见evidence/id_four_link_audit.json,至少family抽查；报告批次9及实际全文；不声称每个ID动态签核,无同名@satisfies；无同名matrix/alias引用,不把文字联系或历史PASS判为CLOSED；全局台账由A汇总
FSC-02,contracts/PPG_400HZ_FRAME_CALIBRATION_SCHEDULER_INTERFACE_CONTRACT.md:1134,0,2,0,完成；逐来源见evidence/id_four_link_audit.json,至少family抽查；报告批次9及实际全文；不声称每个ID动态签核,无同名@satisfies；无同名matrix/alias引用,不把文字联系或历史PASS判为CLOSED；全局台账由A汇总
FSC-03,contracts/PPG_400HZ_FRAME_CALIBRATION_SCHEDULER_INTERFACE_CONTRACT.md:1135,0,2,0,完成；逐来源见evidence/id_four_link_audit.json,至少family抽查；报告批次9及实际全文；不声称每个ID动态签核,无同名@satisfies；无同名matrix/alias引用,不把文字联系或历史PASS判为CLOSED；全局台账由A汇总
FSC-04,contracts/PPG_400HZ_FRAME_CALIBRATION_SCHEDULER_INTERFACE_CONTRACT.md:1136,0,2,0,完成；逐来源见evidence/id_four_link_audit.json,至少family抽查；报告批次9及实际全文；不声称每个ID动态签核,无同名@satisfies；无同名matrix/alias引用,不把文字联系或历史PASS判为CLOSED；全局台账由A汇总
FSC-05,contracts/PPG_400HZ_FRAME_CALIBRATION_SCHEDULER_INTERFACE_CONTRACT.md:1137,0,2,0,完成；逐来源见evidence/id_four_link_audit.json,至少family抽查；报告批次9及实际全文；不声称每个ID动态签核,无同名@satisfies；无同名matrix/alias引用,不把文字联系或历史PASS判为CLOSED；全局台账由A汇总
FSC-06,contracts/PPG_400HZ_FRAME_CALIBRATION_SCHEDULER_INTERFACE_CONTRACT.md:1138,0,2,0,完成；逐来源见evidence/id_four_link_audit.json,至少family抽查；报告批次9及实际全文；不声称每个ID动态签核,无同名@satisfies；无同名matrix/alias引用,不把文字联系或历史PASS判为CLOSED；全局台账由A汇总
FSC-07,contracts/PPG_400HZ_FRAME_CALIBRATION_SCHEDULER_INTERFACE_CONTRACT.md:1139,0,2,0,完成；逐来源见evidence/id_four_link_audit.json,至少family抽查；报告批次9及实际全文；不声称每个ID动态签核,无同名@satisfies；无同名matrix/alias引用,不把文字联系或历史PASS判为CLOSED；全局台账由A汇总
FSC-08,contracts/PPG_400HZ_FRAME_CALIBRATION_SCHEDULER_INTERFACE_CONTRACT.md:1140,0,2,0,完成；逐来源见evidence/id_four_link_audit.json,至少family抽查；报告批次9及实际全文；不声称每个ID动态签核,无同名@satisfies；无同名matrix/alias引用,不把文字联系或历史PASS判为CLOSED；全局台账由A汇总
FSC-09,contracts/PPG_400HZ_FRAME_CALIBRATION_SCHEDULER_INTERFACE_CONTRACT.md:1141,0,2,0,完成；逐来源见evidence/id_four_link_audit.json,至少family抽查；报告批次9及实际全文；不声称每个ID动态签核,无同名@satisfies；无同名matrix/alias引用,不把文字联系或历史PASS判为CLOSED；全局台账由A汇总
FSC-10,contracts/PPG_400HZ_FRAME_CALIBRATION_SCHEDULER_INTERFACE_CONTRACT.md:1142,0,2,0,完成；逐来源见evidence/id_four_link_audit.json,至少family抽查；报告批次9及实际全文；不声称每个ID动态签核,无同名@satisfies；无同名matrix/alias引用,不把文字联系或历史PASS判为CLOSED；全局台账由A汇总
FSC-11,contracts/PPG_400HZ_FRAME_CALIBRATION_SCHEDULER_INTERFACE_CONTRACT.md:1143,0,2,0,完成；逐来源见evidence/id_four_link_audit.json,至少family抽查；报告批次9及实际全文；不声称每个ID动态签核,无同名@satisfies；无同名matrix/alias引用,不把文字联系或历史PASS判为CLOSED；全局台账由A汇总
FSC-12,contracts/PPG_400HZ_FRAME_CALIBRATION_SCHEDULER_INTERFACE_CONTRACT.md:1144,0,2,0,完成；逐来源见evidence/id_four_link_audit.json,至少family抽查；报告批次9及实际全文；不声称每个ID动态签核,无同名@satisfies；无同名matrix/alias引用,不把文字联系或历史PASS判为CLOSED；全局台账由A汇总
FSC-13,contracts/PPG_400HZ_FRAME_CALIBRATION_SCHEDULER_INTERFACE_CONTRACT.md:1145,0,2,0,完成；逐来源见evidence/id_four_link_audit.json,至少family抽查；报告批次9及实际全文；不声称每个ID动态签核,无同名@satisfies；无同名matrix/alias引用,不把文字联系或历史PASS判为CLOSED；全局台账由A汇总
FSC-14,contracts/PPG_400HZ_FRAME_CALIBRATION_SCHEDULER_INTERFACE_CONTRACT.md:1146,0,2,0,完成；逐来源见evidence/id_four_link_audit.json,至少family抽查；报告批次9及实际全文；不声称每个ID动态签核,无同名@satisfies；无同名matrix/alias引用,不把文字联系或历史PASS判为CLOSED；全局台账由A汇总
FSC-15,contracts/PPG_400HZ_FRAME_CALIBRATION_SCHEDULER_INTERFACE_CONTRACT.md:1147,0,2,0,完成；逐来源见evidence/id_four_link_audit.json,至少family抽查；报告批次9及实际全文；不声称每个ID动态签核,无同名@satisfies；无同名matrix/alias引用,不把文字联系或历史PASS判为CLOSED；全局台账由A汇总
FSC-16,contracts/PPG_400HZ_FRAME_CALIBRATION_SCHEDULER_INTERFACE_CONTRACT.md:1148,0,2,0,完成；逐来源见evidence/id_four_link_audit.json,至少family抽查；报告批次9及实际全文；不声称每个ID动态签核,无同名@satisfies；无同名matrix/alias引用,不把文字联系或历史PASS判为CLOSED；全局台账由A汇总
FSC-17,contracts/PPG_400HZ_FRAME_CALIBRATION_SCHEDULER_INTERFACE_CONTRACT.md:1149,0,2,0,完成；逐来源见evidence/id_four_link_audit.json,至少family抽查；报告批次9及实际全文；不声称每个ID动态签核,无同名@satisfies；无同名matrix/alias引用,不把文字联系或历史PASS判为CLOSED；全局台账由A汇总
FSC-18,contracts/PPG_400HZ_FRAME_CALIBRATION_SCHEDULER_INTERFACE_CONTRACT.md:1150,0,2,0,完成；逐来源见evidence/id_four_link_audit.json,至少family抽查；报告批次9及实际全文；不声称每个ID动态签核,无同名@satisfies；无同名matrix/alias引用,不把文字联系或历史PASS判为CLOSED；全局台账由A汇总
FSC-19,contracts/PPG_400HZ_FRAME_CALIBRATION_SCHEDULER_INTERFACE_CONTRACT.md:1151,0,2,0,完成；逐来源见evidence/id_four_link_audit.json,至少family抽查；报告批次9及实际全文；不声称每个ID动态签核,无同名@satisfies；无同名matrix/alias引用,不把文字联系或历史PASS判为CLOSED；全局台账由A汇总
FSC-20,contracts/PPG_400HZ_FRAME_CALIBRATION_SCHEDULER_INTERFACE_CONTRACT.md:1152,0,2,0,完成；逐来源见evidence/id_four_link_audit.json,至少family抽查；报告批次9及实际全文；不声称每个ID动态签核,无同名@satisfies；无同名matrix/alias引用,不把文字联系或历史PASS判为CLOSED；全局台账由A汇总
FSC-21,contracts/PPG_400HZ_FRAME_CALIBRATION_SCHEDULER_INTERFACE_CONTRACT.md:1153,0,2,0,完成；逐来源见evidence/id_four_link_audit.json,至少family抽查；报告批次9及实际全文；不声称每个ID动态签核,无同名@satisfies；无同名matrix/alias引用,不把文字联系或历史PASS判为CLOSED；全局台账由A汇总
FSC-22,contracts/PPG_400HZ_FRAME_CALIBRATION_SCHEDULER_INTERFACE_CONTRACT.md:1154,0,2,0,完成；逐来源见evidence/id_four_link_audit.json,至少family抽查；报告批次9及实际全文；不声称每个ID动态签核,无同名@satisfies；无同名matrix/alias引用,不把文字联系或历史PASS判为CLOSED；全局台账由A汇总
FSC-23,contracts/PPG_400HZ_FRAME_CALIBRATION_SCHEDULER_INTERFACE_CONTRACT.md:1155,0,2,0,完成；逐来源见evidence/id_four_link_audit.json,至少family抽查；报告批次9及实际全文；不声称每个ID动态签核,无同名@satisfies；无同名matrix/alias引用,不把文字联系或历史PASS判为CLOSED；全局台账由A汇总
FSC-24,contracts/PPG_400HZ_FRAME_CALIBRATION_SCHEDULER_INTERFACE_CONTRACT.md:1156,0,2,0,完成；逐来源见evidence/id_four_link_audit.json,至少family抽查；报告批次9及实际全文；不声称每个ID动态签核,无同名@satisfies；无同名matrix/alias引用,不把文字联系或历史PASS判为CLOSED；全局台账由A汇总
FSC-25,contracts/PPG_400HZ_FRAME_CALIBRATION_SCHEDULER_INTERFACE_CONTRACT.md:1157,0,2,0,完成；逐来源见evidence/id_four_link_audit.json,至少family抽查；报告批次9及实际全文；不声称每个ID动态签核,无同名@satisfies；无同名matrix/alias引用,不把文字联系或历史PASS判为CLOSED；全局台账由A汇总
FSC-26,contracts/PPG_400HZ_FRAME_CALIBRATION_SCHEDULER_INTERFACE_CONTRACT.md:1158,0,2,0,完成；逐来源见evidence/id_four_link_audit.json,至少family抽查；报告批次9及实际全文；不声称每个ID动态签核,无同名@satisfies；无同名matrix/alias引用,不把文字联系或历史PASS判为CLOSED；全局台账由A汇总
FSC-27,contracts/PPG_400HZ_FRAME_CALIBRATION_SCHEDULER_INTERFACE_CONTRACT.md:1159,0,2,0,完成；逐来源见evidence/id_four_link_audit.json,至少family抽查；报告批次9及实际全文；不声称每个ID动态签核,无同名@satisfies；无同名matrix/alias引用,不把文字联系或历史PASS判为CLOSED；全局台账由A汇总
FSC-28,contracts/PPG_400HZ_FRAME_CALIBRATION_SCHEDULER_INTERFACE_CONTRACT.md:1160,0,2,0,完成；逐来源见evidence/id_four_link_audit.json,至少family抽查；报告批次9及实际全文；不声称每个ID动态签核,无同名@satisfies；无同名matrix/alias引用,不把文字联系或历史PASS判为CLOSED；全局台账由A汇总
FSC-29,contracts/PPG_400HZ_FRAME_CALIBRATION_SCHEDULER_INTERFACE_CONTRACT.md:1161,0,2,0,完成；逐来源见evidence/id_four_link_audit.json,至少family抽查；报告批次9及实际全文；不声称每个ID动态签核,无同名@satisfies；无同名matrix/alias引用,不把文字联系或历史PASS判为CLOSED；全局台账由A汇总
FSC-30,contracts/PPG_400HZ_FRAME_CALIBRATION_SCHEDULER_INTERFACE_CONTRACT.md:1162,0,2,0,完成；逐来源见evidence/id_four_link_audit.json,至少family抽查；报告批次9及实际全文；不声称每个ID动态签核,无同名@satisfies；无同名matrix/alias引用,不把文字联系或历史PASS判为CLOSED；全局台账由A汇总
FSC-31,contracts/PPG_400HZ_FRAME_CALIBRATION_SCHEDULER_INTERFACE_CONTRACT.md:1163,0,2,0,完成；逐来源见evidence/id_four_link_audit.json,至少family抽查；报告批次9及实际全文；不声称每个ID动态签核,无同名@satisfies；无同名matrix/alias引用,不把文字联系或历史PASS判为CLOSED；全局台账由A汇总
FSC-32,contracts/PPG_400HZ_FRAME_CALIBRATION_SCHEDULER_INTERFACE_CONTRACT.md:1164,0,2,0,完成；逐来源见evidence/id_four_link_audit.json,至少family抽查；报告批次9及实际全文；不声称每个ID动态签核,无同名@satisfies；无同名matrix/alias引用,不把文字联系或历史PASS判为CLOSED；全局台账由A汇总
FSC-33,contracts/PPG_400HZ_FRAME_CALIBRATION_SCHEDULER_INTERFACE_CONTRACT.md:1165,0,2,0,完成；逐来源见evidence/id_four_link_audit.json,至少family抽查；报告批次9及实际全文；不声称每个ID动态签核,无同名@satisfies；无同名matrix/alias引用,不把文字联系或历史PASS判为CLOSED；全局台账由A汇总
FSC-34,contracts/PPG_400HZ_FRAME_CALIBRATION_SCHEDULER_INTERFACE_CONTRACT.md:1166,0,2,0,完成；逐来源见evidence/id_four_link_audit.json,至少family抽查；报告批次9及实际全文；不声称每个ID动态签核,无同名@satisfies；无同名matrix/alias引用,不把文字联系或历史PASS判为CLOSED；全局台账由A汇总
FSC-35,contracts/PPG_400HZ_FRAME_CALIBRATION_SCHEDULER_INTERFACE_CONTRACT.md:1167,0,2,0,完成；逐来源见evidence/id_four_link_audit.json,至少family抽查；报告批次9及实际全文；不声称每个ID动态签核,无同名@satisfies；无同名matrix/alias引用,不把文字联系或历史PASS判为CLOSED；全局台账由A汇总
FSC-36,contracts/PPG_400HZ_FRAME_CALIBRATION_SCHEDULER_INTERFACE_CONTRACT.md:1168,0,2,0,完成；逐来源见evidence/id_four_link_audit.json,至少family抽查；报告批次9及实际全文；不声称每个ID动态签核,无同名@satisfies；无同名matrix/alias引用,不把文字联系或历史PASS判为CLOSED；全局台账由A汇总
FSC-37,contracts/PPG_400HZ_FRAME_CALIBRATION_SCHEDULER_INTERFACE_CONTRACT.md:1169,0,2,0,完成；逐来源见evidence/id_four_link_audit.json,至少family抽查；报告批次9及实际全文；不声称每个ID动态签核,无同名@satisfies；无同名matrix/alias引用,不把文字联系或历史PASS判为CLOSED；全局台账由A汇总
FSC-38,contracts/PPG_400HZ_FRAME_CALIBRATION_SCHEDULER_INTERFACE_CONTRACT.md:1170,0,2,0,完成；逐来源见evidence/id_four_link_audit.json,至少family抽查；报告批次9及实际全文；不声称每个ID动态签核,无同名@satisfies；无同名matrix/alias引用,不把文字联系或历史PASS判为CLOSED；全局台账由A汇总
FSC-39,contracts/PPG_400HZ_FRAME_CALIBRATION_SCHEDULER_INTERFACE_CONTRACT.md:1171,0,2,0,完成；逐来源见evidence/id_four_link_audit.json,至少family抽查；报告批次9及实际全文；不声称每个ID动态签核,无同名@satisfies；无同名matrix/alias引用,不把文字联系或历史PASS判为CLOSED；全局台账由A汇总
FSC-40,contracts/PPG_400HZ_FRAME_CALIBRATION_SCHEDULER_INTERFACE_CONTRACT.md:1172,0,2,0,完成；逐来源见evidence/id_four_link_audit.json,至少family抽查；报告批次9及实际全文；不声称每个ID动态签核,无同名@satisfies；无同名matrix/alias引用,不把文字联系或历史PASS判为CLOSED；全局台账由A汇总
FSC-41,contracts/PPG_400HZ_FRAME_CALIBRATION_SCHEDULER_INTERFACE_CONTRACT.md:1173,0,2,0,完成；逐来源见evidence/id_four_link_audit.json,至少family抽查；报告批次9及实际全文；不声称每个ID动态签核,无同名@satisfies；无同名matrix/alias引用,不把文字联系或历史PASS判为CLOSED；全局台账由A汇总
FSC-42,contracts/PPG_400HZ_FRAME_CALIBRATION_SCHEDULER_INTERFACE_CONTRACT.md:1174,0,2,0,完成；逐来源见evidence/id_four_link_audit.json,至少family抽查；报告批次9及实际全文；不声称每个ID动态签核,无同名@satisfies；无同名matrix/alias引用,不把文字联系或历史PASS判为CLOSED；全局台账由A汇总
FSC-43,contracts/PPG_400HZ_FRAME_CALIBRATION_SCHEDULER_INTERFACE_CONTRACT.md:1175,0,2,0,完成；逐来源见evidence/id_four_link_audit.json,至少family抽查；报告批次9及实际全文；不声称每个ID动态签核,无同名@satisfies；无同名matrix/alias引用,不把文字联系或历史PASS判为CLOSED；全局台账由A汇总
FSC-44,contracts/PPG_400HZ_FRAME_CALIBRATION_SCHEDULER_INTERFACE_CONTRACT.md:1176,0,2,0,完成；逐来源见evidence/id_four_link_audit.json,至少family抽查；报告批次9及实际全文；不声称每个ID动态签核,无同名@satisfies；无同名matrix/alias引用,不把文字联系或历史PASS判为CLOSED；全局台账由A汇总
FSC-45,contracts/PPG_400HZ_FRAME_CALIBRATION_SCHEDULER_INTERFACE_CONTRACT.md:1177,0,2,0,完成；逐来源见evidence/id_four_link_audit.json,至少family抽查；报告批次9及实际全文；不声称每个ID动态签核,无同名@satisfies；无同名matrix/alias引用,不把文字联系或历史PASS判为CLOSED；全局台账由A汇总
FSC-46,contracts/PPG_400HZ_FRAME_CALIBRATION_SCHEDULER_INTERFACE_CONTRACT.md:1178,0,2,0,完成；逐来源见evidence/id_four_link_audit.json,至少family抽查；报告批次9及实际全文；不声称每个ID动态签核,无同名@satisfies；无同名matrix/alias引用,不把文字联系或历史PASS判为CLOSED；全局台账由A汇总
FSC-47,contracts/PPG_400HZ_FRAME_CALIBRATION_SCHEDULER_INTERFACE_CONTRACT.md:1179,0,2,0,完成；逐来源见evidence/id_four_link_audit.json,至少family抽查；报告批次9及实际全文；不声称每个ID动态签核,无同名@satisfies；无同名matrix/alias引用,不把文字联系或历史PASS判为CLOSED；全局台账由A汇总
FSC-48,contracts/PPG_400HZ_FRAME_CALIBRATION_SCHEDULER_INTERFACE_CONTRACT.md:1180,0,2,0,完成；逐来源见evidence/id_four_link_audit.json,至少family抽查；报告批次9及实际全文；不声称每个ID动态签核,无同名@satisfies；无同名matrix/alias引用,不把文字联系或历史PASS判为CLOSED；全局台账由A汇总
FSC-49,contracts/PPG_400HZ_FRAME_CALIBRATION_SCHEDULER_INTERFACE_CONTRACT.md:1181,0,2,0,完成；逐来源见evidence/id_four_link_audit.json,至少family抽查；报告批次9及实际全文；不声称每个ID动态签核,无同名@satisfies；无同名matrix/alias引用,不把文字联系或历史PASS判为CLOSED；全局台账由A汇总
FSC-50,contracts/PPG_400HZ_FRAME_CALIBRATION_SCHEDULER_INTERFACE_CONTRACT.md:1182,0,2,0,完成；逐来源见evidence/id_four_link_audit.json,至少family抽查；报告批次9及实际全文；不声称每个ID动态签核,无同名@satisfies；无同名matrix/alias引用,不把文字联系或历史PASS判为CLOSED；全局台账由A汇总
FSC-51,contracts/PPG_400HZ_FRAME_CALIBRATION_SCHEDULER_INTERFACE_CONTRACT.md:1183,0,2,0,完成；逐来源见evidence/id_four_link_audit.json,至少family抽查；报告批次9及实际全文；不声称每个ID动态签核,无同名@satisfies；无同名matrix/alias引用,不把文字联系或历史PASS判为CLOSED；全局台账由A汇总
FSC-52,contracts/PPG_400HZ_FRAME_CALIBRATION_SCHEDULER_INTERFACE_CONTRACT.md:1184,0,2,0,完成；逐来源见evidence/id_four_link_audit.json,至少family抽查；报告批次9及实际全文；不声称每个ID动态签核,无同名@satisfies；无同名matrix/alias引用,不把文字联系或历史PASS判为CLOSED；全局台账由A汇总
FSC-53,contracts/PPG_400HZ_FRAME_CALIBRATION_SCHEDULER_INTERFACE_CONTRACT.md:1185,0,2,0,完成；逐来源见evidence/id_four_link_audit.json,至少family抽查；报告批次9及实际全文；不声称每个ID动态签核,无同名@satisfies；无同名matrix/alias引用,不把文字联系或历史PASS判为CLOSED；全局台账由A汇总
FSC-54,contracts/PPG_400HZ_FRAME_CALIBRATION_SCHEDULER_INTERFACE_CONTRACT.md:1186,0,2,0,完成；逐来源见evidence/id_four_link_audit.json,至少family抽查；报告批次9及实际全文；不声称每个ID动态签核,无同名@satisfies；无同名matrix/alias引用,不把文字联系或历史PASS判为CLOSED；全局台账由A汇总
FSC-55,contracts/PPG_400HZ_FRAME_CALIBRATION_SCHEDULER_INTERFACE_CONTRACT.md:1187,0,2,0,完成；逐来源见evidence/id_four_link_audit.json,至少family抽查；报告批次9及实际全文；不声称每个ID动态签核,无同名@satisfies；无同名matrix/alias引用,不把文字联系或历史PASS判为CLOSED；全局台账由A汇总
FSC-56,contracts/PPG_400HZ_FRAME_CALIBRATION_SCHEDULER_INTERFACE_CONTRACT.md:1188,0,2,0,完成；逐来源见evidence/id_four_link_audit.json,至少family抽查；报告批次9及实际全文；不声称每个ID动态签核,无同名@satisfies；无同名matrix/alias引用,不把文字联系或历史PASS判为CLOSED；全局台账由A汇总
FSC-57,contracts/PPG_400HZ_FRAME_CALIBRATION_SCHEDULER_INTERFACE_CONTRACT.md:1189,0,2,0,完成；逐来源见evidence/id_four_link_audit.json,至少family抽查；报告批次9及实际全文；不声称每个ID动态签核,无同名@satisfies；无同名matrix/alias引用,不把文字联系或历史PASS判为CLOSED；全局台账由A汇总
IDT-01,contracts/PPG_NORMAL_FORK_IDAC_TRACKING_AMB_RECHECK_INTERFACE_CONTRACT.md:631,0,1,0,完成；逐来源见evidence/id_four_link_audit.json,至少family抽查；报告批次9及实际全文；不声称每个ID动态签核,无同名@satisfies；无同名matrix/alias引用,不把文字联系或历史PASS判为CLOSED；全局台账由A汇总
IDT-02,contracts/PPG_NORMAL_FORK_IDAC_TRACKING_AMB_RECHECK_INTERFACE_CONTRACT.md:632,0,1,0,完成；逐来源见evidence/id_four_link_audit.json,至少family抽查；报告批次9及实际全文；不声称每个ID动态签核,无同名@satisfies；无同名matrix/alias引用,不把文字联系或历史PASS判为CLOSED；全局台账由A汇总
IDT-03,contracts/PPG_NORMAL_FORK_IDAC_TRACKING_AMB_RECHECK_INTERFACE_CONTRACT.md:633,0,1,0,完成；逐来源见evidence/id_four_link_audit.json,至少family抽查；报告批次9及实际全文；不声称每个ID动态签核,无同名@satisfies；无同名matrix/alias引用,不把文字联系或历史PASS判为CLOSED；全局台账由A汇总
IDT-04,contracts/PPG_NORMAL_FORK_IDAC_TRACKING_AMB_RECHECK_INTERFACE_CONTRACT.md:634,0,2,0,完成；逐来源见evidence/id_four_link_audit.json,至少family抽查；报告批次9及实际全文；不声称每个ID动态签核,无同名@satisfies；无同名matrix/alias引用,不把文字联系或历史PASS判为CLOSED；全局台账由A汇总
IDT-05,contracts/PPG_NORMAL_FORK_IDAC_TRACKING_AMB_RECHECK_INTERFACE_CONTRACT.md:635,0,2,0,完成；逐来源见evidence/id_four_link_audit.json,至少family抽查；报告批次9及实际全文；不声称每个ID动态签核,无同名@satisfies；无同名matrix/alias引用,不把文字联系或历史PASS判为CLOSED；全局台账由A汇总
IDT-06,contracts/PPG_NORMAL_FORK_IDAC_TRACKING_AMB_RECHECK_INTERFACE_CONTRACT.md:636,0,2,0,完成；逐来源见evidence/id_four_link_audit.json,至少family抽查；报告批次9及实际全文；不声称每个ID动态签核,无同名@satisfies；无同名matrix/alias引用,不把文字联系或历史PASS判为CLOSED；全局台账由A汇总
IDT-07,contracts/PPG_NORMAL_FORK_IDAC_TRACKING_AMB_RECHECK_INTERFACE_CONTRACT.md:637,0,1,0,完成；逐来源见evidence/id_four_link_audit.json,至少family抽查；报告批次9及实际全文；不声称每个ID动态签核,无同名@satisfies；无同名matrix/alias引用,不把文字联系或历史PASS判为CLOSED；全局台账由A汇总
IDT-08,contracts/PPG_NORMAL_FORK_IDAC_TRACKING_AMB_RECHECK_INTERFACE_CONTRACT.md:638,0,1,0,完成；逐来源见evidence/id_four_link_audit.json,至少family抽查；报告批次9及实际全文；不声称每个ID动态签核,无同名@satisfies；无同名matrix/alias引用,不把文字联系或历史PASS判为CLOSED；全局台账由A汇总
IDT-09,contracts/PPG_NORMAL_FORK_IDAC_TRACKING_AMB_RECHECK_INTERFACE_CONTRACT.md:639,0,1,0,完成；逐来源见evidence/id_four_link_audit.json,至少family抽查；报告批次9及实际全文；不声称每个ID动态签核,无同名@satisfies；无同名matrix/alias引用,不把文字联系或历史PASS判为CLOSED；全局台账由A汇总
IDT-10,contracts/PPG_NORMAL_FORK_IDAC_TRACKING_AMB_RECHECK_INTERFACE_CONTRACT.md:640,0,2,0,完成；逐来源见evidence/id_four_link_audit.json,至少family抽查；报告批次9及实际全文；不声称每个ID动态签核,无同名@satisfies；无同名matrix/alias引用,不把文字联系或历史PASS判为CLOSED；全局台账由A汇总
IDT-11,contracts/PPG_NORMAL_FORK_IDAC_TRACKING_AMB_RECHECK_INTERFACE_CONTRACT.md:641,0,2,0,完成；逐来源见evidence/id_four_link_audit.json,至少family抽查；报告批次9及实际全文；不声称每个ID动态签核,无同名@satisfies；无同名matrix/alias引用,不把文字联系或历史PASS判为CLOSED；全局台账由A汇总
IDT-12,contracts/PPG_NORMAL_FORK_IDAC_TRACKING_AMB_RECHECK_INTERFACE_CONTRACT.md:642,0,2,0,完成；逐来源见evidence/id_four_link_audit.json,至少family抽查；报告批次9及实际全文；不声称每个ID动态签核,无同名@satisfies；无同名matrix/alias引用,不把文字联系或历史PASS判为CLOSED；全局台账由A汇总
IDT-13,contracts/PPG_NORMAL_FORK_IDAC_TRACKING_AMB_RECHECK_INTERFACE_CONTRACT.md:643,0,2,0,完成；逐来源见evidence/id_four_link_audit.json,至少family抽查；报告批次9及实际全文；不声称每个ID动态签核,无同名@satisfies；无同名matrix/alias引用,不把文字联系或历史PASS判为CLOSED；全局台账由A汇总
IDT-14,contracts/PPG_NORMAL_FORK_IDAC_TRACKING_AMB_RECHECK_INTERFACE_CONTRACT.md:644,0,1,0,完成；逐来源见evidence/id_four_link_audit.json,至少family抽查；报告批次9及实际全文；不声称每个ID动态签核,无同名@satisfies；无同名matrix/alias引用,不把文字联系或历史PASS判为CLOSED；全局台账由A汇总
IDT-15,contracts/PPG_NORMAL_FORK_IDAC_TRACKING_AMB_RECHECK_INTERFACE_CONTRACT.md:645,0,4,0,完成；逐来源见evidence/id_four_link_audit.json,至少family抽查；报告批次9及实际全文；不声称每个ID动态签核,无同名@satisfies；无同名matrix/alias引用,不把文字联系或历史PASS判为CLOSED；全局台账由A汇总
LFA-01,contracts/PPG_REAL_PPG_RAW_GENERATOR_TESTBENCH_CONTRACT.md:694,2,12,7,完成；逐来源见evidence/id_four_link_audit.json,至少family抽查；报告批次9及实际全文；不声称每个ID动态签核,四类文字联系存在，仍需实际语义和当前状态判定,不把文字联系或历史PASS判为CLOSED；全局台账由A汇总
LFA-02,contracts/PPG_REAL_PPG_RAW_GENERATOR_TESTBENCH_CONTRACT.md:695,1,27,16,完成；逐来源见evidence/id_four_link_audit.json,至少family抽查；报告批次9及实际全文；不声称每个ID动态签核,四类文字联系存在，仍需实际语义和当前状态判定,不把文字联系或历史PASS判为CLOSED；全局台账由A汇总
LFA-03,contracts/PPG_REAL_PPG_RAW_GENERATOR_TESTBENCH_CONTRACT.md:696,1,4,4,完成；逐来源见evidence/id_four_link_audit.json,至少family抽查；报告批次9及实际全文；不声称每个ID动态签核,四类文字联系存在，仍需实际语义和当前状态判定,不把文字联系或历史PASS判为CLOSED；全局台账由A汇总
LFA-04,contracts/PPG_REAL_PPG_RAW_GENERATOR_TESTBENCH_CONTRACT.md:697,2,6,18,完成；逐来源见evidence/id_four_link_audit.json,至少family抽查；报告批次9及实际全文；不声称每个ID动态签核,四类文字联系存在，仍需实际语义和当前状态判定,不把文字联系或历史PASS判为CLOSED；全局台账由A汇总
LFA-05,contracts/PPG_REAL_PPG_RAW_GENERATOR_TESTBENCH_CONTRACT.md:698,2,9,5,完成；逐来源见evidence/id_four_link_audit.json,至少family抽查；报告批次9及实际全文；不声称每个ID动态签核,四类文字联系存在，仍需实际语义和当前状态判定,不把文字联系或历史PASS判为CLOSED；全局台账由A汇总
LFA-06,contracts/PPG_REAL_PPG_RAW_GENERATOR_TESTBENCH_CONTRACT.md:699,0,6,11,完成；逐来源见evidence/id_four_link_audit.json,至少family抽查；报告批次9及实际全文；不声称每个ID动态签核,无同名@satisfies,不把文字联系或历史PASS判为CLOSED；全局台账由A汇总
LFA-07,contracts/PPG_REAL_PPG_RAW_GENERATOR_TESTBENCH_CONTRACT.md:700,1,9,4,完成；逐来源见evidence/id_four_link_audit.json,至少family抽查；报告批次9及实际全文；不声称每个ID动态签核,四类文字联系存在，仍需实际语义和当前状态判定,不把文字联系或历史PASS判为CLOSED；全局台账由A汇总
LFA-08,contracts/PPG_REAL_PPG_RAW_GENERATOR_TESTBENCH_CONTRACT.md:701,0,5,15,完成；逐来源见evidence/id_four_link_audit.json,至少family抽查；报告批次9及实际全文；不声称每个ID动态签核,无同名@satisfies,不把文字联系或历史PASS判为CLOSED；全局台账由A汇总
LFA-09,contracts/PPG_REAL_PPG_RAW_GENERATOR_TESTBENCH_CONTRACT.md:702,1,5,3,完成；逐来源见evidence/id_four_link_audit.json,至少family抽查；报告批次9及实际全文；不声称每个ID动态签核,四类文字联系存在，仍需实际语义和当前状态判定,不把文字联系或历史PASS判为CLOSED；全局台账由A汇总
LFA-10,contracts/PPG_REAL_PPG_RAW_GENERATOR_TESTBENCH_CONTRACT.md:703,1,6,8,完成；逐来源见evidence/id_four_link_audit.json,至少family抽查；报告批次9及实际全文；不声称每个ID动态签核,四类文字联系存在，仍需实际语义和当前状态判定,不把文字联系或历史PASS判为CLOSED；全局台账由A汇总
LFA-11,contracts/PPG_REAL_PPG_RAW_GENERATOR_TESTBENCH_CONTRACT.md:704,1,5,4,完成；逐来源见evidence/id_four_link_audit.json,至少family抽查；报告批次9及实际全文；不声称每个ID动态签核,四类文字联系存在，仍需实际语义和当前状态判定,不把文字联系或历史PASS判为CLOSED；全局台账由A汇总
LFA-12,contracts/PPG_REAL_PPG_RAW_GENERATOR_TESTBENCH_CONTRACT.md:705,1,8,2,完成；逐来源见evidence/id_four_link_audit.json,至少family抽查；报告批次9及实际全文；不声称每个ID动态签核,四类文字联系存在，仍需实际语义和当前状态判定,不把文字联系或历史PASS判为CLOSED；全局台账由A汇总
NRE-01,contracts/PPG_REAL_PPG_RAW_GENERATOR_TESTBENCH_CONTRACT.md:618,1,2,4,完成；逐来源见evidence/id_four_link_audit.json,至少family抽查；报告批次9及实际全文；不声称每个ID动态签核,四类文字联系存在，仍需实际语义和当前状态判定,不把文字联系或历史PASS判为CLOSED；全局台账由A汇总
NRE-02,contracts/PPG_REAL_PPG_RAW_GENERATOR_TESTBENCH_CONTRACT.md:619,3,2,5,完成；逐来源见evidence/id_four_link_audit.json,至少family抽查；报告批次9及实际全文；不声称每个ID动态签核,四类文字联系存在，仍需实际语义和当前状态判定,不把文字联系或历史PASS判为CLOSED；全局台账由A汇总
NRE-03,contracts/PPG_REAL_PPG_RAW_GENERATOR_TESTBENCH_CONTRACT.md:620,2,3,4,完成；逐来源见evidence/id_four_link_audit.json,至少family抽查；报告批次9及实际全文；不声称每个ID动态签核,四类文字联系存在，仍需实际语义和当前状态判定,不把文字联系或历史PASS判为CLOSED；全局台账由A汇总
NRE-04,contracts/PPG_REAL_PPG_RAW_GENERATOR_TESTBENCH_CONTRACT.md:621,1,3,4,完成；逐来源见evidence/id_four_link_audit.json,至少family抽查；报告批次9及实际全文；不声称每个ID动态签核,四类文字联系存在，仍需实际语义和当前状态判定,不把文字联系或历史PASS判为CLOSED；全局台账由A汇总
NRE-05,contracts/PPG_REAL_PPG_RAW_GENERATOR_TESTBENCH_CONTRACT.md:622,1,3,4,完成；逐来源见evidence/id_four_link_audit.json,至少family抽查；报告批次9及实际全文；不声称每个ID动态签核,四类文字联系存在，仍需实际语义和当前状态判定,不把文字联系或历史PASS判为CLOSED；全局台账由A汇总
NRE-06,contracts/PPG_REAL_PPG_RAW_GENERATOR_TESTBENCH_CONTRACT.md:623,1,6,4,完成；逐来源见evidence/id_four_link_audit.json,至少family抽查；报告批次9及实际全文；不声称每个ID动态签核,四类文字联系存在，仍需实际语义和当前状态判定,不把文字联系或历史PASS判为CLOSED；全局台账由A汇总
OIB-01,contracts/PPG_REAL_PPG_RAW_GENERATOR_TESTBENCH_CONTRACT.md:679,1,11,10,完成；逐来源见evidence/id_four_link_audit.json,至少family抽查；报告批次9及实际全文；不声称每个ID动态签核,四类文字联系存在，仍需实际语义和当前状态判定,不把文字联系或历史PASS判为CLOSED；全局台账由A汇总
OIB-02,contracts/PPG_REAL_PPG_RAW_GENERATOR_TESTBENCH_CONTRACT.md:680,1,18,6,完成；逐来源见evidence/id_four_link_audit.json,至少family抽查；报告批次9及实际全文；不声称每个ID动态签核,四类文字联系存在，仍需实际语义和当前状态判定,不把文字联系或历史PASS判为CLOSED；全局台账由A汇总
OIB-03,contracts/PPG_REAL_PPG_RAW_GENERATOR_TESTBENCH_CONTRACT.md:681,1,18,4,完成；逐来源见evidence/id_four_link_audit.json,至少family抽查；报告批次9及实际全文；不声称每个ID动态签核,四类文字联系存在，仍需实际语义和当前状态判定,不把文字联系或历史PASS判为CLOSED；全局台账由A汇总
OIB-04,contracts/PPG_REAL_PPG_RAW_GENERATOR_TESTBENCH_CONTRACT.md:682,0,0,6,完成；逐来源见evidence/id_four_link_audit.json,至少family抽查；报告批次9及实际全文；不声称每个ID动态签核,无同名@satisfies；无同名TB代码引用,不把文字联系或历史PASS判为CLOSED；全局台账由A汇总
OIB-05,contracts/PPG_REAL_PPG_RAW_GENERATOR_TESTBENCH_CONTRACT.md:683,1,2,2,完成；逐来源见evidence/id_four_link_audit.json,至少family抽查；报告批次9及实际全文；不声称每个ID动态签核,四类文字联系存在，仍需实际语义和当前状态判定,不把文字联系或历史PASS判为CLOSED；全局台账由A汇总
OIB-06,contracts/PPG_REAL_PPG_RAW_GENERATOR_TESTBENCH_CONTRACT.md:684,0,3,8,完成；逐来源见evidence/id_four_link_audit.json,至少family抽查；报告批次9及实际全文；不声称每个ID动态签核,无同名@satisfies,不把文字联系或历史PASS判为CLOSED；全局台账由A汇总
OIB-07,contracts/PPG_REAL_PPG_RAW_GENERATOR_TESTBENCH_CONTRACT.md:685,1,4,4,完成；逐来源见evidence/id_four_link_audit.json,至少family抽查；报告批次9及实际全文；不声称每个ID动态签核,四类文字联系存在，仍需实际语义和当前状态判定,不把文字联系或历史PASS判为CLOSED；全局台账由A汇总
OIB-08,contracts/PPG_REAL_PPG_RAW_GENERATOR_TESTBENCH_CONTRACT.md:686,2,6,17,完成；逐来源见evidence/id_four_link_audit.json,至少family抽查；报告批次9及实际全文；不声称每个ID动态签核,四类文字联系存在，仍需实际语义和当前状态判定,不把文字联系或历史PASS判为CLOSED；全局台账由A汇总
OIB-09,contracts/PPG_REAL_PPG_RAW_GENERATOR_TESTBENCH_CONTRACT.md:687,1,6,2,完成；逐来源见evidence/id_four_link_audit.json,至少family抽查；报告批次9及实际全文；不声称每个ID动态签核,四类文字联系存在，仍需实际语义和当前状态判定,不把文字联系或历史PASS判为CLOSED；全局台账由A汇总
OIB-10,contracts/PPG_REAL_PPG_RAW_GENERATOR_TESTBENCH_CONTRACT.md:688,2,0,3,完成；逐来源见evidence/id_four_link_audit.json,至少family抽查；报告批次9及实际全文；不声称每个ID动态签核,无同名TB代码引用,不把文字联系或历史PASS判为CLOSED；全局台账由A汇总
PWC-01,contracts/PPG_PRECISION_WINDOW_CONTROLLER_INTERFACE_CONTRACT.md:914,1,2,2,完成；逐来源见evidence/id_four_link_audit.json,至少family抽查；报告批次9及实际全文；不声称每个ID动态签核,四类文字联系存在，仍需实际语义和当前状态判定,不把文字联系或历史PASS判为CLOSED；全局台账由A汇总
PWC-02,contracts/PPG_PRECISION_WINDOW_CONTROLLER_INTERFACE_CONTRACT.md:915,1,2,2,完成；逐来源见evidence/id_four_link_audit.json,至少family抽查；报告批次9及实际全文；不声称每个ID动态签核,四类文字联系存在，仍需实际语义和当前状态判定,不把文字联系或历史PASS判为CLOSED；全局台账由A汇总
PWC-03,contracts/PPG_PRECISION_WINDOW_CONTROLLER_INTERFACE_CONTRACT.md:916,1,2,2,完成；逐来源见evidence/id_four_link_audit.json,至少family抽查；报告批次9及实际全文；不声称每个ID动态签核,四类文字联系存在，仍需实际语义和当前状态判定,不把文字联系或历史PASS判为CLOSED；全局台账由A汇总
PWC-04,contracts/PPG_PRECISION_WINDOW_CONTROLLER_INTERFACE_CONTRACT.md:917,1,4,2,完成；逐来源见evidence/id_four_link_audit.json,至少family抽查；报告批次9及实际全文；不声称每个ID动态签核,四类文字联系存在，仍需实际语义和当前状态判定,不把文字联系或历史PASS判为CLOSED；全局台账由A汇总
PWC-05,contracts/PPG_PRECISION_WINDOW_CONTROLLER_INTERFACE_CONTRACT.md:918,1,2,2,完成；逐来源见evidence/id_four_link_audit.json,至少family抽查；报告批次9及实际全文；不声称每个ID动态签核,四类文字联系存在，仍需实际语义和当前状态判定,不把文字联系或历史PASS判为CLOSED；全局台账由A汇总
PWC-06,contracts/PPG_PRECISION_WINDOW_CONTROLLER_INTERFACE_CONTRACT.md:919,1,2,3,完成；逐来源见evidence/id_four_link_audit.json,至少family抽查；报告批次9及实际全文；不声称每个ID动态签核,四类文字联系存在，仍需实际语义和当前状态判定,不把文字联系或历史PASS判为CLOSED；全局台账由A汇总
PWC-07,contracts/PPG_PRECISION_WINDOW_CONTROLLER_INTERFACE_CONTRACT.md:920,1,2,3,完成；逐来源见evidence/id_four_link_audit.json,至少family抽查；报告批次9及实际全文；不声称每个ID动态签核,四类文字联系存在，仍需实际语义和当前状态判定,不把文字联系或历史PASS判为CLOSED；全局台账由A汇总
PWC-08,contracts/PPG_PRECISION_WINDOW_CONTROLLER_INTERFACE_CONTRACT.md:921,1,2,2,完成；逐来源见evidence/id_four_link_audit.json,至少family抽查；报告批次9及实际全文；不声称每个ID动态签核,四类文字联系存在，仍需实际语义和当前状态判定,不把文字联系或历史PASS判为CLOSED；全局台账由A汇总
PWC-09,contracts/PPG_PRECISION_WINDOW_CONTROLLER_INTERFACE_CONTRACT.md:922,1,2,2,完成；逐来源见evidence/id_four_link_audit.json,至少family抽查；报告批次9及实际全文；不声称每个ID动态签核,四类文字联系存在，仍需实际语义和当前状态判定,不把文字联系或历史PASS判为CLOSED；全局台账由A汇总
PWC-10,contracts/PPG_PRECISION_WINDOW_CONTROLLER_INTERFACE_CONTRACT.md:923,1,2,2,完成；逐来源见evidence/id_four_link_audit.json,至少family抽查；报告批次9及实际全文；不声称每个ID动态签核,四类文字联系存在，仍需实际语义和当前状态判定,不把文字联系或历史PASS判为CLOSED；全局台账由A汇总
PWC-11,contracts/PPG_PRECISION_WINDOW_CONTROLLER_INTERFACE_CONTRACT.md:924,1,2,2,完成；逐来源见evidence/id_four_link_audit.json,至少family抽查；报告批次9及实际全文；不声称每个ID动态签核,四类文字联系存在，仍需实际语义和当前状态判定,不把文字联系或历史PASS判为CLOSED；全局台账由A汇总
PWC-12,contracts/PPG_PRECISION_WINDOW_CONTROLLER_INTERFACE_CONTRACT.md:925,1,2,2,完成；逐来源见evidence/id_four_link_audit.json,至少family抽查；报告批次9及实际全文；不声称每个ID动态签核,四类文字联系存在，仍需实际语义和当前状态判定,不把文字联系或历史PASS判为CLOSED；全局台账由A汇总
PWC-13,contracts/PPG_PRECISION_WINDOW_CONTROLLER_INTERFACE_CONTRACT.md:926,1,2,2,完成；逐来源见evidence/id_four_link_audit.json,至少family抽查；报告批次9及实际全文；不声称每个ID动态签核,四类文字联系存在，仍需实际语义和当前状态判定,不把文字联系或历史PASS判为CLOSED；全局台账由A汇总
PWC-14,contracts/PPG_PRECISION_WINDOW_CONTROLLER_INTERFACE_CONTRACT.md:927,1,2,2,完成；逐来源见evidence/id_four_link_audit.json,至少family抽查；报告批次9及实际全文；不声称每个ID动态签核,四类文字联系存在，仍需实际语义和当前状态判定,不把文字联系或历史PASS判为CLOSED；全局台账由A汇总
PWC-15,contracts/PPG_PRECISION_WINDOW_CONTROLLER_INTERFACE_CONTRACT.md:928,1,3,2,完成；逐来源见evidence/id_four_link_audit.json,至少family抽查；报告批次9及实际全文；不声称每个ID动态签核,四类文字联系存在，仍需实际语义和当前状态判定,不把文字联系或历史PASS判为CLOSED；全局台账由A汇总
PWC-16,contracts/PPG_PRECISION_WINDOW_CONTROLLER_INTERFACE_CONTRACT.md:929,1,2,3,完成；逐来源见evidence/id_four_link_audit.json,至少family抽查；报告批次9及实际全文；不声称每个ID动态签核,四类文字联系存在，仍需实际语义和当前状态判定,不把文字联系或历史PASS判为CLOSED；全局台账由A汇总
PWC-17,contracts/PPG_PRECISION_WINDOW_CONTROLLER_INTERFACE_CONTRACT.md:930,1,2,2,完成；逐来源见evidence/id_four_link_audit.json,至少family抽查；报告批次9及实际全文；不声称每个ID动态签核,四类文字联系存在，仍需实际语义和当前状态判定,不把文字联系或历史PASS判为CLOSED；全局台账由A汇总
PWC-18,contracts/PPG_PRECISION_WINDOW_CONTROLLER_INTERFACE_CONTRACT.md:931,1,2,2,完成；逐来源见evidence/id_four_link_audit.json,至少family抽查；报告批次9及实际全文；不声称每个ID动态签核,四类文字联系存在，仍需实际语义和当前状态判定,不把文字联系或历史PASS判为CLOSED；全局台账由A汇总
PWC-19,contracts/PPG_PRECISION_WINDOW_CONTROLLER_INTERFACE_CONTRACT.md:932,1,2,2,完成；逐来源见evidence/id_four_link_audit.json,至少family抽查；报告批次9及实际全文；不声称每个ID动态签核,四类文字联系存在，仍需实际语义和当前状态判定,不把文字联系或历史PASS判为CLOSED；全局台账由A汇总
PWC-20,contracts/PPG_PRECISION_WINDOW_CONTROLLER_INTERFACE_CONTRACT.md:933,1,2,2,完成；逐来源见evidence/id_four_link_audit.json,至少family抽查；报告批次9及实际全文；不声称每个ID动态签核,四类文字联系存在，仍需实际语义和当前状态判定,不把文字联系或历史PASS判为CLOSED；全局台账由A汇总
PWC-21,contracts/PPG_PRECISION_WINDOW_CONTROLLER_INTERFACE_CONTRACT.md:934,1,2,2,完成；逐来源见evidence/id_four_link_audit.json,至少family抽查；报告批次9及实际全文；不声称每个ID动态签核,四类文字联系存在，仍需实际语义和当前状态判定,不把文字联系或历史PASS判为CLOSED；全局台账由A汇总
PWC-22,contracts/PPG_PRECISION_WINDOW_CONTROLLER_INTERFACE_CONTRACT.md:935,1,2,2,完成；逐来源见evidence/id_four_link_audit.json,至少family抽查；报告批次9及实际全文；不声称每个ID动态签核,四类文字联系存在，仍需实际语义和当前状态判定,不把文字联系或历史PASS判为CLOSED；全局台账由A汇总
PWC-23,contracts/PPG_PRECISION_WINDOW_CONTROLLER_INTERFACE_CONTRACT.md:936,1,2,2,完成；逐来源见evidence/id_four_link_audit.json,至少family抽查；报告批次9及实际全文；不声称每个ID动态签核,四类文字联系存在，仍需实际语义和当前状态判定,不把文字联系或历史PASS判为CLOSED；全局台账由A汇总
PWC-24,contracts/PPG_PRECISION_WINDOW_CONTROLLER_INTERFACE_CONTRACT.md:937,1,2,2,完成；逐来源见evidence/id_four_link_audit.json,至少family抽查；报告批次9及实际全文；不声称每个ID动态签核,四类文字联系存在，仍需实际语义和当前状态判定,不把文字联系或历史PASS判为CLOSED；全局台账由A汇总
PWC-25,contracts/PPG_PRECISION_WINDOW_CONTROLLER_INTERFACE_CONTRACT.md:938,1,2,2,完成；逐来源见evidence/id_four_link_audit.json,至少family抽查；报告批次9及实际全文；不声称每个ID动态签核,四类文字联系存在，仍需实际语义和当前状态判定,不把文字联系或历史PASS判为CLOSED；全局台账由A汇总
PWC-26,contracts/PPG_PRECISION_WINDOW_CONTROLLER_INTERFACE_CONTRACT.md:939,1,3,2,完成；逐来源见evidence/id_four_link_audit.json,至少family抽查；报告批次9及实际全文；不声称每个ID动态签核,四类文字联系存在，仍需实际语义和当前状态判定,不把文字联系或历史PASS判为CLOSED；全局台账由A汇总
PWC-27,contracts/PPG_PRECISION_WINDOW_CONTROLLER_INTERFACE_CONTRACT.md:940,1,2,5,完成；逐来源见evidence/id_four_link_audit.json,至少family抽查；报告批次9及实际全文；不声称每个ID动态签核,四类文字联系存在，仍需实际语义和当前状态判定,不把文字联系或历史PASS判为CLOSED；全局台账由A汇总
PWC-28,contracts/PPG_PRECISION_WINDOW_CONTROLLER_INTERFACE_CONTRACT.md:941,1,2,3,完成；逐来源见evidence/id_four_link_audit.json,至少family抽查；报告批次9及实际全文；不声称每个ID动态签核,四类文字联系存在，仍需实际语义和当前状态判定,不把文字联系或历史PASS判为CLOSED；全局台账由A汇总
PWC-29,contracts/PPG_PRECISION_WINDOW_CONTROLLER_INTERFACE_CONTRACT.md:942,1,2,2,完成；逐来源见evidence/id_four_link_audit.json,至少family抽查；报告批次9及实际全文；不声称每个ID动态签核,四类文字联系存在，仍需实际语义和当前状态判定,不把文字联系或历史PASS判为CLOSED；全局台账由A汇总
PWC-30,contracts/PPG_PRECISION_WINDOW_CONTROLLER_INTERFACE_CONTRACT.md:943,1,2,2,完成；逐来源见evidence/id_four_link_audit.json,至少family抽查；报告批次9及实际全文；不声称每个ID动态签核,四类文字联系存在，仍需实际语义和当前状态判定,不把文字联系或历史PASS判为CLOSED；全局台账由A汇总
PWC-31,contracts/PPG_PRECISION_WINDOW_CONTROLLER_INTERFACE_CONTRACT.md:944,1,2,2,完成；逐来源见evidence/id_four_link_audit.json,至少family抽查；报告批次9及实际全文；不声称每个ID动态签核,四类文字联系存在，仍需实际语义和当前状态判定,不把文字联系或历史PASS判为CLOSED；全局台账由A汇总
PWC-32,contracts/PPG_PRECISION_WINDOW_CONTROLLER_INTERFACE_CONTRACT.md:945,1,2,2,完成；逐来源见evidence/id_four_link_audit.json,至少family抽查；报告批次9及实际全文；不声称每个ID动态签核,四类文字联系存在，仍需实际语义和当前状态判定,不把文字联系或历史PASS判为CLOSED；全局台账由A汇总
PWC-33,contracts/PPG_PRECISION_WINDOW_CONTROLLER_INTERFACE_CONTRACT.md:946,1,2,3,完成；逐来源见evidence/id_four_link_audit.json,至少family抽查；报告批次9及实际全文；不声称每个ID动态签核,四类文字联系存在，仍需实际语义和当前状态判定,不把文字联系或历史PASS判为CLOSED；全局台账由A汇总
PWC-34,contracts/PPG_PRECISION_WINDOW_CONTROLLER_INTERFACE_CONTRACT.md:947,1,3,2,完成；逐来源见evidence/id_four_link_audit.json,至少family抽查；报告批次9及实际全文；不声称每个ID动态签核,四类文字联系存在，仍需实际语义和当前状态判定,不把文字联系或历史PASS判为CLOSED；全局台账由A汇总
PWC-35,contracts/PPG_PRECISION_WINDOW_CONTROLLER_INTERFACE_CONTRACT.md:948,1,3,2,完成；逐来源见evidence/id_four_link_audit.json,至少family抽查；报告批次9及实际全文；不声称每个ID动态签核,四类文字联系存在，仍需实际语义和当前状态判定,不把文字联系或历史PASS判为CLOSED；全局台账由A汇总
PWC-36,contracts/PPG_PRECISION_WINDOW_CONTROLLER_INTERFACE_CONTRACT.md:949,1,2,2,完成；逐来源见evidence/id_four_link_audit.json,至少family抽查；报告批次9及实际全文；不声称每个ID动态签核,四类文字联系存在，仍需实际语义和当前状态判定,不把文字联系或历史PASS判为CLOSED；全局台账由A汇总
PWC-37,contracts/PPG_PRECISION_WINDOW_CONTROLLER_INTERFACE_CONTRACT.md:950,1,2,2,完成；逐来源见evidence/id_four_link_audit.json,至少family抽查；报告批次9及实际全文；不声称每个ID动态签核,四类文字联系存在，仍需实际语义和当前状态判定,不把文字联系或历史PASS判为CLOSED；全局台账由A汇总
PWC-38,contracts/PPG_PRECISION_WINDOW_CONTROLLER_INTERFACE_CONTRACT.md:951,1,2,2,完成；逐来源见evidence/id_four_link_audit.json,至少family抽查；报告批次9及实际全文；不声称每个ID动态签核,四类文字联系存在，仍需实际语义和当前状态判定,不把文字联系或历史PASS判为CLOSED；全局台账由A汇总
PWC-39,contracts/PPG_PRECISION_WINDOW_CONTROLLER_INTERFACE_CONTRACT.md:952,1,2,2,完成；逐来源见evidence/id_four_link_audit.json,至少family抽查；报告批次9及实际全文；不声称每个ID动态签核,四类文字联系存在，仍需实际语义和当前状态判定,不把文字联系或历史PASS判为CLOSED；全局台账由A汇总
PWC-40,contracts/PPG_PRECISION_WINDOW_CONTROLLER_INTERFACE_CONTRACT.md:953,1,2,11,完成；逐来源见evidence/id_four_link_audit.json,至少family抽查；报告批次9及实际全文；不声称每个ID动态签核,四类文字联系存在，仍需实际语义和当前状态判定,不把文字联系或历史PASS判为CLOSED；全局台账由A汇总
PWC-41,contracts/PPG_PRECISION_WINDOW_CONTROLLER_INTERFACE_CONTRACT.md:954,2,3,4,完成；逐来源见evidence/id_four_link_audit.json,至少family抽查；报告批次9及实际全文；不声称每个ID动态签核,四类文字联系存在，仍需实际语义和当前状态判定,不把文字联系或历史PASS判为CLOSED；全局台账由A汇总
PWI-01,contracts/PPG_PRECISION_WINDOW_INTEGRATION_WRAPPER_INTERFACE_CONTRACT.md:639; contracts/PPG_PRECISION_WINDOW_CONTROLLER_INTERFACE_CONTRACT.md:963,0,2,0,完成；逐来源见evidence/id_four_link_audit.json,至少family抽查；报告批次9及实际全文；不声称每个ID动态签核,无同名@satisfies；无同名matrix/alias引用,不把文字联系或历史PASS判为CLOSED；全局台账由A汇总
PWI-02,contracts/PPG_PRECISION_WINDOW_INTEGRATION_WRAPPER_INTERFACE_CONTRACT.md:640; contracts/PPG_PRECISION_WINDOW_CONTROLLER_INTERFACE_CONTRACT.md:964,0,1,0,完成；逐来源见evidence/id_four_link_audit.json,至少family抽查；报告批次9及实际全文；不声称每个ID动态签核,无同名@satisfies；无同名matrix/alias引用,不把文字联系或历史PASS判为CLOSED；全局台账由A汇总
PWI-03,contracts/PPG_PRECISION_WINDOW_INTEGRATION_WRAPPER_INTERFACE_CONTRACT.md:641; contracts/PPG_PRECISION_WINDOW_CONTROLLER_INTERFACE_CONTRACT.md:965,0,1,0,完成；逐来源见evidence/id_four_link_audit.json,至少family抽查；报告批次9及实际全文；不声称每个ID动态签核,无同名@satisfies；无同名matrix/alias引用,不把文字联系或历史PASS判为CLOSED；全局台账由A汇总
PWI-04,contracts/PPG_PRECISION_WINDOW_INTEGRATION_WRAPPER_INTERFACE_CONTRACT.md:642; contracts/PPG_PRECISION_WINDOW_CONTROLLER_INTERFACE_CONTRACT.md:966,0,1,0,完成；逐来源见evidence/id_four_link_audit.json,至少family抽查；报告批次9及实际全文；不声称每个ID动态签核,无同名@satisfies；无同名matrix/alias引用,不把文字联系或历史PASS判为CLOSED；全局台账由A汇总
PWI-05,contracts/PPG_PRECISION_WINDOW_INTEGRATION_WRAPPER_INTERFACE_CONTRACT.md:643; contracts/PPG_PRECISION_WINDOW_CONTROLLER_INTERFACE_CONTRACT.md:967,0,2,0,完成；逐来源见evidence/id_four_link_audit.json,至少family抽查；报告批次9及实际全文；不声称每个ID动态签核,无同名@satisfies；无同名matrix/alias引用,不把文字联系或历史PASS判为CLOSED；全局台账由A汇总
PWI-06,contracts/PPG_PRECISION_WINDOW_INTEGRATION_WRAPPER_INTERFACE_CONTRACT.md:644,0,0,0,完成；逐来源见evidence/id_four_link_audit.json,至少family抽查；报告批次9及实际全文；不声称每个ID动态签核,无同名@satisfies；无同名TB代码引用；无同名matrix/alias引用,不把文字联系或历史PASS判为CLOSED；全局台账由A汇总
PWI-07,contracts/PPG_PRECISION_WINDOW_INTEGRATION_WRAPPER_INTERFACE_CONTRACT.md:645,0,0,0,完成；逐来源见evidence/id_four_link_audit.json,至少family抽查；报告批次9及实际全文；不声称每个ID动态签核,无同名@satisfies；无同名TB代码引用；无同名matrix/alias引用,不把文字联系或历史PASS判为CLOSED；全局台账由A汇总
PWI-08,contracts/PPG_PRECISION_WINDOW_INTEGRATION_WRAPPER_INTERFACE_CONTRACT.md:646,0,0,5,完成；逐来源见evidence/id_four_link_audit.json,至少family抽查；报告批次9及实际全文；不声称每个ID动态签核,无同名@satisfies；无同名TB代码引用,不把文字联系或历史PASS判为CLOSED；全局台账由A汇总
RRC-01,contracts/PPG_REAL_PPG_RAW_GENERATOR_TESTBENCH_CONTRACT.md:601,1,2,5,完成；逐来源见evidence/id_four_link_audit.json,至少family抽查；报告批次9及实际全文；不声称每个ID动态签核,四类文字联系存在，仍需实际语义和当前状态判定,不把文字联系或历史PASS判为CLOSED；全局台账由A汇总
RRC-02,contracts/PPG_REAL_PPG_RAW_GENERATOR_TESTBENCH_CONTRACT.md:602,1,5,5,完成；逐来源见evidence/id_four_link_audit.json,至少family抽查；报告批次9及实际全文；不声称每个ID动态签核,四类文字联系存在，仍需实际语义和当前状态判定,不把文字联系或历史PASS判为CLOSED；全局台账由A汇总
RRC-03,contracts/PPG_REAL_PPG_RAW_GENERATOR_TESTBENCH_CONTRACT.md:603,1,3,4,完成；逐来源见evidence/id_four_link_audit.json,至少family抽查；报告批次9及实际全文；不声称每个ID动态签核,四类文字联系存在，仍需实际语义和当前状态判定,不把文字联系或历史PASS判为CLOSED；全局台账由A汇总
RRC-04,contracts/PPG_REAL_PPG_RAW_GENERATOR_TESTBENCH_CONTRACT.md:604,4,3,10,完成；逐来源见evidence/id_four_link_audit.json,至少family抽查；报告批次9及实际全文；不声称每个ID动态签核,四类文字联系存在，仍需实际语义和当前状态判定,不把文字联系或历史PASS判为CLOSED；全局台账由A汇总
RRC-05,contracts/PPG_REAL_PPG_RAW_GENERATOR_TESTBENCH_CONTRACT.md:605,1,2,5,完成；逐来源见evidence/id_four_link_audit.json,至少family抽查；报告批次9及实际全文；不声称每个ID动态签核,四类文字联系存在，仍需实际语义和当前状态判定,不把文字联系或历史PASS判为CLOSED；全局台账由A汇总
RRC-06,contracts/PPG_REAL_PPG_RAW_GENERATOR_TESTBENCH_CONTRACT.md:606,1,2,4,完成；逐来源见evidence/id_four_link_audit.json,至少family抽查；报告批次9及实际全文；不声称每个ID动态签核,四类文字联系存在，仍需实际语义和当前状态判定,不把文字联系或历史PASS判为CLOSED；全局台账由A汇总
RRC-07,contracts/PPG_REAL_PPG_RAW_GENERATOR_TESTBENCH_CONTRACT.md:607,1,6,5,完成；逐来源见evidence/id_four_link_audit.json,至少family抽查；报告批次9及实际全文；不声称每个ID动态签核,四类文字联系存在，仍需实际语义和当前状态判定,不把文字联系或历史PASS判为CLOSED；全局台账由A汇总
RRC-08,contracts/PPG_REAL_PPG_RAW_GENERATOR_TESTBENCH_CONTRACT.md:608,1,2,4,完成；逐来源见evidence/id_four_link_audit.json,至少family抽查；报告批次9及实际全文；不声称每个ID动态签核,四类文字联系存在，仍需实际语义和当前状态判定,不把文字联系或历史PASS判为CLOSED；全局台账由A汇总
RRC-09,contracts/PPG_REAL_PPG_RAW_GENERATOR_TESTBENCH_CONTRACT.md:609,3,4,6,完成；逐来源见evidence/id_four_link_audit.json,至少family抽查；报告批次9及实际全文；不声称每个ID动态签核,四类文字联系存在，仍需实际语义和当前状态判定,不把文字联系或历史PASS判为CLOSED；全局台账由A汇总
RRC-10,contracts/PPG_REAL_PPG_RAW_GENERATOR_TESTBENCH_CONTRACT.md:610,1,2,9,完成；逐来源见evidence/id_four_link_audit.json,至少family抽查；报告批次9及实际全文；不声称每个ID动态签核,四类文字联系存在，仍需实际语义和当前状态判定,不把文字联系或历史PASS判为CLOSED；全局台账由A汇总
RRC-11,contracts/PPG_REAL_PPG_RAW_GENERATOR_TESTBENCH_CONTRACT.md:611,3,11,4,完成；逐来源见evidence/id_four_link_audit.json,至少family抽查；报告批次9及实际全文；不声称每个ID动态签核,四类文字联系存在，仍需实际语义和当前状态判定,不把文字联系或历史PASS判为CLOSED；全局台账由A汇总
RRC-12,contracts/PPG_REAL_PPG_RAW_GENERATOR_TESTBENCH_CONTRACT.md:612,1,7,4,完成；逐来源见evidence/id_four_link_audit.json,至少family抽查；报告批次9及实际全文；不声称每个ID动态签核,四类文字联系存在，仍需实际语义和当前状态判定,不把文字联系或历史PASS判为CLOSED；全局台账由A汇总
SID-01,contracts/PPG_REAL_PPG_RAW_GENERATOR_TESTBENCH_CONTRACT.md:549,1,3,6,完成；逐来源见evidence/id_four_link_audit.json,至少family抽查；报告批次9及实际全文；不声称每个ID动态签核,四类文字联系存在，仍需实际语义和当前状态判定,不把文字联系或历史PASS判为CLOSED；全局台账由A汇总
SID-02,contracts/PPG_REAL_PPG_RAW_GENERATOR_TESTBENCH_CONTRACT.md:550,1,2,4,完成；逐来源见evidence/id_four_link_audit.json,至少family抽查；报告批次9及实际全文；不声称每个ID动态签核,四类文字联系存在，仍需实际语义和当前状态判定,不把文字联系或历史PASS判为CLOSED；全局台账由A汇总
SID-03,contracts/PPG_REAL_PPG_RAW_GENERATOR_TESTBENCH_CONTRACT.md:551,1,1,4,完成；逐来源见evidence/id_four_link_audit.json,至少family抽查；报告批次9及实际全文；不声称每个ID动态签核,四类文字联系存在，仍需实际语义和当前状态判定,不把文字联系或历史PASS判为CLOSED；全局台账由A汇总
SID-04,contracts/PPG_REAL_PPG_RAW_GENERATOR_TESTBENCH_CONTRACT.md:552,1,3,6,完成；逐来源见evidence/id_four_link_audit.json,至少family抽查；报告批次9及实际全文；不声称每个ID动态签核,四类文字联系存在，仍需实际语义和当前状态判定,不把文字联系或历史PASS判为CLOSED；全局台账由A汇总
SID-05,contracts/PPG_REAL_PPG_RAW_GENERATOR_TESTBENCH_CONTRACT.md:553,4,1,13,完成；逐来源见evidence/id_four_link_audit.json,至少family抽查；报告批次9及实际全文；不声称每个ID动态签核,四类文字联系存在，仍需实际语义和当前状态判定,不把文字联系或历史PASS判为CLOSED；全局台账由A汇总
SID-06,contracts/PPG_REAL_PPG_RAW_GENERATOR_TESTBENCH_CONTRACT.md:554,1,5,5,完成；逐来源见evidence/id_four_link_audit.json,至少family抽查；报告批次9及实际全文；不声称每个ID动态签核,四类文字联系存在，仍需实际语义和当前状态判定,不把文字联系或历史PASS判为CLOSED；全局台账由A汇总
SID-07,contracts/PPG_REAL_PPG_RAW_GENERATOR_TESTBENCH_CONTRACT.md:555,2,1,8,完成；逐来源见evidence/id_four_link_audit.json,至少family抽查；报告批次9及实际全文；不声称每个ID动态签核,四类文字联系存在，仍需实际语义和当前状态判定,不把文字联系或历史PASS判为CLOSED；全局台账由A汇总
SID-08,contracts/PPG_REAL_PPG_RAW_GENERATOR_TESTBENCH_CONTRACT.md:556,2,4,6,完成；逐来源见evidence/id_four_link_audit.json,至少family抽查；报告批次9及实际全文；不声称每个ID动态签核,四类文字联系存在，仍需实际语义和当前状态判定,不把文字联系或历史PASS判为CLOSED；全局台账由A汇总
SID-09,contracts/PPG_REAL_PPG_RAW_GENERATOR_TESTBENCH_CONTRACT.md:557,1,3,5,完成；逐来源见evidence/id_four_link_audit.json,至少family抽查；报告批次9及实际全文；不声称每个ID动态签核,四类文字联系存在，仍需实际语义和当前状态判定,不把文字联系或历史PASS判为CLOSED；全局台账由A汇总
SID-10,contracts/PPG_REAL_PPG_RAW_GENERATOR_TESTBENCH_CONTRACT.md:558,2,7,13,完成；逐来源见evidence/id_four_link_audit.json,至少family抽查；报告批次9及实际全文；不声称每个ID动态签核,四类文字联系存在，仍需实际语义和当前状态判定,不把文字联系或历史PASS判为CLOSED；全局台账由A汇总
SID-11,contracts/PPG_REAL_PPG_RAW_GENERATOR_TESTBENCH_CONTRACT.md:559,0,6,15,完成；逐来源见evidence/id_four_link_audit.json,至少family抽查；报告批次9及实际全文；不声称每个ID动态签核,无同名@satisfies,不把文字联系或历史PASS判为CLOSED；全局台账由A汇总
SID-12,contracts/PPG_REAL_PPG_RAW_GENERATOR_TESTBENCH_CONTRACT.md:560,3,10,3,完成；逐来源见evidence/id_four_link_audit.json,至少family抽查；报告批次9及实际全文；不声称每个ID动态签核,四类文字联系存在，仍需实际语义和当前状态判定,不把文字联系或历史PASS判为CLOSED；全局台账由A汇总
SSW-01,contracts/PPG_SAR9_SAR15_SAFE_SELECTION_WRAPPER_INTERFACE_CONTRACT.md:818,0,3,0,完成；逐来源见evidence/id_four_link_audit.json,至少family抽查；报告批次9及实际全文；不声称每个ID动态签核,无同名@satisfies；无同名matrix/alias引用,不把文字联系或历史PASS判为CLOSED；全局台账由A汇总
SSW-02,contracts/PPG_SAR9_SAR15_SAFE_SELECTION_WRAPPER_INTERFACE_CONTRACT.md:819,0,2,0,完成；逐来源见evidence/id_four_link_audit.json,至少family抽查；报告批次9及实际全文；不声称每个ID动态签核,无同名@satisfies；无同名matrix/alias引用,不把文字联系或历史PASS判为CLOSED；全局台账由A汇总
SSW-03,contracts/PPG_SAR9_SAR15_SAFE_SELECTION_WRAPPER_INTERFACE_CONTRACT.md:820,0,2,0,完成；逐来源见evidence/id_four_link_audit.json,至少family抽查；报告批次9及实际全文；不声称每个ID动态签核,无同名@satisfies；无同名matrix/alias引用,不把文字联系或历史PASS判为CLOSED；全局台账由A汇总
SSW-04,contracts/PPG_SAR9_SAR15_SAFE_SELECTION_WRAPPER_INTERFACE_CONTRACT.md:821,0,2,0,完成；逐来源见evidence/id_four_link_audit.json,至少family抽查；报告批次9及实际全文；不声称每个ID动态签核,无同名@satisfies；无同名matrix/alias引用,不把文字联系或历史PASS判为CLOSED；全局台账由A汇总
SSW-05,contracts/PPG_SAR9_SAR15_SAFE_SELECTION_WRAPPER_INTERFACE_CONTRACT.md:822,0,2,0,完成；逐来源见evidence/id_four_link_audit.json,至少family抽查；报告批次9及实际全文；不声称每个ID动态签核,无同名@satisfies；无同名matrix/alias引用,不把文字联系或历史PASS判为CLOSED；全局台账由A汇总
SSW-06,contracts/PPG_SAR9_SAR15_SAFE_SELECTION_WRAPPER_INTERFACE_CONTRACT.md:823,0,2,0,完成；逐来源见evidence/id_four_link_audit.json,至少family抽查；报告批次9及实际全文；不声称每个ID动态签核,无同名@satisfies；无同名matrix/alias引用,不把文字联系或历史PASS判为CLOSED；全局台账由A汇总
SSW-07,contracts/PPG_SAR9_SAR15_SAFE_SELECTION_WRAPPER_INTERFACE_CONTRACT.md:824,0,2,0,完成；逐来源见evidence/id_four_link_audit.json,至少family抽查；报告批次9及实际全文；不声称每个ID动态签核,无同名@satisfies；无同名matrix/alias引用,不把文字联系或历史PASS判为CLOSED；全局台账由A汇总
SSW-08,contracts/PPG_SAR9_SAR15_SAFE_SELECTION_WRAPPER_INTERFACE_CONTRACT.md:825,0,2,0,完成；逐来源见evidence/id_four_link_audit.json,至少family抽查；报告批次9及实际全文；不声称每个ID动态签核,无同名@satisfies；无同名matrix/alias引用,不把文字联系或历史PASS判为CLOSED；全局台账由A汇总
SSW-09,contracts/PPG_SAR9_SAR15_SAFE_SELECTION_WRAPPER_INTERFACE_CONTRACT.md:826,0,2,0,完成；逐来源见evidence/id_four_link_audit.json,至少family抽查；报告批次9及实际全文；不声称每个ID动态签核,无同名@satisfies；无同名matrix/alias引用,不把文字联系或历史PASS判为CLOSED；全局台账由A汇总
SSW-10,contracts/PPG_SAR9_SAR15_SAFE_SELECTION_WRAPPER_INTERFACE_CONTRACT.md:827,0,2,0,完成；逐来源见evidence/id_four_link_audit.json,至少family抽查；报告批次9及实际全文；不声称每个ID动态签核,无同名@satisfies；无同名matrix/alias引用,不把文字联系或历史PASS判为CLOSED；全局台账由A汇总
SSW-11,contracts/PPG_SAR9_SAR15_SAFE_SELECTION_WRAPPER_INTERFACE_CONTRACT.md:828,0,2,0,完成；逐来源见evidence/id_four_link_audit.json,至少family抽查；报告批次9及实际全文；不声称每个ID动态签核,无同名@satisfies；无同名matrix/alias引用,不把文字联系或历史PASS判为CLOSED；全局台账由A汇总
SSW-12,contracts/PPG_SAR9_SAR15_SAFE_SELECTION_WRAPPER_INTERFACE_CONTRACT.md:829,0,2,0,完成；逐来源见evidence/id_four_link_audit.json,至少family抽查；报告批次9及实际全文；不声称每个ID动态签核,无同名@satisfies；无同名matrix/alias引用,不把文字联系或历史PASS判为CLOSED；全局台账由A汇总
SSW-13,contracts/PPG_SAR9_SAR15_SAFE_SELECTION_WRAPPER_INTERFACE_CONTRACT.md:830,0,2,0,完成；逐来源见evidence/id_four_link_audit.json,至少family抽查；报告批次9及实际全文；不声称每个ID动态签核,无同名@satisfies；无同名matrix/alias引用,不把文字联系或历史PASS判为CLOSED；全局台账由A汇总
SSW-14,contracts/PPG_SAR9_SAR15_SAFE_SELECTION_WRAPPER_INTERFACE_CONTRACT.md:831,0,2,0,完成；逐来源见evidence/id_four_link_audit.json,至少family抽查；报告批次9及实际全文；不声称每个ID动态签核,无同名@satisfies；无同名matrix/alias引用,不把文字联系或历史PASS判为CLOSED；全局台账由A汇总
SSW-15,contracts/PPG_SAR9_SAR15_SAFE_SELECTION_WRAPPER_INTERFACE_CONTRACT.md:832,0,2,0,完成；逐来源见evidence/id_four_link_audit.json,至少family抽查；报告批次9及实际全文；不声称每个ID动态签核,无同名@satisfies；无同名matrix/alias引用,不把文字联系或历史PASS判为CLOSED；全局台账由A汇总
SSW-16,contracts/PPG_SAR9_SAR15_SAFE_SELECTION_WRAPPER_INTERFACE_CONTRACT.md:833,0,2,0,完成；逐来源见evidence/id_four_link_audit.json,至少family抽查；报告批次9及实际全文；不声称每个ID动态签核,无同名@satisfies；无同名matrix/alias引用,不把文字联系或历史PASS判为CLOSED；全局台账由A汇总
SSW-17,contracts/PPG_SAR9_SAR15_SAFE_SELECTION_WRAPPER_INTERFACE_CONTRACT.md:834,0,2,0,完成；逐来源见evidence/id_four_link_audit.json,至少family抽查；报告批次9及实际全文；不声称每个ID动态签核,无同名@satisfies；无同名matrix/alias引用,不把文字联系或历史PASS判为CLOSED；全局台账由A汇总
SSW-18,contracts/PPG_SAR9_SAR15_SAFE_SELECTION_WRAPPER_INTERFACE_CONTRACT.md:835,0,2,0,完成；逐来源见evidence/id_four_link_audit.json,至少family抽查；报告批次9及实际全文；不声称每个ID动态签核,无同名@satisfies；无同名matrix/alias引用,不把文字联系或历史PASS判为CLOSED；全局台账由A汇总
SSW-19,contracts/PPG_SAR9_SAR15_SAFE_SELECTION_WRAPPER_INTERFACE_CONTRACT.md:836,0,2,0,完成；逐来源见evidence/id_four_link_audit.json,至少family抽查；报告批次9及实际全文；不声称每个ID动态签核,无同名@satisfies；无同名matrix/alias引用,不把文字联系或历史PASS判为CLOSED；全局台账由A汇总
SSW-20,contracts/PPG_SAR9_SAR15_SAFE_SELECTION_WRAPPER_INTERFACE_CONTRACT.md:837,0,2,0,完成；逐来源见evidence/id_four_link_audit.json,至少family抽查；报告批次9及实际全文；不声称每个ID动态签核,无同名@satisfies；无同名matrix/alias引用,不把文字联系或历史PASS判为CLOSED；全局台账由A汇总
SSW-21,contracts/PPG_SAR9_SAR15_SAFE_SELECTION_WRAPPER_INTERFACE_CONTRACT.md:838,0,2,0,完成；逐来源见evidence/id_four_link_audit.json,至少family抽查；报告批次9及实际全文；不声称每个ID动态签核,无同名@satisfies；无同名matrix/alias引用,不把文字联系或历史PASS判为CLOSED；全局台账由A汇总
SSW-22,contracts/PPG_SAR9_SAR15_SAFE_SELECTION_WRAPPER_INTERFACE_CONTRACT.md:839,0,2,0,完成；逐来源见evidence/id_four_link_audit.json,至少family抽查；报告批次9及实际全文；不声称每个ID动态签核,无同名@satisfies；无同名matrix/alias引用,不把文字联系或历史PASS判为CLOSED；全局台账由A汇总
SSW-23,contracts/PPG_SAR9_SAR15_SAFE_SELECTION_WRAPPER_INTERFACE_CONTRACT.md:840,0,2,0,完成；逐来源见evidence/id_four_link_audit.json,至少family抽查；报告批次9及实际全文；不声称每个ID动态签核,无同名@satisfies；无同名matrix/alias引用,不把文字联系或历史PASS判为CLOSED；全局台账由A汇总
SSW-24,contracts/PPG_SAR9_SAR15_SAFE_SELECTION_WRAPPER_INTERFACE_CONTRACT.md:841,0,2,0,完成；逐来源见evidence/id_four_link_audit.json,至少family抽查；报告批次9及实际全文；不声称每个ID动态签核,无同名@satisfies；无同名matrix/alias引用,不把文字联系或历史PASS判为CLOSED；全局台账由A汇总
SSW-25,contracts/PPG_SAR9_SAR15_SAFE_SELECTION_WRAPPER_INTERFACE_CONTRACT.md:842,0,2,0,完成；逐来源见evidence/id_four_link_audit.json,至少family抽查；报告批次9及实际全文；不声称每个ID动态签核,无同名@satisfies；无同名matrix/alias引用,不把文字联系或历史PASS判为CLOSED；全局台账由A汇总
SSW-26,contracts/PPG_SAR9_SAR15_SAFE_SELECTION_WRAPPER_INTERFACE_CONTRACT.md:843,0,2,0,完成；逐来源见evidence/id_four_link_audit.json,至少family抽查；报告批次9及实际全文；不声称每个ID动态签核,无同名@satisfies；无同名matrix/alias引用,不把文字联系或历史PASS判为CLOSED；全局台账由A汇总
SSW-27,contracts/PPG_SAR9_SAR15_SAFE_SELECTION_WRAPPER_INTERFACE_CONTRACT.md:844,0,2,0,完成；逐来源见evidence/id_four_link_audit.json,至少family抽查；报告批次9及实际全文；不声称每个ID动态签核,无同名@satisfies；无同名matrix/alias引用,不把文字联系或历史PASS判为CLOSED；全局台账由A汇总
SSW-28,contracts/PPG_SAR9_SAR15_SAFE_SELECTION_WRAPPER_INTERFACE_CONTRACT.md:845,0,2,0,完成；逐来源见evidence/id_four_link_audit.json,至少family抽查；报告批次9及实际全文；不声称每个ID动态签核,无同名@satisfies；无同名matrix/alias引用,不把文字联系或历史PASS判为CLOSED；全局台账由A汇总
SSW-29,contracts/PPG_SAR9_SAR15_SAFE_SELECTION_WRAPPER_INTERFACE_CONTRACT.md:846,0,2,0,完成；逐来源见evidence/id_four_link_audit.json,至少family抽查；报告批次9及实际全文；不声称每个ID动态签核,无同名@satisfies；无同名matrix/alias引用,不把文字联系或历史PASS判为CLOSED；全局台账由A汇总
SSW-30,contracts/PPG_SAR9_SAR15_SAFE_SELECTION_WRAPPER_INTERFACE_CONTRACT.md:847,0,2,0,完成；逐来源见evidence/id_four_link_audit.json,至少family抽查；报告批次9及实际全文；不声称每个ID动态签核,无同名@satisfies；无同名matrix/alias引用,不把文字联系或历史PASS判为CLOSED；全局台账由A汇总
SSW-31,contracts/PPG_SAR9_SAR15_SAFE_SELECTION_WRAPPER_INTERFACE_CONTRACT.md:848,0,2,0,完成；逐来源见evidence/id_four_link_audit.json,至少family抽查；报告批次9及实际全文；不声称每个ID动态签核,无同名@satisfies；无同名matrix/alias引用,不把文字联系或历史PASS判为CLOSED；全局台账由A汇总
SSW-32,contracts/PPG_SAR9_SAR15_SAFE_SELECTION_WRAPPER_INTERFACE_CONTRACT.md:849,0,2,0,完成；逐来源见evidence/id_four_link_audit.json,至少family抽查；报告批次9及实际全文；不声称每个ID动态签核,无同名@satisfies；无同名matrix/alias引用,不把文字联系或历史PASS判为CLOSED；全局台账由A汇总
SSW-33,contracts/PPG_SAR9_SAR15_SAFE_SELECTION_WRAPPER_INTERFACE_CONTRACT.md:850,0,2,0,完成；逐来源见evidence/id_four_link_audit.json,至少family抽查；报告批次9及实际全文；不声称每个ID动态签核,无同名@satisfies；无同名matrix/alias引用,不把文字联系或历史PASS判为CLOSED；全局台账由A汇总
SSW-34,contracts/PPG_SAR9_SAR15_SAFE_SELECTION_WRAPPER_INTERFACE_CONTRACT.md:851,0,2,0,完成；逐来源见evidence/id_four_link_audit.json,至少family抽查；报告批次9及实际全文；不声称每个ID动态签核,无同名@satisfies；无同名matrix/alias引用,不把文字联系或历史PASS判为CLOSED；全局台账由A汇总
SSW-35,contracts/PPG_SAR9_SAR15_SAFE_SELECTION_WRAPPER_INTERFACE_CONTRACT.md:852,0,2,0,完成；逐来源见evidence/id_four_link_audit.json,至少family抽查；报告批次9及实际全文；不声称每个ID动态签核,无同名@satisfies；无同名matrix/alias引用,不把文字联系或历史PASS判为CLOSED；全局台账由A汇总
SSW-36,contracts/PPG_SAR9_SAR15_SAFE_SELECTION_WRAPPER_INTERFACE_CONTRACT.md:853,0,2,0,完成；逐来源见evidence/id_four_link_audit.json,至少family抽查；报告批次9及实际全文；不声称每个ID动态签核,无同名@satisfies；无同名matrix/alias引用,不把文字联系或历史PASS判为CLOSED；全局台账由A汇总
SSW-37,contracts/PPG_SAR9_SAR15_SAFE_SELECTION_WRAPPER_INTERFACE_CONTRACT.md:854,0,2,0,完成；逐来源见evidence/id_four_link_audit.json,至少family抽查；报告批次9及实际全文；不声称每个ID动态签核,无同名@satisfies；无同名matrix/alias引用,不把文字联系或历史PASS判为CLOSED；全局台账由A汇总
SSW-38,contracts/PPG_SAR9_SAR15_SAFE_SELECTION_WRAPPER_INTERFACE_CONTRACT.md:855,0,2,0,完成；逐来源见evidence/id_four_link_audit.json,至少family抽查；报告批次9及实际全文；不声称每个ID动态签核,无同名@satisfies；无同名matrix/alias引用,不把文字联系或历史PASS判为CLOSED；全局台账由A汇总
SSW-39,contracts/PPG_SAR9_SAR15_SAFE_SELECTION_WRAPPER_INTERFACE_CONTRACT.md:856,0,2,0,完成；逐来源见evidence/id_four_link_audit.json,至少family抽查；报告批次9及实际全文；不声称每个ID动态签核,无同名@satisfies；无同名matrix/alias引用,不把文字联系或历史PASS判为CLOSED；全局台账由A汇总
SSW-40,contracts/PPG_SAR9_SAR15_SAFE_SELECTION_WRAPPER_INTERFACE_CONTRACT.md:857,0,2,0,完成；逐来源见evidence/id_four_link_audit.json,至少family抽查；报告批次9及实际全文；不声称每个ID动态签核,无同名@satisfies；无同名matrix/alias引用,不把文字联系或历史PASS判为CLOSED；全局台账由A汇总
SSW-41,contracts/PPG_SAR9_SAR15_SAFE_SELECTION_WRAPPER_INTERFACE_CONTRACT.md:858,0,2,0,完成；逐来源见evidence/id_four_link_audit.json,至少family抽查；报告批次9及实际全文；不声称每个ID动态签核,无同名@satisfies；无同名matrix/alias引用,不把文字联系或历史PASS判为CLOSED；全局台账由A汇总
SSW-42,contracts/PPG_SAR9_SAR15_SAFE_SELECTION_WRAPPER_INTERFACE_CONTRACT.md:859,0,2,0,完成；逐来源见evidence/id_four_link_audit.json,至少family抽查；报告批次9及实际全文；不声称每个ID动态签核,无同名@satisfies；无同名matrix/alias引用,不把文字联系或历史PASS判为CLOSED；全局台账由A汇总
SSW-43,contracts/PPG_SAR9_SAR15_SAFE_SELECTION_WRAPPER_INTERFACE_CONTRACT.md:860,0,2,0,完成；逐来源见evidence/id_four_link_audit.json,至少family抽查；报告批次9及实际全文；不声称每个ID动态签核,无同名@satisfies；无同名matrix/alias引用,不把文字联系或历史PASS判为CLOSED；全局台账由A汇总
SSW-44,contracts/PPG_SAR9_SAR15_SAFE_SELECTION_WRAPPER_INTERFACE_CONTRACT.md:861,0,2,0,完成；逐来源见evidence/id_four_link_audit.json,至少family抽查；报告批次9及实际全文；不声称每个ID动态签核,无同名@satisfies；无同名matrix/alias引用,不把文字联系或历史PASS判为CLOSED；全局台账由A汇总
SSW-45,contracts/PPG_SAR9_SAR15_SAFE_SELECTION_WRAPPER_INTERFACE_CONTRACT.md:862,0,2,0,完成；逐来源见evidence/id_four_link_audit.json,至少family抽查；报告批次9及实际全文；不声称每个ID动态签核,无同名@satisfies；无同名matrix/alias引用,不把文字联系或历史PASS判为CLOSED；全局台账由A汇总
SSW-46,contracts/PPG_SAR9_SAR15_SAFE_SELECTION_WRAPPER_INTERFACE_CONTRACT.md:863,0,2,0,完成；逐来源见evidence/id_four_link_audit.json,至少family抽查；报告批次9及实际全文；不声称每个ID动态签核,无同名@satisfies；无同名matrix/alias引用,不把文字联系或历史PASS判为CLOSED；全局台账由A汇总
SSW-47,contracts/PPG_SAR9_SAR15_SAFE_SELECTION_WRAPPER_INTERFACE_CONTRACT.md:864,0,2,0,完成；逐来源见evidence/id_four_link_audit.json,至少family抽查；报告批次9及实际全文；不声称每个ID动态签核,无同名@satisfies；无同名matrix/alias引用,不把文字联系或历史PASS判为CLOSED；全局台账由A汇总
SSW-48,contracts/PPG_SAR9_SAR15_SAFE_SELECTION_WRAPPER_INTERFACE_CONTRACT.md:865,0,2,0,完成；逐来源见evidence/id_four_link_audit.json,至少family抽查；报告批次9及实际全文；不声称每个ID动态签核,无同名@satisfies；无同名matrix/alias引用,不把文字联系或历史PASS判为CLOSED；全局台账由A汇总
SSW-49,contracts/PPG_SAR9_SAR15_SAFE_SELECTION_WRAPPER_INTERFACE_CONTRACT.md:866,0,2,0,完成；逐来源见evidence/id_four_link_audit.json,至少family抽查；报告批次9及实际全文；不声称每个ID动态签核,无同名@satisfies；无同名matrix/alias引用,不把文字联系或历史PASS判为CLOSED；全局台账由A汇总
SSW-50,contracts/PPG_SAR9_SAR15_SAFE_SELECTION_WRAPPER_INTERFACE_CONTRACT.md:867,0,2,0,完成；逐来源见evidence/id_four_link_audit.json,至少family抽查；报告批次9及实际全文；不声称每个ID动态签核,无同名@satisfies；无同名matrix/alias引用,不把文字联系或历史PASS判为CLOSED；全局台账由A汇总
SSW-51,contracts/PPG_SAR9_SAR15_SAFE_SELECTION_WRAPPER_INTERFACE_CONTRACT.md:868,0,2,0,完成；逐来源见evidence/id_four_link_audit.json,至少family抽查；报告批次9及实际全文；不声称每个ID动态签核,无同名@satisfies；无同名matrix/alias引用,不把文字联系或历史PASS判为CLOSED；全局台账由A汇总
SSW-52,contracts/PPG_SAR9_SAR15_SAFE_SELECTION_WRAPPER_INTERFACE_CONTRACT.md:869,0,3,0,完成；逐来源见evidence/id_four_link_audit.json,至少family抽查；报告批次9及实际全文；不声称每个ID动态签核,无同名@satisfies；无同名matrix/alias引用,不把文字联系或历史PASS判为CLOSED；全局台账由A汇总
SUP-01,contracts/PPG_SYSTEM_FAULT_ABORT_SUPERVISOR_INTERFACE_CONTRACT.md:152,0,3,5,完成；逐来源见evidence/id_four_link_audit.json,至少family抽查；报告批次9及实际全文；不声称每个ID动态签核,无同名@satisfies,不把文字联系或历史PASS判为CLOSED；全局台账由A汇总
SUP-02,contracts/PPG_SYSTEM_FAULT_ABORT_SUPERVISOR_INTERFACE_CONTRACT.md:153,0,3,8,完成；逐来源见evidence/id_four_link_audit.json,至少family抽查；报告批次9及实际全文；不声称每个ID动态签核,无同名@satisfies,不把文字联系或历史PASS判为CLOSED；全局台账由A汇总
SUP-03,contracts/PPG_SYSTEM_FAULT_ABORT_SUPERVISOR_INTERFACE_CONTRACT.md:154,0,2,3,完成；逐来源见evidence/id_four_link_audit.json,至少family抽查；报告批次9及实际全文；不声称每个ID动态签核,无同名@satisfies,不把文字联系或历史PASS判为CLOSED；全局台账由A汇总
SUP-04,contracts/PPG_SYSTEM_FAULT_ABORT_SUPERVISOR_INTERFACE_CONTRACT.md:155,0,3,5,完成；逐来源见evidence/id_four_link_audit.json,至少family抽查；报告批次9及实际全文；不声称每个ID动态签核,无同名@satisfies,不把文字联系或历史PASS判为CLOSED；全局台账由A汇总
SUP-05,contracts/PPG_SYSTEM_FAULT_ABORT_SUPERVISOR_INTERFACE_CONTRACT.md:156,0,1,0,完成；逐来源见evidence/id_four_link_audit.json,至少family抽查；报告批次9及实际全文；不声称每个ID动态签核,无同名@satisfies；无同名matrix/alias引用,不把文字联系或历史PASS判为CLOSED；全局台账由A汇总
SUP-06,contracts/PPG_SYSTEM_FAULT_ABORT_SUPERVISOR_INTERFACE_CONTRACT.md:157,0,4,5,完成；逐来源见evidence/id_four_link_audit.json,至少family抽查；报告批次9及实际全文；不声称每个ID动态签核,无同名@satisfies,不把文字联系或历史PASS判为CLOSED；全局台账由A汇总
SUP-07,contracts/PPG_SYSTEM_FAULT_ABORT_SUPERVISOR_INTERFACE_CONTRACT.md:158,0,2,3,完成；逐来源见evidence/id_four_link_audit.json,至少family抽查；报告批次9及实际全文；不声称每个ID动态签核,无同名@satisfies,不把文字联系或历史PASS判为CLOSED；全局台账由A汇总
SUP-08,contracts/PPG_SYSTEM_FAULT_ABORT_SUPERVISOR_INTERFACE_CONTRACT.md:159,0,1,0,完成；逐来源见evidence/id_four_link_audit.json,至少family抽查；报告批次9及实际全文；不声称每个ID动态签核,无同名@satisfies；无同名matrix/alias引用,不把文字联系或历史PASS判为CLOSED；全局台账由A汇总
SUP-09,contracts/PPG_SYSTEM_FAULT_ABORT_SUPERVISOR_INTERFACE_CONTRACT.md:160,0,2,3,完成；逐来源见evidence/id_four_link_audit.json,至少family抽查；报告批次9及实际全文；不声称每个ID动态签核,无同名@satisfies,不把文字联系或历史PASS判为CLOSED；全局台账由A汇总
SUP-10,contracts/PPG_SYSTEM_FAULT_ABORT_SUPERVISOR_INTERFACE_CONTRACT.md:161,0,2,1,完成；逐来源见evidence/id_four_link_audit.json,至少family抽查；报告批次9及实际全文；不声称每个ID动态签核,无同名@satisfies,不把文字联系或历史PASS判为CLOSED；全局台账由A汇总
