owner,layer,path,lines,status,completed_scope,contract_or_id,findings_and_limits,global_signoff
B,合同,contracts/PPG_SYSTEM_FAULT_ABORT_SUPERVISOR_INTERFACE_CONTRACT.md,161,完成,注册故障源固定仲裁/快照与summary；episode/trio/history；watchdog计数和真实idle优先；clear与new fault同拍；无ready/伪DONE/owner释放；全文代码/注释（合同为全文正文）；本组机械ID及family语义抽查,C24 §§1-7 / SUP-01..10 / K02,B-001/002/018/019,未签核；未修复；全套原TB回归由A负责
B,合同,contracts/PPG_SCHEDULER_SSW_AMI_PORT_CONNECTION_CHECKLIST.md,430,完成,全文逐端口连线设计快照、waveform/owner/DONE/故障与START边界；更新状态引用按当前源合同判断；全文代码/注释（合同为全文正文）；本组机械ID及family语义抽查,non-normative reference / C08/C09/C10 / JNT-01..09,F-003历史锚点关联；不得覆盖当前合同,未签核；未修复；全套原TB回归由A负责
B,合同,contracts/PPG_SAR9_SAR15_SAFE_SELECTION_WRAPPER_INTERFACE_CONTRACT.md,918,完成,双waveform槽；每精度/颜色/类型窗口和逐bit总线；AMB Q2单相；owner/Q3保持/代际身份；错/迟到/失败完成与abort同拍；复位与安全收敛边界；全文代码/注释（合同为全文正文）；本组机械ID及family语义抽查,C09 §§4-11 / SSW-01..52 / LFA-04/06 / OIB,B-012/019；D03冻结不另报,未签核；未修复；全套原TB回归由A负责
B,合同,contracts/PPG_PRECISION_WINDOW_INTEGRATION_WRAPPER_INTERFACE_CONTRACT.md,690,完成,FIR/fork/baseline/PVW/PWC逐端口和配置资格扇出；invalid安全消费；detection broadcast generation；empty聚合与重检历史清理；精度尾部；全文代码/注释（合同为全文正文）；本组机械ID及family语义抽查,C18 §§4-10 / PWI-01..08 / D01 / PRC,B-007/011/017；单元TB只有01..05,未签核；未修复；全套原TB回归由A负责
B,合同,contracts/PPG_PRECISION_WINDOW_CONTROLLER_INTERFACE_CONTRACT.md,1029,完成,cross及return保持与safe commit；FSM/default/取消优先级；两帧保护/尾部/超时与位宽；sticky仅clear/reset；matching与stale discard generation；全文代码/注释（合同为全文正文）；本组机械ID及family语义抽查,C23 §§5-21 / PWC-01..41 / PWI-05 / PRC,B-010；已知09-17 START sticky修复有效,未签核；未修复；全套原TB回归由A负责
B,合同,contracts/PPG_NORMAL_FORK_IDAC_TRACKING_AMB_RECHECK_INTERFACE_CONTRACT.md,716,完成,完整NORMAL帧计数与饱和/interval0；pending与15到9等待；六项safe条件；内层inflight；三阶段结果/物理帧顺序及取消恢复；全文代码/注释（合同为全文正文）；本组机械ID及family语义抽查,C16 §§9-14 / AMR-01..14 / RRC / NRE,B-007；RRC覆盖限制B-014,未签核；未修复；全套原TB回归由A负责
B,合同,contracts/PPG_ADC_MEASUREMENT_AND_IDAC_INTEGRATION_WRAPPER_INTERFACE_CONTRACT.md,1337,完成,端口/位宽/寄存复位；ADC armed/owner identity与generation；completion/discard流水与双fork；独立资格与sticky；取消/故障优先级；全文代码/注释（合同为全文正文）；本组机械ID及family语义抽查,C10 §§6-18 / AMI-01..54 / N08 / P01-P06,B-006/007/008/009；TB关联F-001及B-013/016,未签核；未修复；全套原TB回归由A负责
B,合同,contracts/PPG_ADC_IDAC_INTEGRATION_SPEC.md,494,完成,全文架构职责/注册数据流/握手和NORMAL tracking、校准重检、精度安全及数值接口边界，与当前规范职责对照；全文代码/注释（合同为全文正文）；本组机械ID及family语义抽查,non-normative reference / C10/C16 / NORMAL fork/IDAC/AMB,历史实现状态不转为当前闭合,未签核；未修复；全套原TB回归由A负责
B,合同,contracts/PPG_400HZ_FRAME_CALIBRATION_SCHEDULER_INTERFACE_CONTRACT.md,1252,完成,宏帧与子周期边界；waveform/owner分离；握手冻结与真实fire编号；deadline/Q3/success=0释放；START/STOP/abort同拍及位宽；全文代码/注释（合同为全文正文）；本组机械ID及family语义抽查,C08 §§4-20 / FSC-01..57 / SID-05 / LFA-06,B-003/004/005/018；已知tick248保持关联,未签核；未修复；全套原TB回归由A负责
B,TB,rtl/ppg_adc_measurement_idac_integration/tb_ppg_adc_measurement_idac_integration.v,1642,完成,端口/位宽/寄存复位；ADC armed/owner identity与generation；completion/discard流水与双fork；独立资格与sticky；取消/故障优先级；全文代码/注释（合同为全文正文）；本组机械ID及family语义抽查,C10 §§6-18 / AMI-01..54 / N08 / P01-P06,B-006/007/008/009；TB关联F-001及B-013/016,未签核；未修复；全套原TB回归由A负责
B,RTL,rtl/ppg_adc_measurement_idac_integration/ppg_adc_measurement_idac_integration.v,2681,完成,端口/位宽/寄存复位；ADC armed/owner identity与generation；completion/discard流水与双fork；独立资格与sticky；取消/故障优先级；全文代码/注释（合同为全文正文）；本组机械ID及family语义抽查,C10 §§6-18 / AMI-01..54 / N08 / P01-P06,B-006/007/008/009；TB关联F-001及B-013/016,未签核；未修复；全套原TB回归由A负责
B,TB,rtl/ppg_400hz_frame_calibration_scheduler/tb_ppg_400hz_frame_calibration_scheduler.v,936,完成,宏帧与子周期边界；waveform/owner分离；握手冻结与真实fire编号；deadline/Q3/success=0释放；START/STOP/abort同拍及位宽；全文代码/注释（合同为全文正文）；本组机械ID及family语义抽查,C08 §§4-20 / FSC-01..57 / SID-05 / LFA-06,B-003/004/005/018；已知tick248保持关联,未签核；未修复；全套原TB回归由A负责
B,RTL,rtl/ppg_400hz_frame_calibration_scheduler/ppg_400hz_frame_calibration_scheduler.v,884,完成,宏帧与子周期边界；waveform/owner分离；握手冻结与真实fire编号；deadline/Q3/success=0释放；START/STOP/abort同拍及位宽；全文代码/注释（合同为全文正文）；本组机械ID及family语义抽查,C08 §§4-20 / FSC-01..57 / SID-05 / LFA-06,B-003/004/005/018；已知tick248保持关联,未签核；未修复；全套原TB回归由A负责
B,TB,rtl/ppg_amb_recheck_scheduler/tb_ppg_amb_recheck_scheduler.v,655,完成,完整NORMAL帧计数与饱和/interval0；pending与15到9等待；六项safe条件；内层inflight；三阶段结果/物理帧顺序及取消恢复；全文代码/注释（合同为全文正文）；本组机械ID及family语义抽查,C16 §§9-14 / AMR-01..14 / RRC / NRE,B-007；RRC覆盖限制B-014,未签核；未修复；全套原TB回归由A负责
B,RTL,rtl/ppg_amb_recheck_scheduler/ppg_amb_recheck_scheduler.v,374,完成,完整NORMAL帧计数与饱和/interval0；pending与15到9等待；六项safe条件；内层inflight；三阶段结果/物理帧顺序及取消恢复；全文代码/注释（合同为全文正文）；本组机械ID及family语义抽查,C16 §§9-14 / AMR-01..14 / RRC / NRE,B-007；RRC覆盖限制B-014,未签核；未修复；全套原TB回归由A负责
B,TB,rtl/ppg_sar9_sar15_safe_selection_wrapper/tb_ppg_sar9_sar15_safe_selection_wrapper.v,1116,完成,双waveform槽；每精度/颜色/类型窗口和逐bit总线；AMB Q2单相；owner/Q3保持/代际身份；错/迟到/失败完成与abort同拍；复位与安全收敛边界；全文代码/注释（合同为全文正文）；本组机械ID及family语义抽查,C09 §§4-11 / SSW-01..52 / LFA-04/06 / OIB,B-012/019；D03冻结不另报,未签核；未修复；全套原TB回归由A负责
B,RTL,rtl/ppg_sar9_sar15_safe_selection_wrapper/ppg_sar9_sar15_safe_selection_wrapper.v,1519,完成,双waveform槽；每精度/颜色/类型窗口和逐bit总线；AMB Q2单相；owner/Q3保持/代际身份；错/迟到/失败完成与abort同拍；复位与安全收敛边界；全文代码/注释（合同为全文正文）；本组机械ID及family语义抽查,C09 §§4-11 / SSW-01..52 / LFA-04/06 / OIB,B-012/019；D03冻结不另报,未签核；未修复；全套原TB回归由A负责
B,TB,rtl/ppg_precision_window_integration/tb_ppg_precision_window_integration.v,854,完成,FIR/fork/baseline/PVW/PWC逐端口和配置资格扇出；invalid安全消费；detection broadcast generation；empty聚合与重检历史清理；精度尾部；全文代码/注释（合同为全文正文）；本组机械ID及family语义抽查,C18 §§4-10 / PWI-01..08 / D01 / PRC,B-007/011/017；单元TB只有01..05,未签核；未修复；全套原TB回归由A负责
B,TB,rtl/ppg_control_top/tb_ppg_control_top_startup_idac_calibration.v,1503,完成,COMMIT/START合法配置；三阶段deadline抑制与重试；真实owner/RAW/DONE；快照/epoch；耗尽前提；非空窗口及超时/结束；全文代码/注释（合同为全文正文）；本组机械ID及family语义抽查,C25 SID-01..12 / C08/C09/C10/C16,F-001；SID-05/06有效；tick248同拍未覆,未签核；未修复；全套原TB回归由A负责
B,RTL,rtl/ppg_precision_window_integration/ppg_precision_window_integration.v,1032,完成,FIR/fork/baseline/PVW/PWC逐端口和配置资格扇出；invalid安全消费；detection broadcast generation；empty聚合与重检历史清理；精度尾部；全文代码/注释（合同为全文正文）；本组机械ID及family语义抽查,C18 §§4-10 / PWI-01..08 / D01 / PRC,B-007/011/017；单元TB只有01..05,未签核；未修复；全套原TB回归由A负责
B,TB,rtl/ppg_control_top/tb_ppg_control_top_periodic_recheck_recovery.v,1513,完成,完整帧计数/首次pending；安全接管及真实阶段；FIR/基线保持与调码/epoch；超时；PASS比较和前提范围；全文代码/注释（合同为全文正文）；本组机械ID及family语义抽查,C25 RRC-01..12 / C16/C18/C23,F-001；B-014；B-007专项补充,未签核；未修复；全套原TB回归由A负责
B,TB,rtl/ppg_control_top/tb_ppg_control_top_owner_identity_backpressure.v,1887,完成,公开背压与合法生命周期；held formal/detection；真实snapshot与码epoch；全部PASS判据/元数据/守恒；launch/owner timeout分类；全文代码/注释（合同为全文正文）；本组机械ID及family语义抽查,C25 OIB-01..10 / C08/C09/C10,F-001；B-015；B-006专项补充,未签核；未修复；全套原TB回归由A负责
B,TB,rtl/ppg_control_top/tb_ppg_control_top_no_recheck_control.v,1111,完成,interval0全RUN活动监视；FIR预热/精度入口与PV返回事件；result计数/身份单调性的有效范围；超时和结束；全文代码/注释（合同为全文正文）；本组机械ID及family语义抽查,C25 NRE-01..06 / C16/C18/C23,已知长回归未完成；未新增RTL错误,未签核；未修复；全套原TB回归由A负责
B,TB,rtl/ppg_control_top/tb_ppg_control_top_lifecycle_fault_adc_anomaly.v,2172,完成,真实ack代际；STOP/abort/reset/迟到/重复DONE；物理armed资格；精确discard与首fault；owner drain和新START；所有SKIP/PASS范围；全文代码/注释（合同为全文正文）；本组机械ID及family语义抽查,C25 LFA-01..12 / C08/C09/C10/C24 / P01,F-001；B-012补充同拍；LFA-10b SKIP保留,未签核；未修复；全套原TB回归由A负责
B,TB,rtl/ppg_control_top/tb_ppg_control_top_injection.v,1045,完成,注入双请求真实处理资格；身份绑定和invalid输出；源enable vs叶子锁存；实际fire/hold/取消；X/Z检测范围、输入驱动和超时；全文代码/注释（合同为全文正文）；本组机械ID及family语义抽查,C01 TOP-24 / C10 AMI-47..52 / INJ-00..04 / P01-P06,B-013/016；INJ03 partial-X/沿竞争限制,未签核；未修复；全套原TB回归由A负责
B,TB,rtl/ppg_precision_window_controller/tb_ppg_precision_window_controller.v,776,完成,cross及return保持与safe commit；FSM/default/取消优先级；两帧保护/尾部/超时与位宽；sticky仅clear/reset；matching与stale discard generation；全文代码/注释（合同为全文正文）；本组机械ID及family语义抽查,C23 §§5-21 / PWC-01..41 / PWI-05 / PRC,B-010；已知09-17 START sticky修复有效,未签核；未修复；全套原TB回归由A负责
B,RTL,rtl/ppg_precision_window_controller/ppg_precision_window_controller.v,889,完成,cross及return保持与safe commit；FSM/default/取消优先级；两帧保护/尾部/超时与位宽；sticky仅clear/reset；matching与stale discard generation；全文代码/注释（合同为全文正文）；本组机械ID及family语义抽查,C23 §§5-21 / PWC-01..41 / PWI-05 / PRC,B-010；已知09-17 START sticky修复有效,未签核；未修复；全套原TB回归由A负责
B,TB,rtl/ppg_system_fault_abort_supervisor/tb_ppg_system_fault_abort_supervisor.v,511,完成,注册故障源固定仲裁/快照与summary；episode/trio/history；watchdog计数和真实idle优先；clear与new fault同拍；无ready/伪DONE/owner释放；全文代码/注释（合同为全文正文）；本组机械ID及family语义抽查,C24 §§1-7 / SUP-01..10 / K02,B-001/002/018/019,未签核；未修复；全套原TB回归由A负责
B,RTL,rtl/ppg_system_fault_abort_supervisor/ppg_system_fault_abort_supervisor.v,465,完成,注册故障源固定仲裁/快照与summary；episode/trio/history；watchdog计数和真实idle优先；clear与new fault同拍；无ready/伪DONE/owner释放；全文代码/注释（合同为全文正文）；本组机械ID及family语义抽查,C24 §§1-7 / SUP-01..10 / K02,B-001/002/018/019,未签核；未修复；全套原TB回归由A负责
