id,severity,title,path,absolute_source_path,line,verified_source_text,related_paths,evidence,status
B-001,S3,watchdog非法参数未拒绝,contracts/PPG_SYSTEM_FAULT_ABORT_SUPERVISOR_INTERFACE_CONTRACT.md,C:/Users/DAWN/.codex/visualizations/2026/10/02/01a0fd16-9489-7e50-a7b6-a1178fd92bf1/ppg_audit/snapshot/contracts/PPG_SYSTEM_FAULT_ABORT_SUPERVISOR_INTERFACE_CONTRACT.md,41,"Elaboration shall reject `C_ADC_DRAIN_WATCHDOG_CYCLES < 1` or `C_ADC_DRAIN_WATCHDOG_COUNTER_WIDTH < $clog2(C_ADC_DRAIN_WATCHDOG_CYCLES + 1)`. `5000` cycles is a provisional one-400-Hz-frame system policy (`2.5 ms` at 2 MHz), not ADC/analog macro timing signoff.",rtl/ppg_system_fault_abort_supervisor/ppg_system_fault_abort_supervisor.v,evidence/supervisor_invalid_width,发现确认；未修复；不等于全系统动态签核
B-002,S2,历史未clear的rearm前提未测,rtl/ppg_system_fault_abort_supervisor/tb_ppg_system_fault_abort_supervisor.v,C:/Users/DAWN/.codex/visualizations/2026/10/02/01a0fd16-9489-7e50-a7b6-a1178fd92bf1/ppg_audit/snapshot/rtl/ppg_system_fault_abort_supervisor/tb_ppg_system_fault_abort_supervisor.v,475,// SUP-10：验证第二个独立episode（此前episode均已完整关闭+诊断清除，非同一episode延续）依然,contracts/PPG_SYSTEM_FAULT_ABORT_SUPERVISOR_INTERFACE_CONTRACT.md,evidence/supervisor_original_rearm_mutant; evidence/supervisor_extended_rearm_mutant,发现确认；未修复；不等于全系统动态签核
B-003,S1,NORMAL宏帧5001拍,rtl/ppg_400hz_frame_calibration_scheduler/ppg_400hz_frame_calibration_scheduler.v,C:/Users/DAWN/.codex/visualizations/2026/10/02/01a0fd16-9489-7e50-a7b6-a1178fd92bf1/ppg_audit/snapshot/rtl/ppg_400hz_frame_calibration_scheduler/ppg_400hz_frame_calibration_scheduler.v,752,if(flag_frame_start_eligible == 1'b1)begin,contracts/PPG_400HZ_FRAME_CALIBRATION_SCHEDULER_INTERFACE_CONTRACT.md,evidence/scheduler_cadence,发现确认；未修复；不等于全系统动态签核
B-004,S2,周期容差及Q3固定资格掩盖错误,rtl/ppg_400hz_frame_calibration_scheduler/tb_ppg_400hz_frame_calibration_scheduler.v,C:/Users/DAWN/.codex/visualizations/2026/10/02/01a0fd16-9489-7e50-a7b6-a1178fd92bf1/ppg_audit/snapshot/rtl/ppg_400hz_frame_calibration_scheduler/tb_ppg_400hz_frame_calibration_scheduler.v,581,"check_fsc(14, flag_wait_ok && ((reg_frame_period == 5000) || (reg_frame_period == 5001)));",contracts/PPG_400HZ_FRAME_CALIBRATION_SCHEDULER_INTERFACE_CONTRACT.md,evidence/scheduler_original_q3_gate_mutant; evidence/scheduler_early_q3_mutant,发现确认；未修复；不等于全系统动态签核
B-005,S1,CAL末拍rollover覆盖abort,rtl/ppg_400hz_frame_calibration_scheduler/ppg_400hz_frame_calibration_scheduler.v,C:/Users/DAWN/.codex/visualizations/2026/10/02/01a0fd16-9489-7e50-a7b6-a1178fd92bf1/ppg_audit/snapshot/rtl/ppg_400hz_frame_calibration_scheduler/ppg_400hz_frame_calibration_scheduler.v,855,if(flag_calibration_rollover)begin,contracts/PPG_400HZ_FRAME_CALIBRATION_SCHEDULER_INTERFACE_CONTRACT.md,evidence/scheduler_abort_tick4999; evidence/scheduler_abort_tick4998,发现确认；未修复；不等于全系统动态签核
B-006,S1,formal discard身份取错fork,rtl/ppg_adc_measurement_idac_integration/ppg_adc_measurement_idac_integration.v,C:/Users/DAWN/.codex/visualizations/2026/10/02/01a0fd16-9489-7e50-a7b6-a1178fd92bf1/ppg_audit/snapshot/rtl/ppg_adc_measurement_idac_integration/ppg_adc_measurement_idac_integration.v,1296,measurement_result_discard_frame_id_o <= dec_measurement_frame_id; // 锁存被丢弃事务的真实物理帧号,contracts/PPG_ADC_MEASUREMENT_AND_IDAC_INTEGRATION_WRAPPER_INTERFACE_CONTRACT.md,evidence/discard_identity_two; evidence/discard_identity_one,发现确认；未修复；不等于全系统动态签核
B-007,S1,periodic deadline只释放外层inflight,rtl/ppg_amb_recheck_scheduler/ppg_amb_recheck_scheduler.v,C:/Users/DAWN/.codex/visualizations/2026/10/02/01a0fd16-9489-7e50-a7b6-a1178fd92bf1/ppg_audit/snapshot/rtl/ppg_amb_recheck_scheduler/ppg_amb_recheck_scheduler.v,208,assign o_calibration_sample_valid = ((state_current == ST_AMB) && i_amb_sample_request && (flag_sample_inflight == 1'b0) && (flag_stage_result_available == 1'b0)) || ((state_current == ST_DCS_R) && i_dcs_sample_request && (i_dcs_sample_color_ir == 1'b0) && (flag_sample_inflight == 1'b0) && (flag_stage_result_available == 1'b0)) || ((state_current == ST_DCS_IR) && i_dcs_sample_request && i_dcs_sample_color_ir && (flag_sample_inflight == 1'b0) && (flag_stage_result_available == 1'b0)); // 每个保持请求只允许一笔样本在途,rtl/ppg_adc_measurement_idac_integration/ppg_adc_measurement_idac_integration.v; rtl/ppg_precision_window_integration/ppg_precision_window_integration.v; contracts/PPG_ADC_MEASUREMENT_AND_IDAC_INTEGRATION_WRAPPER_INTERFACE_CONTRACT.md; contracts/PPG_NORMAL_FORK_IDAC_TRACKING_AMB_RECHECK_INTERFACE_CONTRACT.md,evidence/recheck_deadline_v4; evidence/recheck_control,发现确认；未修复；不等于全系统动态签核
B-008,S1,measurement消费清除detection资格,rtl/ppg_adc_measurement_idac_integration/ppg_adc_measurement_idac_integration.v,C:/Users/DAWN/.codex/visualizations/2026/10/02/01a0fd16-9489-7e50-a7b6-a1178fd92bf1/ppg_audit/snapshot/rtl/ppg_adc_measurement_idac_integration/ppg_adc_measurement_idac_integration.v,1238,end else if(flag_measurement_transfer == 1'b1)begin,contracts/PPG_ADC_MEASUREMENT_AND_IDAC_INTEGRATION_WRAPPER_INTERFACE_CONTRACT.md,evidence/branch_qualification,发现确认；未修复；不等于全系统动态签核
B-009,S1,AMI START清历史sticky,rtl/ppg_adc_measurement_idac_integration/ppg_adc_measurement_idac_integration.v,C:/Users/DAWN/.codex/visualizations/2026/10/02/01a0fd16-9489-7e50-a7b6-a1178fd92bf1/ppg_audit/snapshot/rtl/ppg_adc_measurement_idac_integration/ppg_adc_measurement_idac_integration.v,1186,end else if(i_start_ack_event == 1'b1 || i_diag_clear_event == 1'b1)begin,contracts/PPG_ADC_MEASUREMENT_AND_IDAC_INTEGRATION_WRAPPER_INTERFACE_CONTRACT.md,evidence/ami_sticky_start,发现确认；未修复；不等于全系统动态签核
B-010,S1,PWC同拍discard仍commit及发事件,rtl/ppg_precision_window_controller/ppg_precision_window_controller.v,C:/Users/DAWN/.codex/visualizations/2026/10/02/01a0fd16-9489-7e50-a7b6-a1178fd92bf1/ppg_audit/snapshot/rtl/ppg_precision_window_controller/ppg_precision_window_controller.v,264,"assign flag_enter_commit = (state_current == ST_WAIT_ENTER) && i_frame_safe_boundary && i_precision_takeover_safe && i_analog_safe && (i_recheck_busy == 1'b0); // 下一安全帧原子进入15-bit; @satisfies: PWC-09, PWC-22, PWC-37",contracts/PPG_PRECISION_WINDOW_CONTROLLER_INTERFACE_CONTRACT.md; rtl/ppg_adc_measurement_idac_integration/ppg_adc_measurement_idac_integration.v,evidence/pwc_cancel_commit; evidence/pwc_cancel_commit_counterfactual,发现确认；未修复；不等于全系统动态签核
B-011,S2,PWI尾部累计判据未使用,rtl/ppg_precision_window_integration/tb_ppg_precision_window_integration.v,C:/Users/DAWN/.codex/visualizations/2026/10/02/01a0fd16-9489-7e50-a7b6-a1178fd92bf1/ppg_audit/snapshot/rtl/ppg_precision_window_integration/tb_ppg_precision_window_integration.v,743,flag_case_ok = flag_case_ok && (o_peak_valley_protocol_error_sticky == 1'b0); // 合法尾部不得报错,contracts/PPG_PRECISION_WINDOW_INTEGRATION_WRAPPER_INTERFACE_CONTRACT.md,evidence/pwi_tail_sampled_strict; evidence/pwi_tail_sampled_strict_early_mutant,发现确认；未修复；不等于全系统动态签核
B-012,S1,SSW abort同拍吞匹配完成,rtl/ppg_sar9_sar15_safe_selection_wrapper/ppg_sar9_sar15_safe_selection_wrapper.v,C:/Users/DAWN/.codex/visualizations/2026/10/02/01a0fd16-9489-7e50-a7b6-a1178fd92bf1/ppg_audit/snapshot/rtl/ppg_sar9_sar15_safe_selection_wrapper/ppg_sar9_sar15_safe_selection_wrapper.v,514,end else if(i_control_abort_event == 1'b1)begin,contracts/PPG_SAR9_SAR15_SAFE_SELECTION_WRAPPER_INTERFACE_CONTRACT.md; rtl/ppg_adc_measurement_idac_integration/ppg_adc_measurement_idac_integration.v; rtl/ppg_control_top/tb_ppg_control_top_lifecycle_fault_adc_anomaly.v,evidence/top_abort_done_v3; evidence/top_abort_done_v3_counterfactual,发现确认；未修复；不等于全系统动态签核
B-013,S2,INJ互斥在ready不可能的窗口检查,rtl/ppg_control_top/tb_ppg_control_top_injection.v,C:/Users/DAWN/.codex/visualizations/2026/10/02/01a0fd16-9489-7e50-a7b6-a1178fd92bf1/ppg_audit/snapshot/rtl/ppg_control_top/tb_ppg_control_top_injection.v,996,i_test_identity_inject_valid = 1'b1;,rtl/ppg_adc_measurement_idac_integration/ppg_adc_measurement_idac_integration.v,evidence/inj_mutex_eligible_v2; evidence/inj_mutex_eligible_v2_mutant,发现确认；未修复；不等于全系统动态签核
B-014,S2,RRC间隔只打印未比较,rtl/ppg_control_top/tb_ppg_control_top_periodic_recheck_recovery.v,C:/Users/DAWN/.codex/visualizations/2026/10/02/01a0fd16-9489-7e50-a7b6-a1178fd92bf1/ppg_audit/snapshot/rtl/ppg_control_top/tb_ppg_control_top_periodic_recheck_recovery.v,1067,if(!flag_pending_before_fine_window) begin,contracts/PPG_NORMAL_FORK_IDAC_TRACKING_AMB_RECHECK_INTERFACE_CONTRACT.md,静态源文件/合同全文；见报告对应项,发现确认；未修复；不等于全系统动态签核
B-015,S2,OIB stream缺无丢失及元数据比较,rtl/ppg_control_top/tb_ppg_control_top_owner_identity_backpressure.v,C:/Users/DAWN/.codex/visualizations/2026/10/02/01a0fd16-9489-7e50-a7b6-a1178fd92bf1/ppg_audit/snapshot/rtl/ppg_control_top/tb_ppg_control_top_owner_identity_backpressure.v,946,end else if((o_result_frame_id < reg_last_result_frame_id) ||,,evidence/oib06_predicate_counterexamples.json,发现确认；未修复；不等于全系统动态签核
B-016,S2,P06禁用未到达AMI输入,rtl/ppg_control_top/tb_ppg_control_top_injection.v,C:/Users/DAWN/.codex/visualizations/2026/10/02/01a0fd16-9489-7e50-a7b6-a1178fd92bf1/ppg_audit/snapshot/rtl/ppg_control_top/tb_ppg_control_top_injection.v,783,i_test_inject_enable = 1'b0;,rtl/ppg_adc_measurement_idac_integration/ppg_adc_measurement_idac_integration.v; rtl/ppg_control_top/ppg_control_top.v,evidence/p06_target_enable; evidence/p06_target_enable_mutant,发现确认；未修复；不等于全系统动态签核
B-017,S3,C18窗口长度直接消费者标错,contracts/PPG_PRECISION_WINDOW_INTEGRATION_WRAPPER_INTERFACE_CONTRACT.md,C:/Users/DAWN/.codex/visualizations/2026/10/02/01a0fd16-9489-7e50-a7b6-a1178fd92bf1/ppg_audit/snapshot/contracts/PPG_PRECISION_WINDOW_INTEGRATION_WRAPPER_INTERFACE_CONTRACT.md,201,"| `i_max_fine_window_frames`, `i_max_reacquire_frames` | precision controller | The limits are stable configuration values; the separate valid gate prohibits formal fine-window control and 9-to-15 requests when low. |",rtl/ppg_precision_window_integration/ppg_precision_window_integration.v; rtl/ppg_precision_window_controller/ppg_precision_window_controller.v,静态源文件/合同全文；见报告对应项,发现确认；未修复；不等于全系统动态签核
B-018,S3,合同与TB同号场景语义错位,contracts/PPG_400HZ_FRAME_CALIBRATION_SCHEDULER_INTERFACE_CONTRACT.md,C:/Users/DAWN/.codex/visualizations/2026/10/02/01a0fd16-9489-7e50-a7b6-a1178fd92bf1/ppg_audit/snapshot/contracts/PPG_400HZ_FRAME_CALIBRATION_SCHEDULER_INTERFACE_CONTRACT.md,1135,| FSC-03 | 400 Hz周期 | 相邻宏帧起点严格相差5000个2 MHz周期 |,rtl/ppg_400hz_frame_calibration_scheduler/tb_ppg_400hz_frame_calibration_scheduler.v; contracts/PPG_SYSTEM_FAULT_ABORT_SUPERVISOR_INTERFACE_CONTRACT.md; rtl/ppg_system_fault_abort_supervisor/tb_ppg_system_fault_abort_supervisor.v,evidence/id_four_link_audit.json,发现确认；未修复；不等于全系统动态签核
B-019,S3,C09当前版本及依赖台账不一致,contracts/PPG_SYSTEM_FAULT_ABORT_SUPERVISOR_INTERFACE_CONTRACT.md,C:/Users/DAWN/.codex/visualizations/2026/10/02/01a0fd16-9489-7e50-a7b6-a1178fd92bf1/ppg_audit/snapshot/contracts/PPG_SYSTEM_FAULT_ABORT_SUPERVISOR_INTERFACE_CONTRACT.md,17,| C09 | `ppg_system_integration/PPG_SAR9_SAR15_SAFE_SELECTION_WRAPPER_INTERFACE_CONTRACT.md` | V1.9 | SSW registered fault-record source and stop-drain consumer. |,contracts/PPG_SAR9_SAR15_SAFE_SELECTION_WRAPPER_INTERFACE_CONTRACT.md; contracts/PPG_400HZ_FRAME_CALIBRATION_SCHEDULER_INTERFACE_CONTRACT.md; contracts/PPG_ADC_MEASUREMENT_AND_IDAC_INTEGRATION_WRAPPER_INTERFACE_CONTRACT.md; contracts/PPG_CONTRACT_CLOSURE_MATRIX.md,evidence/dependency_bindings.json,发现确认；未修复；不等于全系统动态签核
