point	mode	event	slot	target	landed	landing	rule	verdict	why	monitors	v7_fail	sys_causes	ami_causes	sigs	end	cycles	seconds	log
MC1_F1_GEN_DUAL_IR_LOST	GEN_DUAL	PREC_IR_LOST	IR	f423/t330	f423/t460/sf0lt460	OK	observe	EXC-F1	cause04 + void at tick>=4760	LIVENESS:PASS IDENTITY:PASS RECOVERY:PASS FRAMEGAP:PASS Q3BIND:PASS VOIDEXCL:PASS	-	04	04	-	DONE	2137518	257	D:\PPG\verilog\ppg_regression_runs\v2_20261010_trial3_mc\points\MC1_F1_GEN_DUAL_IR_LOST\xsim.log
MC2_RECHECK_CAL_LOST_BUSY	RECHECK	RECHECK_CAL_BUSY	CAL	f616/t2000	f618/t2000/sf3lt125	OK	observe	NEW	LIVENESS,V7:P7_BOUNDED_LIVENESS	LIVENESS:FAIL IDENTITY:PASS RECOVERY:PASS FRAMEGAP:PASS Q3BIND:PASS VOIDEXCL:PASS	P7_BOUNDED_LIVENESS	-	-	-	DONE	3115012	356	D:\PPG\verilog\ppg_regression_runs\v2_20261010_trial3_mc\points\MC2_RECHECK_CAL_LOST_BUSY\xsim.log
MC3_L6_CAL_sf1_lt1	SEARCH	START_DELAY	ANY	f0/t626/sf1lt1	f0/t626/sf1lt1	OK	exact	PASS		LIVENESS:PASS IDENTITY:PASS RECOVERY:PASS FRAMEGAP:PASS Q3BIND:PASS VOIDEXCL:PASS	-	-	-	-	DONE	10668	9	D:\PPG\verilog\ppg_regression_runs\v2_20261010_trial3_mc\points\MC3_L6_CAL_sf1_lt1\xsim.log
MC3_L6_CAL_sf1_lt10	SEARCH	START_DELAY	ANY	f0/t635/sf1lt10	f0/t635/sf1lt10	OK	exact	PASS		LIVENESS:PASS IDENTITY:PASS RECOVERY:PASS FRAMEGAP:PASS Q3BIND:PASS VOIDEXCL:PASS	-	-	-	-	DONE	10942	10	D:\PPG\verilog\ppg_regression_runs\v2_20261010_trial3_mc\points\MC3_L6_CAL_sf1_lt10\xsim.log
MC3_L6_CAL_sf1_lt266	SEARCH	START_DELAY	ANY	f0/t891/sf1lt266	f0/t891/sf1lt266	OK	exact	PASS		LIVENESS:PASS IDENTITY:PASS RECOVERY:PASS FRAMEGAP:PASS Q3BIND:PASS VOIDEXCL:PASS	-	-	-	-	DONE	10942	10	D:\PPG\verilog\ppg_regression_runs\v2_20261010_trial3_mc\points\MC3_L6_CAL_sf1_lt266\xsim.log
MC3_L6_CAL_sf1_lt283	SEARCH	START_DELAY	ANY	f0/t908/sf1lt283	f0/t908/sf1lt283	OK	exact	PASS		LIVENESS:PASS IDENTITY:PASS RECOVERY:PASS FRAMEGAP:PASS Q3BIND:PASS VOIDEXCL:PASS	-	-	-	-	DONE	10950	9	D:\PPG\verilog\ppg_regression_runs\v2_20261010_trial3_mc\points\MC3_L6_CAL_sf1_lt283\xsim.log
MC3_L6_IR_t161	DUAL9	START_DELAY	ANY	f3/t161	f3/t161/sf0lt161	OK	exact	PASS		LIVENESS:PASS IDENTITY:PASS RECOVERY:PASS FRAMEGAP:PASS Q3BIND:PASS VOIDEXCL:PASS	-	-	-	-	DONE	25507	12	D:\PPG\verilog\ppg_regression_runs\v2_20261010_trial3_mc\points\MC3_L6_IR_t161\xsim.log
MC3_L6_IR_t204	DUAL9	START_DELAY	ANY	f3/t204	f3/t204/sf0lt204	OK	exact	PASS		LIVENESS:PASS IDENTITY:PASS RECOVERY:PASS FRAMEGAP:PASS Q3BIND:PASS VOIDEXCL:PASS	-	-	-	-	DONE	25507	11	D:\PPG\verilog\ppg_regression_runs\v2_20261010_trial3_mc\points\MC3_L6_IR_t204\xsim.log
MC3_L6_IR_t460	DUAL9	START_DELAY	ANY	f3/t460	f3/t460/sf0lt460	OK	exact	PASS		LIVENESS:PASS IDENTITY:PASS RECOVERY:PASS FRAMEGAP:PASS Q3BIND:PASS VOIDEXCL:PASS	-	-	-	-	DONE	25507	11	D:\PPG\verilog\ppg_regression_runs\v2_20261010_trial3_mc\points\MC3_L6_IR_t460\xsim.log
MC3_L6_IR_t477	DUAL9	START_DELAY	ANY	f3/t477	f3/t477/sf0lt477	OK	exact	PASS		LIVENESS:PASS IDENTITY:PASS RECOVERY:PASS FRAMEGAP:PASS Q3BIND:PASS VOIDEXCL:PASS	-	-	-	-	DONE	25515	12	D:\PPG\verilog\ppg_regression_runs\v2_20261010_trial3_mc\points\MC3_L6_IR_t477\xsim.log
MC3_L6_RED_t1	DUAL9	START_DELAY	ANY	f3/t1	f3/t1/sf0lt1	OK	exact	PASS		LIVENESS:PASS IDENTITY:PASS RECOVERY:PASS FRAMEGAP:PASS Q3BIND:PASS VOIDEXCL:PASS	-	-	-	-	DONE	25039	11	D:\PPG\verilog\ppg_regression_runs\v2_20261010_trial3_mc\points\MC3_L6_RED_t1\xsim.log
MC3_L6_RED_t200	DUAL9	START_DELAY	ANY	f3/t200	f3/t200/sf0lt200	OK	exact	PASS		LIVENESS:PASS IDENTITY:PASS RECOVERY:PASS FRAMEGAP:PASS Q3BIND:PASS VOIDEXCL:PASS	-	-	-	-	DONE	25507	11	D:\PPG\verilog\ppg_regression_runs\v2_20261010_trial3_mc\points\MC3_L6_RED_t200\xsim.log
MC3_L6_RED_t300	DUAL9	START_DELAY	ANY	f3/t300	f3/t300/sf0lt300	OK	exact	PASS		LIVENESS:PASS IDENTITY:PASS RECOVERY:PASS FRAMEGAP:PASS Q3BIND:PASS VOIDEXCL:PASS	-	-	-	-	DONE	25507	11	D:\PPG\verilog\ppg_regression_runs\v2_20261010_trial3_mc\points\MC3_L6_RED_t300\xsim.log
MC3_L6_RED_t318	DUAL9	START_DELAY	ANY	f3/t318	f3/t318/sf0lt318	OK	exact	PASS		LIVENESS:PASS IDENTITY:PASS RECOVERY:PASS FRAMEGAP:PASS Q3BIND:PASS VOIDEXCL:PASS	-	-	-	-	DONE	25507	11	D:\PPG\verilog\ppg_regression_runs\v2_20261010_trial3_mc\points\MC3_L6_RED_t318\xsim.log
MC3_L6_RED_t44	DUAL9	START_DELAY	ANY	f3/t44	f3/t44/sf0lt44	OK	exact	PASS		LIVENESS:PASS IDENTITY:PASS RECOVERY:PASS FRAMEGAP:PASS Q3BIND:PASS VOIDEXCL:PASS	-	-	-	-	DONE	25347	11	D:\PPG\verilog\ppg_regression_runs\v2_20261010_trial3_mc\points\MC3_L6_RED_t44\xsim.log
MC4_EXCC_SEARCH_LATE_CAL	SEARCH	LATE	CAL	f0/t100	f1/t0/sf0lt0	MISMATCH	exact	EXC-C	conditioned exception C gap	LIVENESS:PASS IDENTITY:PASS RECOVERY:PASS FRAMEGAP:EXC Q3BIND:PASS VOIDEXCL:PASS	-	-	-	-	DONE	30124	13	D:\PPG\verilog\ppg_regression_runs\v2_20261010_trial3_mc\points\MC4_EXCC_SEARCH_LATE_CAL\xsim.log
MC5_SID05_POSTBUSY_ACROSS_248	SEARCH	POSTBUSY	CAL	f0/t925/sf1lt300	f0/t925/sf1lt300	OK	exact	PASS		LIVENESS:PASS IDENTITY:PASS RECOVERY:PASS FRAMEGAP:PASS Q3BIND:PASS VOIDEXCL:PASS	-	-	-	-	DONE	25012	12	D:\PPG\verilog\ppg_regression_runs\v2_20261010_trial3_mc\points\MC5_SID05_POSTBUSY_ACROSS_248\xsim.log
MC5_SID05_POSTBUSY_CROSS_FRAME	SEARCH	POSTBUSY	CAL	f0/t4675/sf7lt300	f0/t4675/sf7lt300	OK	exact	PASS		LIVENESS:PASS IDENTITY:PASS RECOVERY:PASS FRAMEGAP:PASS Q3BIND:PASS VOIDEXCL:PASS	-	-	-	-	DONE	25012	12	D:\PPG\verilog\ppg_regression_runs\v2_20261010_trial3_mc\points\MC5_SID05_POSTBUSY_CROSS_FRAME\xsim.log
MC6_LATE_CROSS_FRAME	DUAL9	LATE	RED	f3/t200	f4/t201/sf0lt201	OK	exact	PASS		LIVENESS:PASS IDENTITY:PASS RECOVERY:PASS FRAMEGAP:PASS Q3BIND:PASS VOIDEXCL:PASS	-	-	-	-	DONE	45010	16	D:\PPG\verilog\ppg_regression_runs\v2_20261010_trial3_mc\points\MC6_LATE_CROSS_FRAME\xsim.log
MC7_RED15_LOST	RED15	LOST	RED	f3/t100	f3/t297/sf0lt297	OK	next_conv	PASS		LIVENESS:PASS IDENTITY:PASS RECOVERY:PASS FRAMEGAP:PASS Q3BIND:PASS VOIDEXCL:PASS	-	-	-	-	DONE	40010	14	D:\PPG\verilog\ppg_regression_runs\v2_20261010_trial3_mc\points\MC7_RED15_LOST\xsim.log
MC8_CAUSE07_FOREVER	DUAL9	FOREVER	RED	f3/t100	f3/t300/sf0lt300	OK	next_conv	PASS	expected cause07+blocking	LIVENESS:PASS IDENTITY:PASS RECOVERY:PASS FRAMEGAP:PASS Q3BIND:PASS VOIDEXCL:PASS	-	07	07	-	TIMEOUT	59994	17	D:\PPG\verilog\ppg_regression_runs\v2_20261010_trial3_mc\points\MC8_CAUSE07_FOREVER\xsim.log
MC9_LATE_AT_VOID_t4499	DUAL9	LATE	RED	f3/t4499	f3/t4499/sf7lt124	OK	exact	NEW	system causes 02	LIVENESS:PASS IDENTITY:PASS RECOVERY:PASS FRAMEGAP:PASS Q3BIND:PASS VOIDEXCL:PASS	-	02	02	-	DONE	29557	12	D:\PPG\verilog\ppg_regression_runs\v2_20261010_trial3_mc\points\MC9_LATE_AT_VOID_t4499\xsim.log
MC9_LATE_AT_VOID_t4500	DUAL9	LATE	RED	f3/t4500	f3/t4500/sf7lt125	OK	exact	NEW	system causes 02	LIVENESS:PASS IDENTITY:PASS RECOVERY:PASS FRAMEGAP:PASS Q3BIND:PASS VOIDEXCL:PASS	-	02	02	-	DONE	29558	13	D:\PPG\verilog\ppg_regression_runs\v2_20261010_trial3_mc\points\MC9_LATE_AT_VOID_t4500\xsim.log
MC9_LATE_AT_VOID_t4501	DUAL9	LATE	RED	f3/t4501	f3/t4501/sf7lt126	OK	exact	NEW	system causes 02	LIVENESS:PASS IDENTITY:PASS RECOVERY:PASS FRAMEGAP:PASS Q3BIND:PASS VOIDEXCL:PASS	-	02	02	-	DONE	29559	13	D:\PPG\verilog\ppg_regression_runs\v2_20261010_trial3_mc\points\MC9_LATE_AT_VOID_t4501\xsim.log
MC9_LATE_AT_VOID_t4502	DUAL9	LATE	RED	f3/t4502	f3/t4502/sf7lt127	OK	exact	NEW	system causes 02	LIVENESS:PASS IDENTITY:PASS RECOVERY:PASS FRAMEGAP:PASS Q3BIND:PASS VOIDEXCL:PASS	-	02	02	-	DONE	29560	13	D:\PPG\verilog\ppg_regression_runs\v2_20261010_trial3_mc\points\MC9_LATE_AT_VOID_t4502\xsim.log
