matrix_line,contract,port,direction,reference,contract_line,target,state,current_definition_line,current_definition_text,rtl_declaration_line,reason
1605,C03,i_adc_idle,input,ppg_system_integration/PPG_ACTIVE_V4_CONTROL_PLANE_INTEGRATION_WRAPPER_INTERFACE_CONTRACT.md:139,139,CDC传输完成不等于配置COMMIT成功。非法配置时，ACTIVE快照、所有epoch和生命周期状态不得改变。,confirmed_wrong_source_line,151,| `i_adc_idle` | ADC转换与DONE捕获汇总 | STOPPING排空资格 |,66,"Current target is blank, fence, parameter override, exclusion list or unrelated rule; current explicit definition found and source line checked literally. No historical override in Source."
1606,C03,i_analog_ready,input,ppg_system_integration/PPG_ACTIVE_V4_CONTROL_PLANE_INTEGRATION_WRAPPER_INTERFACE_CONTRACT.md:138,138,,confirmed_wrong_source_line,150,| `i_analog_ready` | 模拟偏置/参考/输入MUX安全层 | RUN启动资格 |,65,"Current target is blank, fence, parameter override, exclusion list or unrelated rule; current explicit definition found and source line checked literally. No historical override in Source."
1607,C03,i_analog_safe,input,ppg_system_integration/PPG_ACTIVE_V4_CONTROL_PLANE_INTEGRATION_WRAPPER_INTERFACE_CONTRACT.md:142,142,非法V5字段、非法V5保留位或V4/V5任一失败时，旧V4、旧V5和旧`config_epoch`全部保持。,confirmed_wrong_source_line,154,| `i_analog_safe` | SAR/模拟时序安全层 | 模拟安全保持资格 |,69,"Current target is blank, fence, parameter override, exclusion list or unrelated rule; current explicit definition found and source line checked literally. No historical override in Source."
1608,C03,i_clk,input,ppg_system_integration/PPG_ACTIVE_V4_CONTROL_PLANE_INTEGRATION_WRAPPER_INTERFACE_CONTRACT.md:96,96,```verilog,confirmed_wrong_source_line,108,| `i_clk` | 2 MHz系统控制时钟 |,58,"Current target is blank, fence, parameter override, exclusion list or unrelated rule; current explicit definition found and source line checked literally. No historical override in Source."
1609,C03,i_datapath_empty,input,ppg_system_integration/PPG_ACTIVE_V4_CONTROL_PLANE_INTEGRATION_WRAPPER_INTERFACE_CONTRACT.md:140,140,,confirmed_wrong_source_line,152,| `i_datapath_empty` | AMI保持型流水汇总 | 数字数据链排空资格 |,67,"Current target is blank, fence, parameter override, exclusion list or unrelated rule; current explicit definition found and source line checked literally. No historical override in Source."
1610,C03,i_idac_idle,input,ppg_system_integration/PPG_ACTIVE_V4_CONTROL_PLANE_INTEGRATION_WRAPPER_INTERFACE_CONTRACT.md:141,141,`o_active_config[1023:0]`只允许来自manager的合法联合ACTIVE寄存器，不得来自source shadow快照。,confirmed_wrong_source_line,153,| `i_idac_idle` | AMI IDAC搜索和提交状态 | IDAC排空资格 |,68,"Current target is blank, fence, parameter override, exclusion list or unrelated rule; current explicit definition found and source line checked literally. No historical override in Source."
1611,C03,i_rstn,input,ppg_system_integration/PPG_ACTIVE_V4_CONTROL_PLANE_INTEGRATION_WRAPPER_INTERFACE_CONTRACT.md:97,97,.C_CONFIG_WIDTH(1024),confirmed_wrong_source_line,109,| `i_rstn` | 2 MHz域低有效复位 |,59,"Current target is blank, fence, parameter override, exclusion list or unrelated rule; current explicit definition found and source line checked literally. No historical override in Source."
1612,C03,i_source_clk,input,ppg_system_integration/PPG_ACTIVE_V4_CONTROL_PLANE_INTEGRATION_WRAPPER_INTERFACE_CONTRACT.md:75,75,- Stage1/Stage2/DC算法或IDAC搜索算法；,confirmed_wrong_source_line,87,| `i_source_clk` | 1 | 配置快照源时钟 |,52,"Current target is blank, fence, parameter override, exclusion list or unrelated rule; current explicit definition found and source line checked literally. No historical override in Source."
1613,C03,i_source_config_snapshot,input,ppg_system_integration/PPG_ACTIVE_V4_CONTROL_PLANE_INTEGRATION_WRAPPER_INTERFACE_CONTRACT.md:77,77,- AMB专用模拟波形发生器。,confirmed_wrong_source_line,89,"| `i_source_config_snapshot` | 1024 | 已完整组装的V4/V5联合shadow快照；`[639:0]=V4`, `[1023:640]=V5` |",54,"Current target is blank, fence, parameter override, exclusion list or unrelated rule; current explicit definition found and source line checked literally. No historical override in Source."
1614,C03,i_source_config_update_event,input,ppg_system_integration/PPG_ACTIVE_V4_CONTROL_PLANE_INTEGRATION_WRAPPER_INTERFACE_CONTRACT.md:78,78,,confirmed_wrong_source_line,90,| `i_source_config_update_event` | 1 | 请求传输当前1024-bit快照的单周期事件 |,55,"Current target is blank, fence, parameter override, exclusion list or unrelated rule; current explicit definition found and source line checked literally. No historical override in Source."
1615,C03,i_source_rstn,input,ppg_system_integration/PPG_ACTIVE_V4_CONTROL_PLANE_INTEGRATION_WRAPPER_INTERFACE_CONTRACT.md:76,76,- `control_abort_event`故障汇总器；,confirmed_wrong_source_line,88,| `i_source_rstn` | 1 | source域低有效复位 |,53,"Current target is blank, fence, parameter override, exclusion list or unrelated rule; current explicit definition found and source line checked literally. No historical override in Source."
1616,C03,i_start_event,input,ppg_system_integration/PPG_ACTIVE_V4_CONTROL_PLANE_INTEGRATION_WRAPPER_INTERFACE_CONTRACT.md:98,98,```,confirmed_wrong_source_line,110,| `i_start_event` | 已同步START事件 |,60,"Current target is blank, fence, parameter override, exclusion list or unrelated rule; current explicit definition found and source line checked literally. No historical override in Source."
1617,C03,i_static_characterization_enable,input,ppg_system_integration/PPG_ACTIVE_V4_CONTROL_PLANE_INTEGRATION_WRAPPER_INTERFACE_CONTRACT.md:102,102,### 3.2 2 MHz系统域,confirmed_wrong_source_line,114,| `i_static_characterization_enable` | 表征控制CDC在2 MHz域已提交的STATIC_BIAS资格电平，直接送manager |,71,"Current target is blank, fence, parameter override, exclusion list or unrelated rule; current explicit definition found and source line checked literally. No historical override in Source."
1618,C03,i_status_clear_event,input,ppg_system_integration/PPG_ACTIVE_V4_CONTROL_PLANE_INTEGRATION_WRAPPER_INTERFACE_CONTRACT.md:100,100,不得依赖bridge当前的历史默认宽度123。,confirmed_wrong_source_line,112,| `i_status_clear_event` | 已同步状态清除事件 |,62,"Current target is blank, fence, parameter override, exclusion list or unrelated rule; current explicit definition found and source line checked literally. No historical override in Source."
1619,C03,i_stop_event,input,ppg_system_integration/PPG_ACTIVE_V4_CONTROL_PLANE_INTEGRATION_WRAPPER_INTERFACE_CONTRACT.md:99,99,,confirmed_wrong_source_line,111,| `i_stop_event` | 已同步STOP事件 |,61,"Current target is blank, fence, parameter override, exclusion list or unrelated rule; current explicit definition found and source line checked literally. No historical override in Source."
1620,C03,i_system_fault_blocking,input,ppg_system_integration/PPG_ACTIVE_V4_CONTROL_PLANE_INTEGRATION_WRAPPER_INTERFACE_CONTRACT.md:101,101,,confirmed_wrong_source_line,113,| `i_system_fault_blocking` | supervisor经Top送达的注册阻断故障电平；只透明送manager并阻断START |,70,"Current target is blank, fence, parameter override, exclusion list or unrelated rule; current explicit definition found and source line checked literally. No historical override in Source."
1621,C03,o_active_config,output,ppg_system_integration/PPG_ACTIVE_V4_CONTROL_PLANE_INTEGRATION_WRAPPER_INTERFACE_CONTRACT.md:214,214,may be inferred from another. Top's single registered,confirmed_wrong_source_line,226,| `o_active_config` | 1024 | 联合ACTIVE原子快照；V4=`[639:0]`、V5=`[1023:640]` |,78,"Current target is blank, fence, parameter override, exclusion list or unrelated rule; current explicit definition found and source line checked literally. No historical override in Source."
1622,C03,o_active_valid,output,ppg_system_integration/PPG_ACTIVE_V4_CONTROL_PLANE_INTEGRATION_WRAPPER_INTERFACE_CONTRACT.md:162,162,```verilog,confirmed_wrong_source_line,174,| `o_active_valid` | AMI/调度器 | ACTIVE合法且可作为本轮运行配置 |,79,"Current target is blank, fence, parameter override, exclusion list or unrelated rule; current explicit definition found and source line checked literally. No historical override in Source."
1623,C03,o_allow_new_transaction,output,ppg_system_integration/PPG_ACTIVE_V4_CONTROL_PLANE_INTEGRATION_WRAPPER_INTERFACE_CONTRACT.md:164,164,```,confirmed_wrong_source_line,176,| `o_allow_new_transaction` | 调度器 | 当前允许发起新ADC事务 |,89,"Current target is blank, fence, parameter override, exclusion list or unrelated rule; current explicit definition found and source line checked literally. No historical override in Source."
1624,C03,o_coef_epoch,output,ppg_system_integration/PPG_ACTIVE_V4_CONTROL_PLANE_INTEGRATION_WRAPPER_INTERFACE_CONTRACT.md:217,217,"not aggregate faults, implement test CDC, generate generation or calculate the",confirmed_wrong_source_line,229,| `o_coef_epoch` | 8 | Stage1系数版本 |,81,"Current target is blank, fence, parameter override, exclusion list or unrelated rule; current explicit definition found and source line checked literally. No historical override in Source."
1625,C03,o_config_epoch,output,ppg_system_integration/PPG_ACTIVE_V4_CONTROL_PLANE_INTEGRATION_WRAPPER_INTERFACE_CONTRACT.md:216,216,"an ACTIVE snapshot, owner, injection request or active fault. The wrapper does",confirmed_wrong_source_line,228,| `o_config_epoch` | 8 | 合法V4 COMMIT版本 |,80,"Current target is blank, fence, parameter override, exclusion list or unrelated rule; current explicit definition found and source line checked literally. No historical override in Source."
1626,C03,o_dc_recovery_coef_epoch,output,ppg_system_integration/PPG_ACTIVE_V4_CONTROL_PLANE_INTEGRATION_WRAPPER_INTERFACE_CONTRACT.md:219,219,,confirmed_wrong_source_line,231,| `o_dc_recovery_coef_epoch` | 8 | DC恢复系数版本 |,83,"Current target is blank, fence, parameter override, exclusion list or unrelated rule; current explicit definition found and source line checked literally. No historical override in Source."
1627,C03,o_run_enable,output,ppg_system_integration/PPG_ACTIVE_V4_CONTROL_PLANE_INTEGRATION_WRAPPER_INTERFACE_CONTRACT.md:163,163,.i_static_characterization_enable(i_static_characterization_enable),confirmed_wrong_source_line,175,| `o_run_enable` | AMI/调度器 | 当前允许运行功能链 |,88,"Current target is blank, fence, parameter override, exclusion list or unrelated rule; current explicit definition found and source line checked literally. No historical override in Source."
1628,C03,o_run_generation,output,ppg_system_integration/PPG_ACTIVE_V4_CONTROL_PLANE_INTEGRATION_WRAPPER_INTERFACE_CONTRACT.md:167,167,,confirmed_wrong_source_line,179,| `o_run_generation` | Top | manager唯一产生的`C_RUN_GENERATION_WIDTH`注册generation；Wrapper仅逐位转发 |,90,"Current target is blank, fence, parameter override, exclusion list or unrelated rule; current explicit definition found and source line checked literally. No historical override in Source."
1629,C03,o_stage2_coef_epoch,output,ppg_system_integration/PPG_ACTIVE_V4_CONTROL_PLANE_INTEGRATION_WRAPPER_INTERFACE_CONTRACT.md:218,218,watchdog.,confirmed_wrong_source_line,230,| `o_stage2_coef_epoch` | 8 | Stage2系数版本 |,82,"Current target is blank, fence, parameter override, exclusion list or unrelated rule; current explicit definition found and source line checked literally. No historical override in Source."
1630,C03,o_start_ack_event,output,ppg_system_integration/PPG_ACTIVE_V4_CONTROL_PLANE_INTEGRATION_WRAPPER_INTERFACE_CONTRACT.md:165,165,,confirmed_wrong_source_line,177,| `o_start_ack_event` | AMI/调度器 | START已经被合法接受 |,95,"Current target is blank, fence, parameter override, exclusion list or unrelated rule; current explicit definition found and source line checked literally. No historical override in Source."
1631,C03,o_stop_ack_event,output,ppg_system_integration/PPG_ACTIVE_V4_CONTROL_PLANE_INTEGRATION_WRAPPER_INTERFACE_CONTRACT.md:166,166,Wrapper不得缓存、反相、脉冲化、重新同步或从640-bit ACTIVE、`run_profile`、`input_source`及source域表征字段重建该信号。该输入只参与manager的配置资格检查，不得占用V4保留位，也不得作为Wrapper输出再次生成第二个所有权副本。,confirmed_wrong_source_line,178,| `o_stop_ack_event` | AMI/调度器 | STOP已经接受并进入排空 |,96,"Current target is blank, fence, parameter override, exclusion list or unrelated rule; current explicit definition found and source line checked literally. No historical override in Source."
1632,C03,o_stop_episode_active,output,ppg_system_integration/PPG_ACTIVE_V4_CONTROL_PLANE_INTEGRATION_WRAPPER_INTERFACE_CONTRACT.md:168,168,## 6. 生命周期、清除和abort边界,accepted_current_section_source,,,91,Section6 lifecycle heading plus same section180 exact STOP episode definition; no loss of implementation.
1633,C03,o_system_fault_blocking,output,ppg_system_integration/PPG_ACTIVE_V4_CONTROL_PLANE_INTEGRATION_WRAPPER_INTERFACE_CONTRACT.md:143,143,,already_explicitly_documented_phantom,,,,Matrix openly marks invalid C03 port. Correct Top output exists; no new implementation-gap finding.
1634,C03,o_commit_ack_event,output,ppg_system_integration/PPG_ACTIVE_V4_CONTROL_PLANE_INTEGRATION_WRAPPER_INTERFACE_CONTRACT.md:97,97,.C_CONFIG_WIDTH(1024),confirmed_wrong_source_line,136,2. `o_commit_ack_event`：manager确认配置合法并成为ACTIVE；,94,"Current target is blank, fence, parameter override, exclusion list or unrelated rule; current explicit definition found and source line checked literally. No historical override in Source."
1635,C03,o_commit_ack_sticky,output,ppg_system_integration/PPG_ACTIVE_V4_CONTROL_PLANE_INTEGRATION_WRAPPER_INTERFACE_CONTRACT.md:279,279,## 11. 输出状态与错误保持,accepted_current_group_source,,,98,Current §11 is the manager status/error forwarding group. Full literal port absence is not a missing implementation.
1636,C03,o_error_event,output,ppg_system_integration/PPG_ACTIVE_V4_CONTROL_PLANE_INTEGRATION_WRAPPER_INTERFACE_CONTRACT.md:97,97,.C_CONFIG_WIDTH(1024),confirmed_wrong_source_line,137,3. `o_error_event`：manager拒绝当前配置或命令。,97,"Current target is blank, fence, parameter override, exclusion list or unrelated rule; current explicit definition found and source line checked literally. No historical override in Source."
1637,C03,o_error_sticky,output,ppg_system_integration/PPG_ACTIVE_V4_CONTROL_PLANE_INTEGRATION_WRAPPER_INTERFACE_CONTRACT.md:279,279,## 11. 输出状态与错误保持,accepted_current_group_source,,,99,Current §11 is the manager status/error forwarding group. Full literal port absence is not a missing implementation.
1638,C03,o_last_error_code,output,ppg_system_integration/PPG_ACTIVE_V4_CONTROL_PLANE_INTEGRATION_WRAPPER_INTERFACE_CONTRACT.md:279,279,## 11. 输出状态与错误保持,accepted_current_group_source,,,100,Current §11 is the manager status/error forwarding group. Full literal port absence is not a missing implementation.
1639,C03,o_lifecycle_state,output,ppg_system_integration/PPG_ACTIVE_V4_CONTROL_PLANE_INTEGRATION_WRAPPER_INTERFACE_CONTRACT.md:220,220,## 7. ACTIVE与epoch输出,scope_ambiguous_not_counted,,,86,Source points to ACTIVE/epoch heading while row uses C02 manager status forwarding. Correct hardware exists; exact C03 normative source needs fuller cross-contract scope ruling.
1640,C03,o_start_ready,output,ppg_system_integration/PPG_ACTIVE_V4_CONTROL_PLANE_INTEGRATION_WRAPPER_INTERFACE_CONTRACT.md:220,220,## 7. ACTIVE与epoch输出,scope_ambiguous_not_counted,,,87,Source points to ACTIVE/epoch heading while row uses C02 manager status forwarding. Correct hardware exists; exact C03 normative source needs fuller cross-contract scope ruling.
1641,C03,o_schema_version,output,ppg_system_integration/PPG_ACTIVE_V4_CONTROL_PLANE_INTEGRATION_WRAPPER_INTERFACE_CONTRACT.md:239,239,- `schema_version`、`run_profile`、`input_source`、`idac_mode`、`optical_mode`和`initial_precision`；,accepted_current_group_source,,,103,C03§8 groups forwarded C05 named outputs; group prose need not spell every o_ prefix. Names/directions checked against real wrapper AST; group semantics manually read.
1642,C03,o_run_profile,output,ppg_system_integration/PPG_ACTIVE_V4_CONTROL_PLANE_INTEGRATION_WRAPPER_INTERFACE_CONTRACT.md:239,239,- `schema_version`、`run_profile`、`input_source`、`idac_mode`、`optical_mode`和`initial_precision`；,accepted_current_group_source,,,104,C03§8 groups forwarded C05 named outputs; group prose need not spell every o_ prefix. Names/directions checked against real wrapper AST; group semantics manually read.
1643,C03,o_input_source,output,ppg_system_integration/PPG_ACTIVE_V4_CONTROL_PLANE_INTEGRATION_WRAPPER_INTERFACE_CONTRACT.md:239,239,- `schema_version`、`run_profile`、`input_source`、`idac_mode`、`optical_mode`和`initial_precision`；,accepted_current_group_source,,,105,C03§8 groups forwarded C05 named outputs; group prose need not spell every o_ prefix. Names/directions checked against real wrapper AST; group semantics manually read.
1644,C03,o_idac_mode,output,ppg_system_integration/PPG_ACTIVE_V4_CONTROL_PLANE_INTEGRATION_WRAPPER_INTERFACE_CONTRACT.md:239,239,- `schema_version`、`run_profile`、`input_source`、`idac_mode`、`optical_mode`和`initial_precision`；,accepted_current_group_source,,,106,C03§8 groups forwarded C05 named outputs; group prose need not spell every o_ prefix. Names/directions checked against real wrapper AST; group semantics manually read.
1645,C03,o_optical_mode,output,ppg_system_integration/PPG_ACTIVE_V4_CONTROL_PLANE_INTEGRATION_WRAPPER_INTERFACE_CONTRACT.md:239,239,- `schema_version`、`run_profile`、`input_source`、`idac_mode`、`optical_mode`和`initial_precision`；,accepted_current_group_source,,,107,C03§8 groups forwarded C05 named outputs; group prose need not spell every o_ prefix. Names/directions checked against real wrapper AST; group semantics manually read.
1646,C03,o_initial_precision,output,ppg_system_integration/PPG_ACTIVE_V4_CONTROL_PLANE_INTEGRATION_WRAPPER_INTERFACE_CONTRACT.md:239,239,- `schema_version`、`run_profile`、`input_source`、`idac_mode`、`optical_mode`和`initial_precision`；,accepted_current_group_source,,,108,C03§8 groups forwarded C05 named outputs; group prose need not spell every o_ prefix. Names/directions checked against real wrapper AST; group semantics manually read.
1647,C03,o_amb_enable,output,ppg_system_integration/PPG_ACTIVE_V4_CONTROL_PLANE_INTEGRATION_WRAPPER_INTERFACE_CONTRACT.md:240,240,- AMB/DCS enable、polarity、校准有效标志和AMB重检间隔；,accepted_current_group_source,,,109,C03§8 groups forwarded C05 named outputs; group prose need not spell every o_ prefix. Names/directions checked against real wrapper AST; group semantics manually read.
1648,C03,o_dcs_enable,output,ppg_system_integration/PPG_ACTIVE_V4_CONTROL_PLANE_INTEGRATION_WRAPPER_INTERFACE_CONTRACT.md:240,240,- AMB/DCS enable、polarity、校准有效标志和AMB重检间隔；,accepted_current_group_source,,,110,C03§8 groups forwarded C05 named outputs; group prose need not spell every o_ prefix. Names/directions checked against real wrapper AST; group semantics manually read.
1649,C03,o_amb_polarity,output,ppg_system_integration/PPG_ACTIVE_V4_CONTROL_PLANE_INTEGRATION_WRAPPER_INTERFACE_CONTRACT.md:240,240,- AMB/DCS enable、polarity、校准有效标志和AMB重检间隔；,accepted_current_group_source,,,111,C03§8 groups forwarded C05 named outputs; group prose need not spell every o_ prefix. Names/directions checked against real wrapper AST; group semantics manually read.
1650,C03,o_dcs_polarity,output,ppg_system_integration/PPG_ACTIVE_V4_CONTROL_PLANE_INTEGRATION_WRAPPER_INTERFACE_CONTRACT.md:240,240,- AMB/DCS enable、polarity、校准有效标志和AMB重检间隔；,accepted_current_group_source,,,112,C03§8 groups forwarded C05 named outputs; group prose need not spell every o_ prefix. Names/directions checked against real wrapper AST; group semantics manually read.
1651,C03,o_stage1_calibration_valid,output,ppg_system_integration/PPG_ACTIVE_V4_CONTROL_PLANE_INTEGRATION_WRAPPER_INTERFACE_CONTRACT.md:240,240,- AMB/DCS enable、polarity、校准有效标志和AMB重检间隔；,accepted_current_group_source,,,113,C03§8 groups forwarded C05 named outputs; group prose need not spell every o_ prefix. Names/directions checked against real wrapper AST; group semantics manually read.
1652,C03,o_stage2_calibration_valid,output,ppg_system_integration/PPG_ACTIVE_V4_CONTROL_PLANE_INTEGRATION_WRAPPER_INTERFACE_CONTRACT.md:240,240,- AMB/DCS enable、polarity、校准有效标志和AMB重检间隔；,accepted_current_group_source,,,114,C03§8 groups forwarded C05 named outputs; group prose need not spell every o_ prefix. Names/directions checked against real wrapper AST; group semantics manually read.
1653,C03,o_dc9_recovery_valid,output,ppg_system_integration/PPG_ACTIVE_V4_CONTROL_PLANE_INTEGRATION_WRAPPER_INTERFACE_CONTRACT.md:240,240,- AMB/DCS enable、polarity、校准有效标志和AMB重检间隔；,accepted_current_group_source,,,115,C03§8 groups forwarded C05 named outputs; group prose need not spell every o_ prefix. Names/directions checked against real wrapper AST; group semantics manually read.
1654,C03,o_dc15_recovery_valid,output,ppg_system_integration/PPG_ACTIVE_V4_CONTROL_PLANE_INTEGRATION_WRAPPER_INTERFACE_CONTRACT.md:240,240,- AMB/DCS enable、polarity、校准有效标志和AMB重检间隔；,accepted_current_group_source,,,116,C03§8 groups forwarded C05 named outputs; group prose need not spell every o_ prefix. Names/directions checked against real wrapper AST; group semantics manually read.
1655,C03,o_amb_manual_code,output,ppg_system_integration/PPG_ACTIVE_V4_CONTROL_PLANE_INTEGRATION_WRAPPER_INTERFACE_CONTRACT.md:241,241,- AMB、RED DC、IR DC的manual/min/max码；,accepted_current_group_source,,,119,C03§8 groups forwarded C05 named outputs; group prose need not spell every o_ prefix. Names/directions checked against real wrapper AST; group semantics manually read.
1656,C03,o_amb_code_min,output,ppg_system_integration/PPG_ACTIVE_V4_CONTROL_PLANE_INTEGRATION_WRAPPER_INTERFACE_CONTRACT.md:241,241,- AMB、RED DC、IR DC的manual/min/max码；,accepted_current_group_source,,,120,C03§8 groups forwarded C05 named outputs; group prose need not spell every o_ prefix. Names/directions checked against real wrapper AST; group semantics manually read.
1657,C03,o_amb_code_max,output,ppg_system_integration/PPG_ACTIVE_V4_CONTROL_PLANE_INTEGRATION_WRAPPER_INTERFACE_CONTRACT.md:241,241,- AMB、RED DC、IR DC的manual/min/max码；,accepted_current_group_source,,,121,C03§8 groups forwarded C05 named outputs; group prose need not spell every o_ prefix. Names/directions checked against real wrapper AST; group semantics manually read.
1658,C03,o_dcs_r_manual_code,output,ppg_system_integration/PPG_ACTIVE_V4_CONTROL_PLANE_INTEGRATION_WRAPPER_INTERFACE_CONTRACT.md:241,241,- AMB、RED DC、IR DC的manual/min/max码；,accepted_current_group_source,,,122,C03§8 groups forwarded C05 named outputs; group prose need not spell every o_ prefix. Names/directions checked against real wrapper AST; group semantics manually read.
1659,C03,o_dcs_r_code_min,output,ppg_system_integration/PPG_ACTIVE_V4_CONTROL_PLANE_INTEGRATION_WRAPPER_INTERFACE_CONTRACT.md:241,241,- AMB、RED DC、IR DC的manual/min/max码；,accepted_current_group_source,,,123,C03§8 groups forwarded C05 named outputs; group prose need not spell every o_ prefix. Names/directions checked against real wrapper AST; group semantics manually read.
1660,C03,o_dcs_r_code_max,output,ppg_system_integration/PPG_ACTIVE_V4_CONTROL_PLANE_INTEGRATION_WRAPPER_INTERFACE_CONTRACT.md:241,241,- AMB、RED DC、IR DC的manual/min/max码；,accepted_current_group_source,,,124,C03§8 groups forwarded C05 named outputs; group prose need not spell every o_ prefix. Names/directions checked against real wrapper AST; group semantics manually read.
1661,C03,o_dcs_ir_manual_code,output,ppg_system_integration/PPG_ACTIVE_V4_CONTROL_PLANE_INTEGRATION_WRAPPER_INTERFACE_CONTRACT.md:241,241,- AMB、RED DC、IR DC的manual/min/max码；,accepted_current_group_source,,,125,C03§8 groups forwarded C05 named outputs; group prose need not spell every o_ prefix. Names/directions checked against real wrapper AST; group semantics manually read.
1662,C03,o_dcs_ir_code_min,output,ppg_system_integration/PPG_ACTIVE_V4_CONTROL_PLANE_INTEGRATION_WRAPPER_INTERFACE_CONTRACT.md:241,241,- AMB、RED DC、IR DC的manual/min/max码；,accepted_current_group_source,,,126,C03§8 groups forwarded C05 named outputs; group prose need not spell every o_ prefix. Names/directions checked against real wrapper AST; group semantics manually read.
1663,C03,o_dcs_ir_code_max,output,ppg_system_integration/PPG_ACTIVE_V4_CONTROL_PLANE_INTEGRATION_WRAPPER_INTERFACE_CONTRACT.md:241,241,- AMB、RED DC、IR DC的manual/min/max码；,accepted_current_group_source,,,127,C03§8 groups forwarded C05 named outputs; group prose need not spell every o_ prefix. Names/directions checked against real wrapper AST; group semantics manually read.
1664,C03,o_amb_threshold_low,output,ppg_system_integration/PPG_ACTIVE_V4_CONTROL_PLANE_INTEGRATION_WRAPPER_INTERFACE_CONTRACT.md:242,242,- AMB/DCS signed阈值和确认次数；,accepted_current_group_source,,,130,C03§8 groups forwarded C05 named outputs; group prose need not spell every o_ prefix. Names/directions checked against real wrapper AST; group semantics manually read.
1665,C03,o_amb_threshold_high,output,ppg_system_integration/PPG_ACTIVE_V4_CONTROL_PLANE_INTEGRATION_WRAPPER_INTERFACE_CONTRACT.md:242,242,- AMB/DCS signed阈值和确认次数；,accepted_current_group_source,,,131,C03§8 groups forwarded C05 named outputs; group prose need not spell every o_ prefix. Names/directions checked against real wrapper AST; group semantics manually read.
1666,C03,o_dcs_threshold_low,output,ppg_system_integration/PPG_ACTIVE_V4_CONTROL_PLANE_INTEGRATION_WRAPPER_INTERFACE_CONTRACT.md:242,242,- AMB/DCS signed阈值和确认次数；,accepted_current_group_source,,,132,C03§8 groups forwarded C05 named outputs; group prose need not spell every o_ prefix. Names/directions checked against real wrapper AST; group semantics manually read.
1667,C03,o_dcs_threshold_high,output,ppg_system_integration/PPG_ACTIVE_V4_CONTROL_PLANE_INTEGRATION_WRAPPER_INTERFACE_CONTRACT.md:242,242,- AMB/DCS signed阈值和确认次数；,accepted_current_group_source,,,133,C03§8 groups forwarded C05 named outputs; group prose need not spell every o_ prefix. Names/directions checked against real wrapper AST; group semantics manually read.
1668,C03,o_amb_confirm_count,output,ppg_system_integration/PPG_ACTIVE_V4_CONTROL_PLANE_INTEGRATION_WRAPPER_INTERFACE_CONTRACT.md:242,242,- AMB/DCS signed阈值和确认次数；,accepted_current_group_source,,,134,C03§8 groups forwarded C05 named outputs; group prose need not spell every o_ prefix. Names/directions checked against real wrapper AST; group semantics manually read.
1669,C03,o_dcs_confirm_count,output,ppg_system_integration/PPG_ACTIVE_V4_CONTROL_PLANE_INTEGRATION_WRAPPER_INTERFACE_CONTRACT.md:242,242,- AMB/DCS signed阈值和确认次数；,accepted_current_group_source,,,135,C03§8 groups forwarded C05 named outputs; group prose need not spell every o_ prefix. Names/directions checked against real wrapper AST; group semantics manually read.
1670,C03,o_stage1_weight_q16_0,output,ppg_system_integration/PPG_ACTIVE_V4_CONTROL_PLANE_INTEGRATION_WRAPPER_INTERFACE_CONTRACT.md:243,243,- 十个Stage1 Q16权重及offset；,accepted_current_group_source,,,138,C03§8 groups forwarded C05 named outputs; group prose need not spell every o_ prefix. Names/directions checked against real wrapper AST; group semantics manually read.
1671,C03,o_stage1_weight_q16_1,output,ppg_system_integration/PPG_ACTIVE_V4_CONTROL_PLANE_INTEGRATION_WRAPPER_INTERFACE_CONTRACT.md:243,243,- 十个Stage1 Q16权重及offset；,accepted_current_group_source,,,139,C03§8 groups forwarded C05 named outputs; group prose need not spell every o_ prefix. Names/directions checked against real wrapper AST; group semantics manually read.
1672,C03,o_stage1_weight_q16_2,output,ppg_system_integration/PPG_ACTIVE_V4_CONTROL_PLANE_INTEGRATION_WRAPPER_INTERFACE_CONTRACT.md:243,243,- 十个Stage1 Q16权重及offset；,accepted_current_group_source,,,140,C03§8 groups forwarded C05 named outputs; group prose need not spell every o_ prefix. Names/directions checked against real wrapper AST; group semantics manually read.
1673,C03,o_stage1_weight_q16_3,output,ppg_system_integration/PPG_ACTIVE_V4_CONTROL_PLANE_INTEGRATION_WRAPPER_INTERFACE_CONTRACT.md:243,243,- 十个Stage1 Q16权重及offset；,accepted_current_group_source,,,141,C03§8 groups forwarded C05 named outputs; group prose need not spell every o_ prefix. Names/directions checked against real wrapper AST; group semantics manually read.
1674,C03,o_stage1_weight_q16_4,output,ppg_system_integration/PPG_ACTIVE_V4_CONTROL_PLANE_INTEGRATION_WRAPPER_INTERFACE_CONTRACT.md:243,243,- 十个Stage1 Q16权重及offset；,accepted_current_group_source,,,142,C03§8 groups forwarded C05 named outputs; group prose need not spell every o_ prefix. Names/directions checked against real wrapper AST; group semantics manually read.
1675,C03,o_stage1_weight_q16_5,output,ppg_system_integration/PPG_ACTIVE_V4_CONTROL_PLANE_INTEGRATION_WRAPPER_INTERFACE_CONTRACT.md:243,243,- 十个Stage1 Q16权重及offset；,accepted_current_group_source,,,143,C03§8 groups forwarded C05 named outputs; group prose need not spell every o_ prefix. Names/directions checked against real wrapper AST; group semantics manually read.
1676,C03,o_stage1_weight_q16_6,output,ppg_system_integration/PPG_ACTIVE_V4_CONTROL_PLANE_INTEGRATION_WRAPPER_INTERFACE_CONTRACT.md:243,243,- 十个Stage1 Q16权重及offset；,accepted_current_group_source,,,144,C03§8 groups forwarded C05 named outputs; group prose need not spell every o_ prefix. Names/directions checked against real wrapper AST; group semantics manually read.
1677,C03,o_stage1_weight_q16_7,output,ppg_system_integration/PPG_ACTIVE_V4_CONTROL_PLANE_INTEGRATION_WRAPPER_INTERFACE_CONTRACT.md:243,243,- 十个Stage1 Q16权重及offset；,accepted_current_group_source,,,145,C03§8 groups forwarded C05 named outputs; group prose need not spell every o_ prefix. Names/directions checked against real wrapper AST; group semantics manually read.
1678,C03,o_stage1_weight_q16_8,output,ppg_system_integration/PPG_ACTIVE_V4_CONTROL_PLANE_INTEGRATION_WRAPPER_INTERFACE_CONTRACT.md:243,243,- 十个Stage1 Q16权重及offset；,accepted_current_group_source,,,146,C03§8 groups forwarded C05 named outputs; group prose need not spell every o_ prefix. Names/directions checked against real wrapper AST; group semantics manually read.
1679,C03,o_stage1_weight_q16_9,output,ppg_system_integration/PPG_ACTIVE_V4_CONTROL_PLANE_INTEGRATION_WRAPPER_INTERFACE_CONTRACT.md:243,243,- 十个Stage1 Q16权重及offset；,accepted_current_group_source,,,147,C03§8 groups forwarded C05 named outputs; group prose need not spell every o_ prefix. Names/directions checked against real wrapper AST; group semantics manually read.
1680,C03,o_stage1_offset_q16,output,ppg_system_integration/PPG_ACTIVE_V4_CONTROL_PLANE_INTEGRATION_WRAPPER_INTERFACE_CONTRACT.md:243,243,- 十个Stage1 Q16权重及offset；,accepted_current_group_source,,,148,C03§8 groups forwarded C05 named outputs; group prose need not spell every o_ prefix. Names/directions checked against real wrapper AST; group semantics manually read.
1681,C03,o_stage2_gain_q16,output,ppg_system_integration/PPG_ACTIVE_V4_CONTROL_PLANE_INTEGRATION_WRAPPER_INTERFACE_CONTRACT.md:244,244,- Stage2 gain/offset；,accepted_current_group_source,,,151,C03§8 groups forwarded C05 named outputs; group prose need not spell every o_ prefix. Names/directions checked against real wrapper AST; group semantics manually read.
1682,C03,o_stage2_offset_q16,output,ppg_system_integration/PPG_ACTIVE_V4_CONTROL_PLANE_INTEGRATION_WRAPPER_INTERFACE_CONTRACT.md:244,244,- Stage2 gain/offset；,accepted_current_group_source,,,152,C03§8 groups forwarded C05 named outputs; group prose need not spell every o_ prefix. Names/directions checked against real wrapper AST; group semantics manually read.
1683,C03,o_dc9_recovery_gain_q16,output,ppg_system_integration/PPG_ACTIVE_V4_CONTROL_PLANE_INTEGRATION_WRAPPER_INTERFACE_CONTRACT.md:245,245,- SAR9/SAR15 DC恢复gain。,accepted_current_group_source,,,153,C03§8 groups forwarded C05 named outputs; group prose need not spell every o_ prefix. Names/directions checked against real wrapper AST; group semantics manually read.
1684,C03,o_dc15_recovery_gain_q16,output,ppg_system_integration/PPG_ACTIVE_V4_CONTROL_PLANE_INTEGRATION_WRAPPER_INTERFACE_CONTRACT.md:245,245,- SAR9/SAR15 DC恢复gain。,accepted_current_group_source,,,154,C03§8 groups forwarded C05 named outputs; group prose need not spell every o_ prefix. Names/directions checked against real wrapper AST; group semantics manually read.
1685,C03,o_amb_recheck_interval_frames,output,ppg_system_integration/PPG_ACTIVE_V4_CONTROL_PLANE_INTEGRATION_WRAPPER_INTERFACE_CONTRACT.md:240,240,- AMB/DCS enable、polarity、校准有效标志和AMB重检间隔；,accepted_current_group_source,,,157,C03§8 groups forwarded C05 named outputs; group prose need not spell every o_ prefix. Names/directions checked against real wrapper AST; group semantics manually read.
1686,C03,o_slope_mode,output,ppg_system_integration/PPG_ACTIVE_V4_CONTROL_PLANE_INTEGRATION_WRAPPER_INTERFACE_CONTRACT.md:246,246,- V5检测字段：`slope_mode`、`fixed_slope_q16`、`alpha_q15`、`beta_q15`、,accepted_current_group_source,,,160,C03§8 groups forwarded C05 named outputs; group prose need not spell every o_ prefix. Names/directions checked against real wrapper AST; group semantics manually read.
1687,C03,o_fixed_slope_q16,output,ppg_system_integration/PPG_ACTIVE_V4_CONTROL_PLANE_INTEGRATION_WRAPPER_INTERFACE_CONTRACT.md:246,246,- V5检测字段：`slope_mode`、`fixed_slope_q16`、`alpha_q15`、`beta_q15`、,accepted_current_group_source,,,161,C03§8 groups forwarded C05 named outputs; group prose need not spell every o_ prefix. Names/directions checked against real wrapper AST; group semantics manually read.
1688,C03,o_alpha_q15,output,ppg_system_integration/PPG_ACTIVE_V4_CONTROL_PLANE_INTEGRATION_WRAPPER_INTERFACE_CONTRACT.md:246,246,- V5检测字段：`slope_mode`、`fixed_slope_q16`、`alpha_q15`、`beta_q15`、,accepted_current_group_source,,,162,C03§8 groups forwarded C05 named outputs; group prose need not spell every o_ prefix. Names/directions checked against real wrapper AST; group semantics manually read.
1689,C03,o_beta_q15,output,ppg_system_integration/PPG_ACTIVE_V4_CONTROL_PLANE_INTEGRATION_WRAPPER_INTERFACE_CONTRACT.md:246,246,- V5检测字段：`slope_mode`、`fixed_slope_q16`、`alpha_q15`、`beta_q15`、,accepted_current_group_source,,,163,C03§8 groups forwarded C05 named outputs; group prose need not spell every o_ prefix. Names/directions checked against real wrapper AST; group semantics manually read.
1690,C03,o_timing_adjust_ratio_q15,output,ppg_system_integration/PPG_ACTIVE_V4_CONTROL_PLANE_INTEGRATION_WRAPPER_INTERFACE_CONTRACT.md:246,246,- V5检测字段：`slope_mode`、`fixed_slope_q16`、`alpha_q15`、`beta_q15`、,accepted_current_group_source,,,164,C03§8 groups forwarded C05 named outputs; group prose need not spell every o_ prefix. Names/directions checked against real wrapper AST; group semantics manually read.
1691,C03,o_slope_min_q16,output,ppg_system_integration/PPG_ACTIVE_V4_CONTROL_PLANE_INTEGRATION_WRAPPER_INTERFACE_CONTRACT.md:246,246,- V5检测字段：`slope_mode`、`fixed_slope_q16`、`alpha_q15`、`beta_q15`、,accepted_current_group_source,,,165,C03§8 groups forwarded C05 named outputs; group prose need not spell every o_ prefix. Names/directions checked against real wrapper AST; group semantics manually read.
1692,C03,o_slope_max_q16,output,ppg_system_integration/PPG_ACTIVE_V4_CONTROL_PLANE_INTEGRATION_WRAPPER_INTERFACE_CONTRACT.md:246,246,- V5检测字段：`slope_mode`、`fixed_slope_q16`、`alpha_q15`、`beta_q15`、,accepted_current_group_source,,,166,C03§8 groups forwarded C05 named outputs; group prose need not spell every o_ prefix. Names/directions checked against real wrapper AST; group semantics manually read.
1693,C03,o_baseline_delta_q16,output,ppg_system_integration/PPG_ACTIVE_V4_CONTROL_PLANE_INTEGRATION_WRAPPER_INTERFACE_CONTRACT.md:246,246,- V5检测字段：`slope_mode`、`fixed_slope_q16`、`alpha_q15`、`beta_q15`、,accepted_current_group_source,,,167,C03§8 groups forwarded C05 named outputs; group prose need not spell every o_ prefix. Names/directions checked against real wrapper AST; group semantics manually read.
1694,C03,o_cross_hysteresis_q16,output,ppg_system_integration/PPG_ACTIVE_V4_CONTROL_PLANE_INTEGRATION_WRAPPER_INTERFACE_CONTRACT.md:246,246,- V5检测字段：`slope_mode`、`fixed_slope_q16`、`alpha_q15`、`beta_q15`、,accepted_current_group_source,,,168,C03§8 groups forwarded C05 named outputs; group prose need not spell every o_ prefix. Names/directions checked against real wrapper AST; group semantics manually read.
1695,C03,o_lead_min_frames,output,ppg_system_integration/PPG_ACTIVE_V4_CONTROL_PLANE_INTEGRATION_WRAPPER_INTERFACE_CONTRACT.md:248,248,  `baseline_delta_q16`、`cross_hysteresis_q16`、lead窗口、确认计数、,accepted_current_group_source,,,171,C03§8 groups forwarded C05 named outputs; group prose need not spell every o_ prefix. Names/directions checked against real wrapper AST; group semantics manually read.
1696,C03,o_lead_max_frames,output,ppg_system_integration/PPG_ACTIVE_V4_CONTROL_PLANE_INTEGRATION_WRAPPER_INTERFACE_CONTRACT.md:248,248,  `baseline_delta_q16`、`cross_hysteresis_q16`、lead窗口、确认计数、,accepted_current_group_source,,,172,C03§8 groups forwarded C05 named outputs; group prose need not spell every o_ prefix. Names/directions checked against real wrapper AST; group semantics manually read.
1697,C03,o_cross_confirm_count,output,ppg_system_integration/PPG_ACTIVE_V4_CONTROL_PLANE_INTEGRATION_WRAPPER_INTERFACE_CONTRACT.md:248,248,  `baseline_delta_q16`、`cross_hysteresis_q16`、lead窗口、确认计数、,accepted_current_group_source,,,173,C03§8 groups forwarded C05 named outputs; group prose need not spell every o_ prefix. Names/directions checked against real wrapper AST; group semantics manually read.
1698,C03,o_no_cross_limit,output,ppg_system_integration/PPG_ACTIVE_V4_CONTROL_PLANE_INTEGRATION_WRAPPER_INTERFACE_CONTRACT.md:248,248,  `baseline_delta_q16`、`cross_hysteresis_q16`、lead窗口、确认计数、,accepted_current_group_source,,,174,C03§8 groups forwarded C05 named outputs; group prose need not spell every o_ prefix. Names/directions checked against real wrapper AST; group semantics manually read.
1699,C03,o_peak_confirm_count,output,ppg_system_integration/PPG_ACTIVE_V4_CONTROL_PLANE_INTEGRATION_WRAPPER_INTERFACE_CONTRACT.md:248,248,  `baseline_delta_q16`、`cross_hysteresis_q16`、lead窗口、确认计数、,accepted_current_group_source,,,175,C03§8 groups forwarded C05 named outputs; group prose need not spell every o_ prefix. Names/directions checked against real wrapper AST; group semantics manually read.
1700,C03,o_valley_confirm_count,output,ppg_system_integration/PPG_ACTIVE_V4_CONTROL_PLANE_INTEGRATION_WRAPPER_INTERFACE_CONTRACT.md:248,248,  `baseline_delta_q16`、`cross_hysteresis_q16`、lead窗口、确认计数、,accepted_current_group_source,,,176,C03§8 groups forwarded C05 named outputs; group prose need not spell every o_ prefix. Names/directions checked against real wrapper AST; group semantics manually read.
1701,C03,o_direction_deadband,output,ppg_system_integration/PPG_ACTIVE_V4_CONTROL_PLANE_INTEGRATION_WRAPPER_INTERFACE_CONTRACT.md:248,248,  `baseline_delta_q16`、`cross_hysteresis_q16`、lead窗口、确认计数、,accepted_current_group_source,,,177,C03§8 groups forwarded C05 named outputs; group prose need not spell every o_ prefix. Names/directions checked against real wrapper AST; group semantics manually read.
1702,C03,o_min_peak_valley_amplitude,output,ppg_system_integration/PPG_ACTIVE_V4_CONTROL_PLANE_INTEGRATION_WRAPPER_INTERFACE_CONTRACT.md:248,248,  `baseline_delta_q16`、`cross_hysteresis_q16`、lead窗口、确认计数、,accepted_current_group_source,,,178,C03§8 groups forwarded C05 named outputs; group prose need not spell every o_ prefix. Names/directions checked against real wrapper AST; group semantics manually read.
1703,C03,o_min_peak_to_valley_frames,output,ppg_system_integration/PPG_ACTIVE_V4_CONTROL_PLANE_INTEGRATION_WRAPPER_INTERFACE_CONTRACT.md:248,248,  `baseline_delta_q16`、`cross_hysteresis_q16`、lead窗口、确认计数、,accepted_current_group_source,,,179,C03§8 groups forwarded C05 named outputs; group prose need not spell every o_ prefix. Names/directions checked against real wrapper AST; group semantics manually read.
1704,C03,o_min_peak_to_peak_frames,output,ppg_system_integration/PPG_ACTIVE_V4_CONTROL_PLANE_INTEGRATION_WRAPPER_INTERFACE_CONTRACT.md:248,248,  `baseline_delta_q16`、`cross_hysteresis_q16`、lead窗口、确认计数、,accepted_current_group_source,,,180,C03§8 groups forwarded C05 named outputs; group prose need not spell every o_ prefix. Names/directions checked against real wrapper AST; group semantics manually read.
1705,C03,o_max_fine_window_frames,output,ppg_system_integration/PPG_ACTIVE_V4_CONTROL_PLANE_INTEGRATION_WRAPPER_INTERFACE_CONTRACT.md:249,249,  峰谷幅度/帧距、fine/reacquire窗口和`peak_valley_config_valid`。,accepted_current_group_source,,,183,C03§8 groups forwarded C05 named outputs; group prose need not spell every o_ prefix. Names/directions checked against real wrapper AST; group semantics manually read.
1706,C03,o_max_reacquire_frames,output,ppg_system_integration/PPG_ACTIVE_V4_CONTROL_PLANE_INTEGRATION_WRAPPER_INTERFACE_CONTRACT.md:249,249,  峰谷幅度/帧距、fine/reacquire窗口和`peak_valley_config_valid`。,accepted_current_group_source,,,184,C03§8 groups forwarded C05 named outputs; group prose need not spell every o_ prefix. Names/directions checked against real wrapper AST; group semantics manually read.
1707,C03,o_peak_valley_config_valid,output,ppg_system_integration/PPG_ACTIVE_V4_CONTROL_PLANE_INTEGRATION_WRAPPER_INTERFACE_CONTRACT.md:249,249,  峰谷幅度/帧距、fine/reacquire窗口和`peak_valley_config_valid`。,accepted_current_group_source,,,185,C03§8 groups forwarded C05 named outputs; group prose need not spell every o_ prefix. Names/directions checked against real wrapper AST; group semantics manually read.
1708,C04,i_active_config_valid,input,ppg_system_integration/PPG_ACTIVE_V4_CONTROL_CONNECTION_MAPPING_CONTRACT.md:261,261,| manager `o_active_valid` | AMI `i_active_config_valid` | 直接连接，不能由schema比较替代 |,literal_source_match,261,| manager `o_active_valid` | AMI `i_active_config_valid` | 直接连接，不能由schema比较替代 |,,Current C04 exact mapping Source line verified; ten-weight expansion separately exists in ledger_port_inventory.csv.
1709,C04,i_adc_idle,input,ppg_system_integration/PPG_ACTIVE_V4_CONTROL_CONNECTION_MAPPING_CONTRACT.md:502,502,| `i_adc_idle` | 无物理ADC转换且异步DONE均已回到非活动状态 |,literal_source_match,502,| `i_adc_idle` | 无物理ADC转换且异步DONE均已回到非活动状态 |,,Current C04 exact mapping Source line verified; ten-weight expansion separately exists in ledger_port_inventory.csv.
1710,C04,i_allow_new_transaction,input,ppg_system_integration/PPG_ACTIVE_V4_CONTROL_CONNECTION_MAPPING_CONTRACT.md:397,397,| `o_allow_new_transaction` | `i_allow_new_transaction` | 新ADC事务总门控 |,literal_source_match,397,| `o_allow_new_transaction` | `i_allow_new_transaction` | 新ADC事务总门控 |,,Current C04 exact mapping Source line verified; ten-weight expansion separately exists in ledger_port_inventory.csv.
1711,C04,i_amb_code_max,input,ppg_system_integration/PPG_ACTIVE_V4_CONTROL_CONNECTION_MAPPING_CONTRACT.md:281,281,| `o_amb_code_max` | `i_amb_code_max` |,literal_source_match,281,| `o_amb_code_max` | `i_amb_code_max` |,,Current C04 exact mapping Source line verified; ten-weight expansion separately exists in ledger_port_inventory.csv.
1712,C04,i_amb_code_min,input,ppg_system_integration/PPG_ACTIVE_V4_CONTROL_CONNECTION_MAPPING_CONTRACT.md:280,280,| `o_amb_code_min` | `i_amb_code_min` |,literal_source_match,280,| `o_amb_code_min` | `i_amb_code_min` |,,Current C04 exact mapping Source line verified; ten-weight expansion separately exists in ledger_port_inventory.csv.
1713,C04,i_amb_confirm_count,input,ppg_system_integration/PPG_ACTIVE_V4_CONTROL_CONNECTION_MAPPING_CONTRACT.md:292,292,| `o_amb_confirm_count` | `i_amb_confirm_count` |,literal_source_match,292,| `o_amb_confirm_count` | `i_amb_confirm_count` |,,Current C04 exact mapping Source line verified; ten-weight expansion separately exists in ledger_port_inventory.csv.
1714,C04,i_amb_enable,input,ppg_system_integration/PPG_ACTIVE_V4_CONTROL_CONNECTION_MAPPING_CONTRACT.md:275,275,| `o_amb_enable` | `i_amb_enable` |,literal_source_match,275,| `o_amb_enable` | `i_amb_enable` |,,Current C04 exact mapping Source line verified; ten-weight expansion separately exists in ledger_port_inventory.csv.
1715,C04,i_amb_manual_code,input,ppg_system_integration/PPG_ACTIVE_V4_CONTROL_CONNECTION_MAPPING_CONTRACT.md:279,279,| `o_amb_manual_code` | `i_amb_manual_code` |,literal_source_match,279,| `o_amb_manual_code` | `i_amb_manual_code` |,,Current C04 exact mapping Source line verified; ten-weight expansion separately exists in ledger_port_inventory.csv.
1716,C04,i_amb_polarity,input,ppg_system_integration/PPG_ACTIVE_V4_CONTROL_CONNECTION_MAPPING_CONTRACT.md:277,277,| `o_amb_polarity` | `i_amb_polarity` |,literal_source_match,277,| `o_amb_polarity` | `i_amb_polarity` |,,Current C04 exact mapping Source line verified; ten-weight expansion separately exists in ledger_port_inventory.csv.
1717,C04,i_amb_threshold_high,input,ppg_system_integration/PPG_ACTIVE_V4_CONTROL_CONNECTION_MAPPING_CONTRACT.md:289,289,| `o_amb_threshold_high` | `i_amb_threshold_high` |,literal_source_match,289,| `o_amb_threshold_high` | `i_amb_threshold_high` |,,Current C04 exact mapping Source line verified; ten-weight expansion separately exists in ledger_port_inventory.csv.
1718,C04,i_amb_threshold_low,input,ppg_system_integration/PPG_ACTIVE_V4_CONTROL_CONNECTION_MAPPING_CONTRACT.md:288,288,| `o_amb_threshold_low` | `i_amb_threshold_low` |,literal_source_match,288,| `o_amb_threshold_low` | `i_amb_threshold_low` |,,Current C04 exact mapping Source line verified; ten-weight expansion separately exists in ledger_port_inventory.csv.
1719,C04,i_analog_ready,input,ppg_system_integration/PPG_ACTIVE_V4_CONTROL_CONNECTION_MAPPING_CONTRACT.md:501,501,| `i_analog_ready` | 模拟偏置、参考和输入选择已具备RUN资格 |,literal_source_match,501,| `i_analog_ready` | 模拟偏置、参考和输入选择已具备RUN资格 |,,Current C04 exact mapping Source line verified; ten-weight expansion separately exists in ledger_port_inventory.csv.
1720,C04,i_analog_safe,input,ppg_system_integration/PPG_ACTIVE_V4_CONTROL_CONNECTION_MAPPING_CONTRACT.md:503,503,| `i_analog_safe` | STOP或切换边界下模拟控制已进入安全保持状态 |,literal_source_match,503,| `i_analog_safe` | STOP或切换边界下模拟控制已进入安全保持状态 |,,Current C04 exact mapping Source line verified; ten-weight expansion separately exists in ledger_port_inventory.csv.
1721,C04,i_config_epoch,input,ppg_system_integration/PPG_ACTIVE_V4_CONTROL_CONNECTION_MAPPING_CONTRACT.md:475,475,| `o_config_epoch` | `i_config_epoch` | 完整ACTIVE提交版本 |,literal_source_match,475,| `o_config_epoch` | `i_config_epoch` | 完整ACTIVE提交版本 |,,Current C04 exact mapping Source line verified; ten-weight expansion separately exists in ledger_port_inventory.csv.
1722,C04,i_run_profile,input,ppg_system_integration/PPG_ACTIVE_V4_CONTROL_CONNECTION_MAPPING_CONTRACT.md:272,272,| `o_run_profile` | `i_run_profile` |,literal_source_match,272,| `o_run_profile` | `i_run_profile` |,,Current C04 exact mapping Source line verified; ten-weight expansion separately exists in ledger_port_inventory.csv.
1723,C04,i_initial_precision,input,ppg_system_integration/PPG_ACTIVE_V4_CONTROL_CONNECTION_MAPPING_CONTRACT.md:273,273,| `o_initial_precision` | `i_initial_precision` |,literal_source_match,273,| `o_initial_precision` | `i_initial_precision` |,,Current C04 exact mapping Source line verified; ten-weight expansion separately exists in ledger_port_inventory.csv.
1724,C04,i_stage1_calibration_valid,input,ppg_system_integration/PPG_ACTIVE_V4_CONTROL_CONNECTION_MAPPING_CONTRACT.md:301,301,| `o_stage1_calibration_valid` | `i_stage1_calibration_valid` |,literal_source_match,301,| `o_stage1_calibration_valid` | `i_stage1_calibration_valid` |,,Current C04 exact mapping Source line verified; ten-weight expansion separately exists in ledger_port_inventory.csv.
1725,C04,i_stage1_weight_q16_0..9,input,ppg_system_integration/PPG_ACTIVE_V4_CONTROL_CONNECTION_MAPPING_CONTRACT.md:302,302,| `o_stage1_weight_q16_0..9` | `i_stage1_weight_q16_0..9` |,accepted_ten_weight_group,302,| `o_stage1_weight_q16_0..9` | `i_stage1_weight_q16_0..9` |,,Current C04 exact mapping Source line verified; ten-weight expansion separately exists in ledger_port_inventory.csv.
1726,C04,i_stage1_offset_q16,input,ppg_system_integration/PPG_ACTIVE_V4_CONTROL_CONNECTION_MAPPING_CONTRACT.md:303,303,| `o_stage1_offset_q16` | `i_stage1_offset_q16` |,literal_source_match,303,| `o_stage1_offset_q16` | `i_stage1_offset_q16` |,,Current C04 exact mapping Source line verified; ten-weight expansion separately exists in ledger_port_inventory.csv.
1727,C04,i_stage2_calibration_valid,input,ppg_system_integration/PPG_ACTIVE_V4_CONTROL_CONNECTION_MAPPING_CONTRACT.md:304,304,| `o_stage2_calibration_valid` | `i_stage2_calibration_valid` |,literal_source_match,304,| `o_stage2_calibration_valid` | `i_stage2_calibration_valid` |,,Current C04 exact mapping Source line verified; ten-weight expansion separately exists in ledger_port_inventory.csv.
1728,C04,i_stage2_gain_q16,input,ppg_system_integration/PPG_ACTIVE_V4_CONTROL_CONNECTION_MAPPING_CONTRACT.md:305,305,| `o_stage2_gain_q16` | `i_stage2_gain_q16` |,literal_source_match,305,| `o_stage2_gain_q16` | `i_stage2_gain_q16` |,,Current C04 exact mapping Source line verified; ten-weight expansion separately exists in ledger_port_inventory.csv.
1729,C04,i_stage2_offset_q16,input,ppg_system_integration/PPG_ACTIVE_V4_CONTROL_CONNECTION_MAPPING_CONTRACT.md:306,306,| `o_stage2_offset_q16` | `i_stage2_offset_q16` |,literal_source_match,306,| `o_stage2_offset_q16` | `i_stage2_offset_q16` |,,Current C04 exact mapping Source line verified; ten-weight expansion separately exists in ledger_port_inventory.csv.
1730,C04,i_dc9_recovery_valid,input,ppg_system_integration/PPG_ACTIVE_V4_CONTROL_CONNECTION_MAPPING_CONTRACT.md:307,307,| `o_dc9_recovery_valid` | `i_dc9_recovery_valid` |,literal_source_match,307,| `o_dc9_recovery_valid` | `i_dc9_recovery_valid` |,,Current C04 exact mapping Source line verified; ten-weight expansion separately exists in ledger_port_inventory.csv.
1731,C04,i_dc15_recovery_valid,input,ppg_system_integration/PPG_ACTIVE_V4_CONTROL_CONNECTION_MAPPING_CONTRACT.md:308,308,| `o_dc15_recovery_valid` | `i_dc15_recovery_valid` |,literal_source_match,308,| `o_dc15_recovery_valid` | `i_dc15_recovery_valid` |,,Current C04 exact mapping Source line verified; ten-weight expansion separately exists in ledger_port_inventory.csv.
1732,C04,i_dc9_recovery_gain_q16,input,ppg_system_integration/PPG_ACTIVE_V4_CONTROL_CONNECTION_MAPPING_CONTRACT.md:309,309,| `o_dc9_recovery_gain_q16` | `i_dc9_recovery_gain_q16` |,literal_source_match,309,| `o_dc9_recovery_gain_q16` | `i_dc9_recovery_gain_q16` |,,Current C04 exact mapping Source line verified; ten-weight expansion separately exists in ledger_port_inventory.csv.
1733,C04,i_dc15_recovery_gain_q16,input,ppg_system_integration/PPG_ACTIVE_V4_CONTROL_CONNECTION_MAPPING_CONTRACT.md:310,310,| `o_dc15_recovery_gain_q16` | `i_dc15_recovery_gain_q16` |,literal_source_match,310,| `o_dc15_recovery_gain_q16` | `i_dc15_recovery_gain_q16` |,,Current C04 exact mapping Source line verified; ten-weight expansion separately exists in ledger_port_inventory.csv.
