parent,module,instance,formal,actual,direction,source_line,source_text
ppg_active_v4_control_plane_integration,ppg_config_cdc_bridge,config_cdc_bridge_Inst,i_source_clk,i_source_clk,input,380,"		.i_source_clk(i_source_clk),        //驱动source侧握手的配置时钟"
ppg_active_v4_control_plane_integration,ppg_config_cdc_bridge,config_cdc_bridge_Inst,i_source_rstn,i_source_rstn,input,381,"		.i_source_rstn(i_source_rstn),      //清除source侧CDC状态的复位"
ppg_active_v4_control_plane_integration,ppg_config_cdc_bridge,config_cdc_bridge_Inst,i_destination_clk,i_clk,input,385,"		.i_destination_clk(i_clk),          //接收配置的2 MHz控制时钟"
ppg_active_v4_control_plane_integration,ppg_config_cdc_bridge,config_cdc_bridge_Inst,i_destination_rstn,i_rstn,input,386,"		.i_destination_rstn(i_rstn),        //清除destination同步器的复位"
ppg_active_v4_control_plane_integration,ppg_system_config_manager,config_manager_Inst,i_clk,i_clk,input,393,"		.i_clk(i_clk),                      //驱动manager状态机的控制时钟"
ppg_active_v4_control_plane_integration,ppg_system_config_manager,config_manager_Inst,i_rstn,i_rstn,input,394,"		.i_rstn(i_rstn),                    //复位manager的生命周期寄存器"
ppg_adc_measurement_idac_integration,ppg_adc_s1_programmable_calibrator,ppg_adc_s1_programmable_calibrator_Inst,i_clk,i_clk,input,1856,"		.i_clk(i_clk),                          // 输入 i_clk 用 i_clk"
ppg_adc_measurement_idac_integration,ppg_adc_s1_programmable_calibrator,ppg_adc_s1_programmable_calibrator_Inst,i_rstn,i_rstn,input,1857,"		.i_rstn(i_rstn),                        // 输入 i_rstn 用 i_rstn"
ppg_adc_measurement_idac_integration,ppg_adc_result_router,ppg_adc_result_router_Inst,i_rstn,i_rstn,input,1923,"		.i_rstn(i_rstn),                        // 输入 i_rstn 用 i_rstn"
ppg_adc_measurement_idac_integration,ppg_normal_transaction_fork,ppg_normal_transaction_fork_Inst,i_clk,i_clk,input,1987,"		.i_clk(i_clk),                          // 输入 i_clk 用 i_clk"
ppg_adc_measurement_idac_integration,ppg_normal_transaction_fork,ppg_normal_transaction_fork_Inst,i_rstn,i_rstn,input,1988,"		.i_rstn(i_rstn),                        // 输入 i_rstn 用 i_rstn"
ppg_adc_measurement_idac_integration,ppg_adc_pipeline_overlap_corrector,ppg_adc_pipeline_overlap_corrector_Inst,i_clk,i_clk,input,2075,"		.i_clk(i_clk),                          // 输入 i_clk 用 i_clk"
ppg_adc_measurement_idac_integration,ppg_adc_pipeline_overlap_corrector,ppg_adc_pipeline_overlap_corrector_Inst,i_rstn,i_rstn,input,2076,"		.i_rstn(i_rstn),                        // 输入 i_rstn 用 i_rstn"
ppg_adc_measurement_idac_integration,ppg_adc_programmable_reconstructor,ppg_adc_programmable_reconstructor_Inst,i_clk,i_clk,input,2148,"		.i_clk(i_clk),                          // 输入 i_clk 用 i_clk"
ppg_adc_measurement_idac_integration,ppg_adc_programmable_reconstructor,ppg_adc_programmable_reconstructor_Inst,i_rstn,i_rstn,input,2149,"		.i_rstn(i_rstn),                        // 输入 i_rstn 用 i_rstn"
ppg_adc_measurement_idac_integration,ppg_adc_dc_recovery,ppg_adc_dc_recovery_Inst,i_clk,i_clk,input,2225,"		.i_clk(i_clk),                          // 输入 i_clk 用 i_clk"
ppg_adc_measurement_idac_integration,ppg_adc_dc_recovery,ppg_adc_dc_recovery_Inst,i_rstn,i_rstn,input,2226,"		.i_rstn(i_rstn),                        // 输入 i_rstn 用 i_rstn"
ppg_adc_measurement_idac_integration,ppg_idac_code_controller,ppg_idac_code_controller_Inst,i_clk,i_clk,input,2321,"		.i_clk(i_clk),                          // 输入 i_clk 用 i_clk"
ppg_adc_measurement_idac_integration,ppg_idac_code_controller,ppg_idac_code_controller_Inst,i_rstn,i_rstn,input,2322,"		.i_rstn(i_rstn),                        // 输入 i_rstn 用 i_rstn"
ppg_adc_measurement_idac_integration,ppg_precision_window_integration,ppg_precision_window_integration_Inst,i_clk,i_clk,input,2465,"		.i_clk(i_clk),                          // 输入 i_clk 用 i_clk"
ppg_adc_measurement_idac_integration,ppg_precision_window_integration,ppg_precision_window_integration_Inst,i_rstn,i_rstn,input,2466,"		.i_rstn(i_rstn),                        // 输入 i_rstn 用 i_rstn"
ppg_adc_measurement_idac_integration,ppg_adc_async_stage_capture,ppg_adc_async_stage_capture_Inst,i_clk,i_clk,input,2622,"		.i_clk(i_clk),                          // 输入 i_clk 用 i_clk"
ppg_adc_measurement_idac_integration,ppg_adc_async_stage_capture,ppg_adc_async_stage_capture_Inst,i_rstn,i_rstn,input,2623,"		.i_rstn(i_rstn),                        // 输入 i_rstn 用 i_rstn"
ppg_adc_measurement_idac_integration,ppg_adc_s1_redundancy_corrector,ppg_adc_s1_redundancy_corrector_Inst,i_clk,i_clk,input,2647,"		.i_clk(i_clk),                          // 输入 i_clk 用 i_clk"
ppg_adc_measurement_idac_integration,ppg_adc_s1_redundancy_corrector,ppg_adc_s1_redundancy_corrector_Inst,i_rstn,i_rstn,input,2648,"		.i_rstn(i_rstn),                        // 输入 i_rstn 用 i_rstn"
ppg_characterization_control_cdc,ppg_config_cdc_bridge,ppg_config_cdc_bridge_Inst_characterization,i_source_clk,i_source_clk,input,211,"		.i_source_clk(i_source_clk),            // 使用SPI域时钟锁存source配置快照"
ppg_characterization_control_cdc,ppg_config_cdc_bridge,ppg_config_cdc_bridge_Inst_characterization,i_source_rstn,i_source_rstn,input,212,"		.i_source_rstn(i_source_rstn),          // 使用source域复位复原请求代际"
ppg_characterization_control_cdc,ppg_config_cdc_bridge,ppg_config_cdc_bridge_Inst_characterization,i_destination_clk,i_clk,input,216,"		.i_destination_clk(i_clk),              // 在2 MHz域同步请求并采样稳定多bit数据"
ppg_characterization_control_cdc,ppg_config_cdc_bridge,ppg_config_cdc_bridge_Inst_characterization,i_destination_rstn,i_rstn,input,217,"		.i_destination_rstn(i_rstn),            // 使用目标域复位清空bridge接收状态"
ppg_chip_digital_top,ppg_reset_sync,ppg_reset_sync_clk2m_Inst,i_clk,CLK_2M_PAD,input,374,"		.i_clk(CLK_2M_PAD),               // 数字域时钟"
ppg_chip_digital_top,ppg_reset_sync,ppg_reset_sync_clk2m_Inst,i_async_rstn,RESET_N,input,375,"		.i_async_rstn(RESET_N),           // 全局复位"
ppg_chip_digital_top,ppg_reset_sync,ppg_reset_sync_clk2m_Inst,o_rstn,w_rstn,output,376,		.o_rstn(w_rstn)                   // 数字域释放
ppg_chip_digital_top,ppg_spi_register_file,ppg_spi_register_file_Inst,i_clk,CLK_2M_PAD,input,381,"		.i_clk(CLK_2M_PAD),               // 快照捕获时钟"
ppg_chip_digital_top,ppg_spi_register_file,ppg_spi_register_file_Inst,i_rstn,w_rstn,input,382,"		.i_rstn(w_rstn),                  // 数字域复位"
ppg_chip_digital_top,ppg_spi_register_file,ppg_spi_register_file_Inst,i_source_clk,SPI_SCLK,input,383,"		.i_source_clk(SPI_SCLK),          // 源域时钟输入"
ppg_chip_digital_top,ppg_spi_register_file,ppg_spi_register_file_Inst,i_source_rstn,w_source_rstn,input,384,"		.i_source_rstn(w_source_rstn),    // 源域复位输入"
ppg_chip_digital_top,ppg_p2s_packer,ppg_p2s_packer_Inst,i_clk,CLK_2M_PAD,input,469,"		.i_clk(CLK_2M_PAD),               // 接P2S打包器.i_clk：CLK_2M域时钟"
ppg_chip_digital_top,ppg_p2s_packer,ppg_p2s_packer_Inst,i_rstn,w_rstn,input,470,"		.i_rstn(w_rstn),                  // 接P2S打包器.i_rstn：CLK_2M域复位"
ppg_chip_digital_top,ppg_control_top,ppg_control_top_Inst,i_clk,CLK_2M_PAD,input,500,"		.i_clk(CLK_2M_PAD),               // 接Top.i_clk：CLK_2M域时钟"
ppg_chip_digital_top,ppg_control_top,ppg_control_top_Inst,i_rstn,w_rstn,input,501,"		.i_rstn(w_rstn),                  // 接Top.i_rstn：CLK_2M域复位"
ppg_chip_digital_top,ppg_control_top,ppg_control_top_Inst,i_source_clk,SPI_SCLK,input,502,"		.i_source_clk(SPI_SCLK),          // 接Top.i_source_clk：SPI源域时钟"
ppg_chip_digital_top,ppg_control_top,ppg_control_top_Inst,i_source_rstn,w_source_rstn,input,503,"		.i_source_rstn(w_source_rstn),    // 接Top.i_source_rstn：SPI源域复位"
ppg_control_top,ppg_active_v4_control_plane_integration,ppg_active_v4_control_plane_integration_Inst,i_source_clk,i_source_clk,input,731,"		.i_source_clk(i_source_clk),                              // 接ACTIVE平面.i_source_clk：source配置时钟"
ppg_control_top,ppg_active_v4_control_plane_integration,ppg_active_v4_control_plane_integration_Inst,i_source_rstn,i_source_rstn,input,732,"		.i_source_rstn(i_source_rstn),                            // 接ACTIVE平面.i_source_rstn：source域低有效复位"
ppg_control_top,ppg_active_v4_control_plane_integration,ppg_active_v4_control_plane_integration_Inst,i_clk,i_clk,input,735,"		.i_clk(i_clk),                                            // 接ACTIVE平面.i_clk：2 MHz系统控制时钟"
ppg_control_top,ppg_active_v4_control_plane_integration,ppg_active_v4_control_plane_integration_Inst,i_rstn,i_rstn,input,736,"		.i_rstn(i_rstn),                                          // 接ACTIVE平面.i_rstn：控制域低有效复位，撤销生命周期状态"
ppg_control_top,ppg_characterization_control_cdc,ppg_characterization_control_cdc_Inst,i_source_clk,i_source_clk,input,841,"		.i_source_clk(i_source_clk),                              // 接表征CDC.i_source_clk：SPI配置源时钟，仅驱动source握手状态"
ppg_control_top,ppg_characterization_control_cdc,ppg_characterization_control_cdc_Inst,i_source_rstn,i_source_rstn,input,842,"		.i_source_rstn(i_source_rstn),                            // 接表征CDC.i_source_rstn：SPI源域低有效复位，和系统复位共同断言"
ppg_control_top,ppg_characterization_control_cdc,ppg_characterization_control_cdc_Inst,i_clk,i_clk,input,843,"		.i_clk(i_clk),                                            // 接表征CDC.i_clk：2 MHz目标域时钟，提交表征控制快照"
ppg_control_top,ppg_characterization_control_cdc,ppg_characterization_control_cdc_Inst,i_rstn,i_rstn,input,844,"		.i_rstn(i_rstn),                                          // 接表征CDC.i_rstn：2 MHz目标域低有效复位，清除已提交控制"
ppg_control_top,ppg_400hz_frame_calibration_scheduler,ppg_400hz_frame_calibration_scheduler_Inst,i_clk,i_clk,input,870,"			.i_clk(i_clk),                                        // 接帧调度器.i_clk：2 MHz数字主时钟"
ppg_control_top,ppg_400hz_frame_calibration_scheduler,ppg_400hz_frame_calibration_scheduler_Inst,i_rstn,i_rstn,input,871,"			.i_rstn(i_rstn),                                      // 接帧调度器.i_rstn：低有效异步复位"
ppg_control_top,ppg_sar9_sar15_safe_selection_wrapper,ppg_sar9_sar15_safe_selection_wrapper_Inst,i_clk,i_clk,input,991,"			.i_clk(i_clk),                                        // 接SSW.i_clk：输入端输入时钟低位编码端"
ppg_control_top,ppg_sar9_sar15_safe_selection_wrapper,ppg_sar9_sar15_safe_selection_wrapper_Inst,i_rstn,i_rstn,input,992,"			.i_rstn(i_rstn),                                      // 接SSW.i_rstn：输入端输入低有效复位"
ppg_control_top,ppg_adc_measurement_idac_integration,ppg_adc_measurement_idac_integration_Inst,i_clk,i_clk,input,1109,"			.i_clk(i_clk),                                        // 接AMI.i_clk：2 MHz数字处理域工作时钟"
ppg_control_top,ppg_adc_measurement_idac_integration,ppg_adc_measurement_idac_integration_Inst,i_rstn,i_rstn,input,1110,"			.i_rstn(i_rstn),                                      // 接AMI.i_rstn：低有效异步复位输入"
ppg_control_top,ppg_system_fault_abort_supervisor,ppg_system_fault_abort_supervisor_Inst,i_clk,i_clk,input,1392,"			.i_clk(i_clk),                                        // 接supervisor.i_clk：2 MHz系统控制时钟"
ppg_control_top,ppg_system_fault_abort_supervisor,ppg_system_fault_abort_supervisor_Inst,i_rstn,i_rstn,input,1393,"			.i_rstn(i_rstn),                                      // 接supervisor.i_rstn：低有效异步复位输入（.I_RSTN）（专属标识一）"
ppg_dual_precision_top,ppg_reset_sync,ppg_reset_sync_Inst_system,i_clk,i_clk,input,323,"		.i_clk(i_clk),                                // 使用外部 2 MHz 时钟作为系统域释放基准"
ppg_dual_precision_top,ppg_reset_sync,ppg_reset_sync_Inst_system,i_async_rstn,i_rstn,input,324,"		.i_async_rstn(i_rstn),                       // 接收全局低有效异步复位输入"
ppg_dual_precision_top,ppg_reset_sync,ppg_reset_sync_Inst_system,o_rstn,rstn_system,output,325,		.o_rstn(rstn_system)                         // 向帧计数和两个时序核提供同步释放复位
ppg_dual_precision_top,ppg_reset_sync,ppg_reset_sync_Inst_spi,i_clk,i_spi_sclk,input,330,"		.i_clk(i_spi_sclk),                           // 使用 SPI 串行时钟推进源域复位链"
ppg_dual_precision_top,ppg_reset_sync,ppg_reset_sync_Inst_spi,i_async_rstn,i_rstn,input,331,"		.i_async_rstn(i_rstn),                       // 复用全局异步拉低复位源"
ppg_dual_precision_top,ppg_reset_sync,ppg_reset_sync_Inst_spi,o_rstn,rstn_spi,output,332,		.o_rstn(rstn_spi)                            // 向配置快照和请求逻辑提供源域复位
ppg_dual_precision_top,ppg_config_cdc_bridge,ppg_config_cdc_bridge_Inst_control,i_source_clk,i_spi_sclk,input,340,"		.i_source_clk(i_spi_sclk),                   // 在外部 SPI_SCLK 边沿锁存寄存器快照"
ppg_dual_precision_top,ppg_config_cdc_bridge,ppg_config_cdc_bridge_Inst_control,i_source_rstn,rstn_spi,input,341,"		.i_source_rstn(rstn_spi),                    // 使用 SPI 域同步释放复位保护源端逻辑"
ppg_dual_precision_top,ppg_config_cdc_bridge,ppg_config_cdc_bridge_Inst_control,i_destination_clk,i_clk,input,345,"		.i_destination_clk(i_clk),                   // 使用 2 MHz 主时钟捕获已稳定配置总线"
ppg_dual_precision_top,ppg_config_cdc_bridge,ppg_config_cdc_bridge_Inst_control,i_destination_rstn,rstn_system,input,346,"		.i_destination_rstn(rstn_system),            // 使用系统域同步释放复位清除目标逻辑"
ppg_precision_window_integration,ppg_coarse_detection_fir,ppg_coarse_detection_fir_Inst,i_clk,i_clk,input,604,"		.i_clk(i_clk),                          // 连接2 MHz数字处理时钟"
ppg_precision_window_integration,ppg_coarse_detection_fir,ppg_coarse_detection_fir_Inst,i_rstn,i_rstn,input,605,"		.i_rstn(i_rstn),                        // 连接低有效异步复位"
ppg_precision_window_integration,ppg_dynamic_baseline_cross_detector,ppg_dynamic_baseline_cross_detector_Inst,i_clk,i_clk,input,694,"		.i_clk(i_clk),                          // 驱动基线算术与握手时序"
ppg_precision_window_integration,ppg_dynamic_baseline_cross_detector,ppg_dynamic_baseline_cross_detector_Inst,i_rstn,i_rstn,input,695,"		.i_rstn(i_rstn),                        // 清除基线锚点和在途运算"
ppg_precision_window_integration,ppg_peak_valley_window_detector,ppg_peak_valley_window_detector_Inst,i_clk,i_clk,input,808,"		.i_clk(i_clk),                          // 驱动峰谷连续确认状态更新"
ppg_precision_window_integration,ppg_peak_valley_window_detector,ppg_peak_valley_window_detector_Inst,i_rstn,i_rstn,input,809,"		.i_rstn(i_rstn),                        // 清除极值历史和保持事件"
ppg_precision_window_integration,ppg_precision_window_controller,ppg_precision_window_controller_Inst,i_clk,i_clk,input,908,"		.i_clk(i_clk),                          // 驱动精度请求和安全提交状态"
ppg_precision_window_integration,ppg_precision_window_controller,ppg_precision_window_controller_Inst,i_rstn,i_rstn,input,909,"		.i_rstn(i_rstn),                        // 恢复初始精度并撤销pending"
ppg_precision_window_integration,ppg_amb_recheck_scheduler,ppg_amb_recheck_scheduler_Inst,i_clk,i_clk,input,981,"		.i_clk(i_clk),                          // AMB时钟"
ppg_precision_window_integration,ppg_amb_recheck_scheduler,ppg_amb_recheck_scheduler_Inst,i_rstn,i_rstn,input,982,"		.i_rstn(i_rstn),                        // AMB复位"
ppg_spi_register_file,ppg_pulse_cdc_sync,ppg_pulse_cdc_sync_start_Inst,i_source_clk,i_source_clk,input,609,"		.i_source_clk(i_source_clk),      // 启动桥接第一级：接配置源时钟"
ppg_spi_register_file,ppg_pulse_cdc_sync,ppg_pulse_cdc_sync_start_Inst,i_source_rstn,i_source_rstn,input,610,"		.i_source_rstn(i_source_rstn),    // 启动桥接第一级：接配置源复位"
ppg_spi_register_file,ppg_pulse_cdc_sync,ppg_pulse_cdc_sync_start_Inst,i_dest_clk,i_clk,input,612,"		.i_dest_clk(i_clk),               // 启动桥接第二级：接数字系统域时钟"
ppg_spi_register_file,ppg_pulse_cdc_sync,ppg_pulse_cdc_sync_start_Inst,i_dest_rstn,i_rstn,input,613,"		.i_dest_rstn(i_rstn),             // 启动桥接第二级：接数字系统域复位"
ppg_spi_register_file,ppg_pulse_cdc_sync,ppg_pulse_cdc_sync_stop_Inst,i_source_clk,i_source_clk,input,619,"		.i_source_clk(i_source_clk),      // 停止桥接第一级：接配置源时钟"
ppg_spi_register_file,ppg_pulse_cdc_sync,ppg_pulse_cdc_sync_stop_Inst,i_source_rstn,i_source_rstn,input,620,"		.i_source_rstn(i_source_rstn),    // 停止桥接第一级：接配置源复位"
ppg_spi_register_file,ppg_pulse_cdc_sync,ppg_pulse_cdc_sync_stop_Inst,i_dest_clk,i_clk,input,622,"		.i_dest_clk(i_clk),               // 停止桥接第二级：接数字系统域时钟"
ppg_spi_register_file,ppg_pulse_cdc_sync,ppg_pulse_cdc_sync_stop_Inst,i_dest_rstn,i_rstn,input,623,"		.i_dest_rstn(i_rstn),             // 停止桥接第二级：接数字系统域复位"
ppg_spi_register_file,ppg_pulse_cdc_sync,ppg_pulse_cdc_sync_diag_clear_Inst,i_source_clk,i_source_clk,input,629,"		.i_source_clk(i_source_clk),      // 诊断清除桥接第一级：接配置源时钟"
ppg_spi_register_file,ppg_pulse_cdc_sync,ppg_pulse_cdc_sync_diag_clear_Inst,i_source_rstn,i_source_rstn,input,630,"		.i_source_rstn(i_source_rstn),    // 诊断清除桥接第一级：接配置源复位"
ppg_spi_register_file,ppg_pulse_cdc_sync,ppg_pulse_cdc_sync_diag_clear_Inst,i_dest_clk,i_clk,input,632,"		.i_dest_clk(i_clk),               // 诊断清除桥接第二级：接数字系统域时钟"
ppg_spi_register_file,ppg_pulse_cdc_sync,ppg_pulse_cdc_sync_diag_clear_Inst,i_dest_rstn,i_rstn,input,633,"		.i_dest_rstn(i_rstn),             // 诊断清除桥接第二级：接数字系统域复位"
ppg_spi_register_file,ppg_pulse_cdc_sync,ppg_pulse_cdc_sync_abort_Inst,i_source_clk,i_source_clk,input,639,"		.i_source_clk(i_source_clk),      // 终止桥接第一级：接配置源时钟"
ppg_spi_register_file,ppg_pulse_cdc_sync,ppg_pulse_cdc_sync_abort_Inst,i_source_rstn,i_source_rstn,input,640,"		.i_source_rstn(i_source_rstn),    // 终止桥接第一级：接配置源复位"
ppg_spi_register_file,ppg_pulse_cdc_sync,ppg_pulse_cdc_sync_abort_Inst,i_dest_clk,i_clk,input,642,"		.i_dest_clk(i_clk),               // 终止桥接第二级：接数字系统域时钟"
ppg_spi_register_file,ppg_pulse_cdc_sync,ppg_pulse_cdc_sync_abort_Inst,i_dest_rstn,i_rstn,input,643,"		.i_dest_rstn(i_rstn),             // 终止桥接第二级：接数字系统域复位"
ppg_spi_register_file,ppg_pulse_cdc_sync,ppg_pulse_cdc_sync_capture_Inst,i_source_clk,i_source_clk,input,649,"		.i_source_clk(i_source_clk),      // 捕获桥接第一级：接配置源时钟"
ppg_spi_register_file,ppg_pulse_cdc_sync,ppg_pulse_cdc_sync_capture_Inst,i_source_rstn,i_source_rstn,input,650,"		.i_source_rstn(i_source_rstn),    // 捕获桥接第一级：接配置源复位"
ppg_spi_register_file,ppg_pulse_cdc_sync,ppg_pulse_cdc_sync_capture_Inst,i_dest_clk,i_clk,input,652,"		.i_dest_clk(i_clk),               // 捕获桥接第二级：接数字系统域时钟"
ppg_spi_register_file,ppg_pulse_cdc_sync,ppg_pulse_cdc_sync_capture_Inst,i_dest_rstn,i_rstn,input,653,"		.i_dest_rstn(i_rstn),             // 捕获桥接第二级：接数字系统域复位"
ppg_spi_register_file,ppg_pulse_cdc_sync,ppg_pulse_cdc_sync_dbg_select_Inst,i_source_clk,i_source_clk,input,661,"		.i_source_clk(i_source_clk),      // 选择值更新桥接第一级：接配置源时钟"
ppg_spi_register_file,ppg_pulse_cdc_sync,ppg_pulse_cdc_sync_dbg_select_Inst,i_source_rstn,i_source_rstn,input,662,"		.i_source_rstn(i_source_rstn),    // 选择值更新桥接第一级：接配置源复位"
ppg_spi_register_file,ppg_pulse_cdc_sync,ppg_pulse_cdc_sync_dbg_select_Inst,i_dest_clk,i_clk,input,664,"		.i_dest_clk(i_clk),               // 选择值更新桥接第二级：接数字系统域时钟"
ppg_spi_register_file,ppg_pulse_cdc_sync,ppg_pulse_cdc_sync_dbg_select_Inst,i_dest_rstn,i_rstn,input,665,"		.i_dest_rstn(i_rstn),             // 选择值更新桥接第二级：接数字系统域复位"
ppg_spi_register_file,ppg_pulse_cdc_sync,ppg_pulse_cdc_sync_diag_ready_Inst,i_source_clk,i_clk,input,673,"		.i_source_clk(i_clk),             // 就绪桥接第一级：接数字系统域时钟，reg_diag_snapshot所在域"
ppg_spi_register_file,ppg_pulse_cdc_sync,ppg_pulse_cdc_sync_diag_ready_Inst,i_source_rstn,i_rstn,input,674,"		.i_source_rstn(i_rstn),           // 就绪桥接第一级：接数字系统域复位"
ppg_spi_register_file,ppg_pulse_cdc_sync,ppg_pulse_cdc_sync_diag_ready_Inst,i_dest_clk,i_source_clk,input,676,"		.i_dest_clk(i_source_clk),        // 就绪桥接第二级：接配置源时钟"
ppg_spi_register_file,ppg_pulse_cdc_sync,ppg_pulse_cdc_sync_diag_ready_Inst,i_dest_rstn,i_source_rstn,input,677,"		.i_dest_rstn(i_source_rstn),      // 就绪桥接第二级：接配置源复位"
