owner,path,check_item,contract_or_id,status,evidence,remaining
D,contracts/ppg_system_config_manager_semantic_contract.md,全文内部一致性与RTL映射,C02 V4.9 / MGR-01..24,完成,PPG_REVIEW_D.md; evidence/final_baseline_D.json; evidence/id_local_D.json,D-002/003待设计方修正；MGR-21联合层验收由A/B核实，不宣称本TB已测
D,contracts/ppg_system_config_manager_semantic_contract.md,版本/ID/矩阵追溯核验,C02 V4.9 / MGR-01..24,完成,PPG_REVIEW_D.md; evidence/final_baseline_D.json; evidence/id_local_D.json,D-002/003待设计方修正；MGR-21联合层验收由A/B核实，不宣称本TB已测
D,contracts/ppg_system_active_config_unpack_semantic_contract.md,全文内部一致性与RTL映射,C05 V5 / UNPACK-01..04,完成,PPG_REVIEW_D.md; evidence/final_baseline_D.json; evidence/id_local_D.json; evidence/tb_ppg_system_active_config_unpack/mapping_mutant.run.log,D-002正式宽度参数合同未落实，待设计方处理
D,contracts/ppg_system_active_config_unpack_semantic_contract.md,版本/ID/矩阵追溯核验,C05 V5 / UNPACK-01..04,完成,PPG_REVIEW_D.md; evidence/final_baseline_D.json; evidence/id_local_D.json; evidence/tb_ppg_system_active_config_unpack/mapping_mutant.run.log,D-002正式宽度参数合同未落实，待设计方处理
D,contracts/PPG_CHIP_DIGITAL_TOP_SPI_P2S_INTEGRATION_CONTRACT.md,全文内部一致性与RTL映射,chip V1.15 / F-005..07 / D-007,完成,PPG_REVIEW_D.md; evidence/final_baseline_D.json; evidence/anchor_reuse_D.json; evidence/tb_ppg_chip_digital_top/chip_stop_commit.run.log,F-005/006/007、D-007及已知P2S前提尚未修复；无物理签核
D,contracts/PPG_CHIP_DIGITAL_TOP_SPI_P2S_INTEGRATION_CONTRACT.md,版本/ID/矩阵追溯核验,chip V1.15 / F-005..07 / D-007,完成,PPG_REVIEW_D.md; evidence/final_baseline_D.json; evidence/anchor_reuse_D.json; evidence/tb_ppg_chip_digital_top/chip_stop_commit.run.log,F-005/006/007、D-007及已知P2S前提尚未修复；无物理签核
D,contracts/PPG_CHARACTERIZATION_INPUT_SOURCE_AND_STATIC_BIAS_CONTROL_CONTRACT.md,全文内部一致性与RTL映射,C06 V1.3 / CIS-01..30,完成,PPG_REVIEW_D.md; evidence/final_baseline_D.json; evidence/id_local_D.json; evidence/tb_ppg_control_top_input_light_static_matrix/fragment_q3_mutant.run.log,CIS-03/29动态覆盖受D-005限制；CIS-11仅前后值检查不等价五bit转变沿均验收；全局CLOSED由A决定
D,contracts/PPG_CHARACTERIZATION_INPUT_SOURCE_AND_STATIC_BIAS_CONTROL_CONTRACT.md,版本/ID/矩阵追溯核验,C06 V1.3 / CIS-01..30,完成,PPG_REVIEW_D.md; evidence/final_baseline_D.json; evidence/id_local_D.json; evidence/tb_ppg_control_top_input_light_static_matrix/fragment_q3_mutant.run.log,CIS-03/29动态覆盖受D-005限制；CIS-11仅前后值检查不等价五bit转变沿均验收；全局CLOSED由A决定
D,contracts/PPG_CHARACTERIZATION_CONTROL_CDC_INTERFACE_CONTRACT.md,全文内部一致性与RTL映射,C07 V1.1 / CCC-01..26,完成,PPG_REVIEW_D.md; evidence/final_baseline_D.json; evidence/id_local_D.json; evidence/d_cdc_probe,D-001/F-013和D-008待修正；数字CDC验证不代表物理签核
D,contracts/PPG_CHARACTERIZATION_CONTROL_CDC_INTERFACE_CONTRACT.md,版本/ID/矩阵追溯核验,C07 V1.1 / CCC-01..26,完成,PPG_REVIEW_D.md; evidence/final_baseline_D.json; evidence/id_local_D.json; evidence/d_cdc_probe,D-001/F-013和D-008待修正；数字CDC验证不代表物理签核
D,contracts/PPG_ACTIVE_V4_CONTROL_PLANE_INTEGRATION_WRAPPER_INTERFACE_CONTRACT.md,全文内部一致性与RTL映射,C03 V1.6 / AV4C-01..22,完成,PPG_REVIEW_D.md; evidence/final_baseline_D.json; evidence/port_inventory_D.json; evidence/id_local_D.json,D-002/004待处理；AV4C-22仅资格导出不证明下游算法端到端验收
D,contracts/PPG_ACTIVE_V4_CONTROL_PLANE_INTEGRATION_WRAPPER_INTERFACE_CONTRACT.md,版本/ID/矩阵追溯核验,C03 V1.6 / AV4C-01..22,完成,PPG_REVIEW_D.md; evidence/final_baseline_D.json; evidence/port_inventory_D.json; evidence/id_local_D.json,D-002/004待处理；AV4C-22仅资格导出不证明下游算法端到端验收
D,contracts/PPG_ACTIVE_V4_CONTROL_CONNECTION_MAPPING_CONTRACT.md,全文内部一致性与RTL映射,C04 V1.7 / V4[639:0]+V5[1023:640],完成,PPG_REVIEW_D.md; evidence/final_baseline_D.json; evidence/port_inventory_D.json; evidence/id_local_D.json,全局矩阵仍NOT_CLOSED；仅tag/alias存在不记ID验收通过
D,contracts/PPG_ACTIVE_V4_CONTROL_CONNECTION_MAPPING_CONTRACT.md,版本/ID/矩阵追溯核验,C04 V1.7 / V4[639:0]+V5[1023:640],完成,PPG_REVIEW_D.md; evidence/final_baseline_D.json; evidence/port_inventory_D.json; evidence/id_local_D.json,全局矩阵仍NOT_CLOSED；仅tag/alias存在不记ID验收通过
D,rtl/ppg_active_v4_control_plane_integration/tb_ppg_active_v4_control_plane_integration.v,全文语义比较与输入资格,AV4C-01..22 / D-004,完成,PPG_REVIEW_D.md; evidence/final_baseline_D.json; evidence/tb_ppg_active_v4_control_plane_integration; evidence/regression_reuse_D.json,D-004未覆盖全部具名字段；完整22PASS不等价V5第二跳已验收
D,rtl/ppg_active_v4_control_plane_integration/tb_ppg_active_v4_control_plane_integration.v,有效覆盖/负对照/结束条件,AV4C-01..22 / D-004,完成,PPG_REVIEW_D.md; evidence/final_baseline_D.json; evidence/tb_ppg_active_v4_control_plane_integration; evidence/regression_reuse_D.json,D-004未覆盖全部具名字段；完整22PASS不等价V5第二跳已验收
D,rtl/ppg_active_v4_control_plane_integration/tb_ppg_active_v4_control_plane_integration.v,技能静态门禁/真实编译,AV4C-01..22 / D-004,完成,evidence/tb_gate_review_D.json; evidence/tb_gates/tb_ppg_active_v4_control_plane_integration/gate.json; evidence/regression_reuse_D.json,真实Icarus编译/运行见A固定版原始证据；TB风格豁免，不计新S4；toolchain未请求；comment scanned_files=0不作全文扫描通过证据
D,rtl/ppg_active_v4_control_plane_integration/ppg_active_v4_control_plane_integration.v,全文语义与端口合同,C03/C04/C02/C05 / AV4C-01..22,完成,PPG_REVIEW_D.md; evidence/final_baseline_D.json; evidence/port_inventory_D.json; evidence/skill_analysis/ppg_active_v4_control_plane_integration,默认连接一致；D-002正式参数缺失、D-003命令优先缺陷属于相关路径，未应用修复
D,rtl/ppg_active_v4_control_plane_integration/ppg_active_v4_control_plane_integration.v,复位/状态/异常/握手/位宽/注释,C03/C04/C02/C05 / AV4C-01..22,完成,PPG_REVIEW_D.md; evidence/final_baseline_D.json; evidence/port_inventory_D.json; evidence/skill_analysis/ppg_active_v4_control_plane_integration,默认连接一致；D-002正式参数缺失、D-003命令优先缺陷属于相关路径，未应用修复
D,rtl/ppg_active_v4_control_plane_integration/ppg_active_v4_control_plane_integration.v,门禁/编译与证据,C03/C04/C02/C05 / AV4C-01..22,完成,evidence/gate_reuse.json; evidence/skill_analysis; evidence/regression_reuse_D.json; PPG_REVIEW_D.md,默认连接一致；D-002正式参数缺失、D-003命令优先缺陷属于相关路径，未应用修复；公共testbench/toolchain为not_requested；真实Icarus证据另列，xsim/Verilator/综合未运行
D,rtl/ppg_spi_register_file/ppg_spi_register_file.v,全文语义与端口合同,chip §4-7 / F-005 / D-007,完成,PPG_REVIEW_D.md; evidence/final_baseline_D.json; evidence/port_inventory_D.json; PPG_REVIEW_D.md（原SPI日志来源）,F-005真实Mode0首字节错误仍在；D-007片选文档矛盾；不得用legacy采样证明物理接口正确
D,rtl/ppg_spi_register_file/ppg_spi_register_file.v,复位/状态/异常/握手/位宽/注释,chip §4-7 / F-005 / D-007,完成,PPG_REVIEW_D.md; evidence/final_baseline_D.json; evidence/port_inventory_D.json; PPG_REVIEW_D.md（原SPI日志来源）,F-005真实Mode0首字节错误仍在；D-007片选文档矛盾；不得用legacy采样证明物理接口正确
D,rtl/ppg_spi_register_file/ppg_spi_register_file.v,门禁/编译与证据,chip §4-7 / F-005 / D-007,完成,evidence/gate_reuse.json; evidence/skill_analysis; evidence/regression_reuse_D.json; PPG_REVIEW_D.md,F-005真实Mode0首字节错误仍在；D-007片选文档矛盾；不得用legacy采样证明物理接口正确；公共testbench/toolchain为not_requested；真实Icarus证据另列，xsim/Verilator/综合未运行
D,rtl/ppg_config_cdc_bridge/ppg_config_cdc_bridge.v,全文语义与端口合同,C03 §3/4 / mailbox,完成,PPG_REVIEW_D.md; evidence/final_baseline_D.json; evidence/d_cdc_probe; evidence/skill_analysis/ppg_config_cdc_bridge,快目标部分case复位前已完成，不能称全5case均覆盖严格提交前取消；无MTBF/布局签核
D,rtl/ppg_config_cdc_bridge/ppg_config_cdc_bridge.v,复位/状态/异常/握手/位宽/注释,C03 §3/4 / mailbox,完成,PPG_REVIEW_D.md; evidence/final_baseline_D.json; evidence/d_cdc_probe; evidence/skill_analysis/ppg_config_cdc_bridge,快目标部分case复位前已完成，不能称全5case均覆盖严格提交前取消；无MTBF/布局签核
D,rtl/ppg_config_cdc_bridge/ppg_config_cdc_bridge.v,门禁/编译与证据,C03 §3/4 / mailbox,完成,evidence/gate_reuse.json; evidence/skill_analysis; evidence/regression_reuse_D.json; PPG_REVIEW_D.md,快目标部分case复位前已完成，不能称全5case均覆盖严格提交前取消；无MTBF/布局签核；公共testbench/toolchain为not_requested；真实Icarus证据另列，xsim/Verilator/综合未运行
D,rtl/ppg_p2s_packer/ppg_p2s_packer.v,全文语义与端口合同,chip §5 / 161bit packet,完成,PPG_REVIEW_D.md; evidence/final_baseline_D.json; evidence/d_p2s_probe; evidence/skill_analysis/ppg_p2s_packer,7完整包、639反压周期验证packer，未证明AMI遥测在反压下原子对齐；已知3路遥测缺陷按原事项保留
D,rtl/ppg_p2s_packer/ppg_p2s_packer.v,复位/状态/异常/握手/位宽/注释,chip §5 / 161bit packet,完成,PPG_REVIEW_D.md; evidence/final_baseline_D.json; evidence/d_p2s_probe; evidence/skill_analysis/ppg_p2s_packer,7完整包、639反压周期验证packer，未证明AMI遥测在反压下原子对齐；已知3路遥测缺陷按原事项保留
D,rtl/ppg_p2s_packer/ppg_p2s_packer.v,门禁/编译与证据,chip §5 / 161bit packet,完成,evidence/gate_reuse.json; evidence/skill_analysis; evidence/regression_reuse_D.json; PPG_REVIEW_D.md,7完整包、639反压周期验证packer，未证明AMI遥测在反压下原子对齐；已知3路遥测缺陷按原事项保留；公共testbench/toolchain为not_requested；真实Icarus证据另列，xsim/Verilator/综合未运行
D,rtl/ppg_characterization_control_cdc/tb_ppg_characterization_control_cdc.v,全文语义比较与输入资格,CCC-01..26 / D-001=F-013,完成,PPG_REVIEW_D.md; evidence/final_baseline_D.json; evidence/tb_ppg_characterization_control_cdc; evidence/regression_reuse_D.json,D-001纯软件clear漏比较；叶子26check不扩大为SSW/模拟全系统覆盖
D,rtl/ppg_characterization_control_cdc/tb_ppg_characterization_control_cdc.v,有效覆盖/负对照/结束条件,CCC-01..26 / D-001=F-013,完成,PPG_REVIEW_D.md; evidence/final_baseline_D.json; evidence/tb_ppg_characterization_control_cdc; evidence/regression_reuse_D.json,D-001纯软件clear漏比较；叶子26check不扩大为SSW/模拟全系统覆盖
D,rtl/ppg_characterization_control_cdc/tb_ppg_characterization_control_cdc.v,技能静态门禁/真实编译,CCC-01..26 / D-001=F-013,部分,evidence/tb_gate_review_D.json; evidence/tb_gates/tb_ppg_characterization_control_cdc/gate.json; evidence/regression_reuse_D.json,真实Icarus编译/运行见A固定版原始证据；TB风格豁免，不计新S4；toolchain未请求；comment scanned_files=0不作全文扫描通过证据；formatter静态compile/AST失败，未绕过或记通过：['> ERR: [Python] only single module sources are currently supported.']
D,rtl/ppg_characterization_control_cdc/ppg_characterization_control_cdc.v,全文语义与端口合同,C07 / CCC-01..26,完成,PPG_REVIEW_D.md; evidence/final_baseline_D.json; evidence/d_cdc_probe; evidence/skill_analysis/ppg_characterization_control_cdc,叶子控制行为正常；软件clear的TB覆盖缺D-001/F-013；无物理CDC签核
D,rtl/ppg_characterization_control_cdc/ppg_characterization_control_cdc.v,复位/状态/异常/握手/位宽/注释,C07 / CCC-01..26,完成,PPG_REVIEW_D.md; evidence/final_baseline_D.json; evidence/d_cdc_probe; evidence/skill_analysis/ppg_characterization_control_cdc,叶子控制行为正常；软件clear的TB覆盖缺D-001/F-013；无物理CDC签核
D,rtl/ppg_characterization_control_cdc/ppg_characterization_control_cdc.v,门禁/编译与证据,C07 / CCC-01..26,完成,evidence/gate_reuse.json; evidence/skill_analysis; evidence/regression_reuse_D.json; PPG_REVIEW_D.md,叶子控制行为正常；软件clear的TB覆盖缺D-001/F-013；无物理CDC签核；公共testbench/toolchain为not_requested；真实Icarus证据另列，xsim/Verilator/综合未运行
D,rtl/ppg_reset_sync/ppg_reset_sync.v,全文语义与端口合同,chip §3 / V1.11 erratum / F-007,完成,PPG_REVIEW_D.md; evidence/final_baseline_D.json; evidence/d_cdc_probe; evidence/skill_analysis/ppg_reset_sync,VG060=10已接受可读性积压；F-007复位正文未统一；真实ASIC释放/复位树未签核
D,rtl/ppg_reset_sync/ppg_reset_sync.v,复位/状态/异常/握手/位宽/注释,chip §3 / V1.11 erratum / F-007,完成,PPG_REVIEW_D.md; evidence/final_baseline_D.json; evidence/d_cdc_probe; evidence/skill_analysis/ppg_reset_sync,VG060=10已接受可读性积压；F-007复位正文未统一；真实ASIC释放/复位树未签核
D,rtl/ppg_reset_sync/ppg_reset_sync.v,门禁/编译与证据,chip §3 / V1.11 erratum / F-007,完成,evidence/gate_reuse.json; evidence/skill_analysis; evidence/regression_reuse_D.json; PPG_REVIEW_D.md,VG060=10已接受可读性积压；F-007复位正文未统一；真实ASIC释放/复位树未签核；公共testbench/toolchain为not_requested；真实Icarus证据另列，xsim/Verilator/综合未运行
D,rtl/ppg_pulse_cdc_sync/ppg_pulse_cdc_sync.v,全文语义与端口合同,chip §7 / 4 SPI command events,完成,PPG_REVIEW_D.md; evidence/final_baseline_D.json; evidence/d_cdc_probe; evidence/skill_analysis/ppg_pulse_cdc_sync,数字时钟比/相位检查完成；固定SPI事务间隔前提外的任意高速事件流未声称支持
D,rtl/ppg_pulse_cdc_sync/ppg_pulse_cdc_sync.v,复位/状态/异常/握手/位宽/注释,chip §7 / 4 SPI command events,完成,PPG_REVIEW_D.md; evidence/final_baseline_D.json; evidence/d_cdc_probe; evidence/skill_analysis/ppg_pulse_cdc_sync,数字时钟比/相位检查完成；固定SPI事务间隔前提外的任意高速事件流未声称支持
D,rtl/ppg_pulse_cdc_sync/ppg_pulse_cdc_sync.v,门禁/编译与证据,chip §7 / 4 SPI command events,完成,evidence/gate_reuse.json; evidence/skill_analysis; evidence/regression_reuse_D.json; PPG_REVIEW_D.md,数字时钟比/相位检查完成；固定SPI事务间隔前提外的任意高速事件流未声称支持；公共testbench/toolchain为not_requested；真实Icarus证据另列，xsim/Verilator/综合未运行
D,rtl/ppg_control_top/tb_ppg_control_top_input_light_static_matrix.v,全文语义比较与输入资格,ILM-01..15 / CIS-01..30 / JNT-54 / D-005,完成,PPG_REVIEW_D.md; evidence/final_baseline_D.json; evidence/tb_ppg_control_top_input_light_static_matrix; evidence/regression_reuse_D.json; evidence/id_local_D.json,D-005 LED中间窗口漏查；ILM13/14静态向量仅一次完整比较、MUX前后比较；默认production注入0不等于F-001的注入1环境
D,rtl/ppg_control_top/tb_ppg_control_top_input_light_static_matrix.v,有效覆盖/负对照/结束条件,ILM-01..15 / CIS-01..30 / JNT-54 / D-005,完成,PPG_REVIEW_D.md; evidence/final_baseline_D.json; evidence/tb_ppg_control_top_input_light_static_matrix; evidence/regression_reuse_D.json; evidence/id_local_D.json,D-005 LED中间窗口漏查；ILM13/14静态向量仅一次完整比较、MUX前后比较；默认production注入0不等于F-001的注入1环境
D,rtl/ppg_control_top/tb_ppg_control_top_input_light_static_matrix.v,技能静态门禁/真实编译,ILM-01..15 / CIS-01..30 / JNT-54 / D-005,部分,evidence/tb_gate_review_D.json; evidence/tb_gates/tb_ppg_control_top_input_light_static_matrix/gate.json; evidence/regression_reuse_D.json,"真实Icarus编译/运行见A固定版原始证据；TB风格豁免，不计新S4；toolchain未请求；comment scanned_files=0不作全文扫描通过证据；formatter静态compile/AST失败，未绕过或记通过：['> ERR: [Python] control parser strict failure.', 'unclosed_block_comment']"
D,rtl/ppg_control_top/tb_ppg_control_top_idac_bus_isolation.v,全文语义比较与输入资格,ISE-01..10 / JNT-54 / D-006,完成,PPG_REVIEW_D.md; evidence/final_baseline_D.json; evidence/tb_ppg_control_top_idac_bus_isolation; evidence/regression_reuse_D.json; evidence/id_local_D.json,D-006选中bus中间错误可被覆盖；ISE08/09未逐拍比pending/update，ISE10不证明全部后续结果身份，边界已记
D,rtl/ppg_control_top/tb_ppg_control_top_idac_bus_isolation.v,有效覆盖/负对照/结束条件,ISE-01..10 / JNT-54 / D-006,完成,PPG_REVIEW_D.md; evidence/final_baseline_D.json; evidence/tb_ppg_control_top_idac_bus_isolation; evidence/regression_reuse_D.json; evidence/id_local_D.json,D-006选中bus中间错误可被覆盖；ISE08/09未逐拍比pending/update，ISE10不证明全部后续结果身份，边界已记
D,rtl/ppg_control_top/tb_ppg_control_top_idac_bus_isolation.v,技能静态门禁/真实编译,ISE-01..10 / JNT-54 / D-006,部分,evidence/tb_gate_review_D.json; evidence/tb_gates/tb_ppg_control_top_idac_bus_isolation/gate.json; evidence/regression_reuse_D.json,真实Icarus编译/运行见A固定版原始证据；TB风格豁免，不计新S4；toolchain未请求；comment scanned_files=0不作全文扫描通过证据；formatter静态compile/AST失败，未绕过或记通过：['> ERR: [Python] control parser strict failure.']
D,rtl/ppg_system_config_manager/ppg_system_config_manager.v,全文语义与端口合同,C02 / MGR-01..24,完成,PPG_REVIEW_D.md; evidence/final_baseline_D.json; evidence/tb_ppg_system_config_manager; evidence/port_inventory_D.json,D-003 STOP碰撞实缺陷、D-002参数合同矛盾仍在；联合calibration_plan门控按跨层边界
D,rtl/ppg_system_config_manager/ppg_system_config_manager.v,复位/状态/异常/握手/位宽/注释,C02 / MGR-01..24,完成,PPG_REVIEW_D.md; evidence/final_baseline_D.json; evidence/tb_ppg_system_config_manager; evidence/port_inventory_D.json,D-003 STOP碰撞实缺陷、D-002参数合同矛盾仍在；联合calibration_plan门控按跨层边界
D,rtl/ppg_system_config_manager/ppg_system_config_manager.v,门禁/编译与证据,C02 / MGR-01..24,完成,evidence/gate_reuse.json; evidence/skill_analysis; evidence/regression_reuse_D.json; PPG_REVIEW_D.md,D-003 STOP碰撞实缺陷、D-002参数合同矛盾仍在；联合calibration_plan门控按跨层边界；公共testbench/toolchain为not_requested；真实Icarus证据另列，xsim/Verilator/综合未运行
D,rtl/ppg_system_config_manager/tb_ppg_system_config_manager.v,全文语义比较与输入资格,MGR-01..24 / D-003,完成,PPG_REVIEW_D.md; evidence/final_baseline_D.json; evidence/tb_ppg_system_config_manager; evidence/id_local_D.json; evidence/regression_reuse_D.json,原MGR11只测READY非STOP冲突；MGR21动态联合层需A/B，不能以横幅推定执行
D,rtl/ppg_system_config_manager/tb_ppg_system_config_manager.v,有效覆盖/负对照/结束条件,MGR-01..24 / D-003,完成,PPG_REVIEW_D.md; evidence/final_baseline_D.json; evidence/tb_ppg_system_config_manager; evidence/id_local_D.json; evidence/regression_reuse_D.json,原MGR11只测READY非STOP冲突；MGR21动态联合层需A/B，不能以横幅推定执行
D,rtl/ppg_system_config_manager/tb_ppg_system_config_manager.v,技能静态门禁/真实编译,MGR-01..24 / D-003,部分,evidence/tb_gate_review_D.json; evidence/tb_gates/tb_ppg_system_config_manager/gate.json; evidence/regression_reuse_D.json,真实Icarus编译/运行见A固定版原始证据；TB风格豁免，不计新S4；toolchain未请求；comment scanned_files=0不作全文扫描通过证据；formatter静态compile/AST失败，未绕过或记通过：['> ERR: [Python] control parser strict failure.']
D,rtl/ppg_chip_digital_top/tb_ppg_chip_digital_top.v,全文语义比较与输入资格,chip TC1..6 / F-006 / D-003,完成,PPG_REVIEW_D.md; evidence/final_baseline_D.json; evidence/tb_ppg_chip_digital_top; evidence/regression_reuse_D.json; PPG_REVIEW_D.md,F-006 pre-NBA SDO采样掩盖F-005；原TC5未动态选dbg3，TC6窄窗口分支按已接受事项不新编号
D,rtl/ppg_chip_digital_top/tb_ppg_chip_digital_top.v,有效覆盖/负对照/结束条件,chip TC1..6 / F-006 / D-003,完成,PPG_REVIEW_D.md; evidence/final_baseline_D.json; evidence/tb_ppg_chip_digital_top; evidence/regression_reuse_D.json; PPG_REVIEW_D.md,F-006 pre-NBA SDO采样掩盖F-005；原TC5未动态选dbg3，TC6窄窗口分支按已接受事项不新编号
D,rtl/ppg_chip_digital_top/tb_ppg_chip_digital_top.v,技能静态门禁/真实编译,chip TC1..6 / F-006 / D-003,部分,evidence/tb_gate_review_D.json; evidence/tb_gates/tb_ppg_chip_digital_top/gate.json; evidence/regression_reuse_D.json,真实Icarus编译/运行见A固定版原始证据；TB风格豁免，不计新S4；toolchain未请求；comment scanned_files=0不作全文扫描通过证据；formatter静态compile/AST失败，未绕过或记通过：['> ERR: [Python] only single module sources are currently supported.']
D,rtl/ppg_chip_digital_top/ppg_chip_digital_top.v,全文语义与端口合同,chip §1-9 / F-005..07 / D-003/007,完成,PPG_REVIEW_D.md; evidence/final_baseline_D.json; evidence/tb_ppg_chip_digital_top; evidence/port_inventory_D.json,VG010=46为accepted pad例外；S1 D-003已走真实SPI复现；P2S已知错拍与F-005保留
D,rtl/ppg_chip_digital_top/ppg_chip_digital_top.v,复位/状态/异常/握手/位宽/注释,chip §1-9 / F-005..07 / D-003/007,完成,PPG_REVIEW_D.md; evidence/final_baseline_D.json; evidence/tb_ppg_chip_digital_top; evidence/port_inventory_D.json,VG010=46为accepted pad例外；S1 D-003已走真实SPI复现；P2S已知错拍与F-005保留
D,rtl/ppg_chip_digital_top/ppg_chip_digital_top.v,门禁/编译与证据,chip §1-9 / F-005..07 / D-003/007,完成,evidence/gate_reuse.json; evidence/skill_analysis; evidence/regression_reuse_D.json; PPG_REVIEW_D.md,VG010=46为accepted pad例外；S1 D-003已走真实SPI复现；P2S已知错拍与F-005保留；公共testbench/toolchain为not_requested；真实Icarus证据另列，xsim/Verilator/综合未运行
D,rtl/ppg_system_active_config_unpack/tb_ppg_system_active_config_unpack.v,全文语义比较与输入资格,UNPACK-01..04,完成,PPG_REVIEW_D.md; evidence/final_baseline_D.json; evidence/tb_ppg_system_active_config_unpack; evidence/regression_reuse_D.json,纯叶子切片不证明manager的资格或wrapper第二跳；本地仅4ID，无UNPACK-05
D,rtl/ppg_system_active_config_unpack/tb_ppg_system_active_config_unpack.v,有效覆盖/负对照/结束条件,UNPACK-01..04,完成,PPG_REVIEW_D.md; evidence/final_baseline_D.json; evidence/tb_ppg_system_active_config_unpack; evidence/regression_reuse_D.json,纯叶子切片不证明manager的资格或wrapper第二跳；本地仅4ID，无UNPACK-05
D,rtl/ppg_system_active_config_unpack/tb_ppg_system_active_config_unpack.v,技能静态门禁/真实编译,UNPACK-01..04,完成,evidence/tb_gate_review_D.json; evidence/tb_gates/tb_ppg_system_active_config_unpack/gate.json; evidence/regression_reuse_D.json,真实Icarus编译/运行见A固定版原始证据；TB风格豁免，不计新S4；toolchain未请求；comment scanned_files=0不作全文扫描通过证据
D,rtl/ppg_system_active_config_unpack/ppg_system_active_config_unpack.v,全文语义与端口合同,C05/C04 / UNPACK-01..04,完成,PPG_REVIEW_D.md; evidence/final_baseline_D.json; evidence/tb_ppg_system_active_config_unpack; evidence/port_inventory_D.json,叶子alpha切片变异可FAIL，不能覆盖wrapper第二跳D-004；D-002正式宽度参数未落实
D,rtl/ppg_system_active_config_unpack/ppg_system_active_config_unpack.v,复位/状态/异常/握手/位宽/注释,C05/C04 / UNPACK-01..04,完成,PPG_REVIEW_D.md; evidence/final_baseline_D.json; evidence/tb_ppg_system_active_config_unpack; evidence/port_inventory_D.json,叶子alpha切片变异可FAIL，不能覆盖wrapper第二跳D-004；D-002正式宽度参数未落实
D,rtl/ppg_system_active_config_unpack/ppg_system_active_config_unpack.v,门禁/编译与证据,C05/C04 / UNPACK-01..04,完成,evidence/gate_reuse.json; evidence/skill_analysis; evidence/regression_reuse_D.json; PPG_REVIEW_D.md,叶子alpha切片变异可FAIL，不能覆盖wrapper第二跳D-004；D-002正式宽度参数未落实；公共testbench/toolchain为not_requested；真实Icarus证据另列，xsim/Verilator/综合未运行
