kind	tb	pass_lines	finish_lines	finish_time
system	tb_ppg_control_top_longrun	5	1	10000007251 ns
system	tb_diag_algo_probe	5	1	2997746251 ns
system	tb_ppg_real_raw_generator_selfcheck	40	1	0 fs
system	tb_ppg_control_top	73	1	1655648500 ps
system	tb_ppg_control_top_long_10_cycles	129	1	10001375751 ns
system	tb_ppg_control_top_fir_tail_isolation	80	1	2246370751 ns
system	tb_ppg_control_top_adc_numeric_scoreboard	69	1	24450751 ns
system	tb_ppg_control_top_idac_bus_isolation	70	1	395559251 ns
system	tb_ppg_control_top_injection	15	1	223203500 ps
system	tb_ppg_control_top_lifecycle_fault_adc_anomaly	80	1	87842251 ns
system	tb_ppg_control_top_input_light_static_matrix	73	1	54319751 ns
system	tb_ppg_control_top_normal_slow_tracking	72	1	1785249500 ns
system	tb_ppg_control_top_no_recheck_control	61	1	2038876751 ns
system	tb_ppg_control_top_owner_identity_backpressure	68	1	105193250 ns
system	tb_ppg_control_top_peak_valley_return	75	1	1746375751 ns
system	tb_ppg_control_top_periodic_recheck_recovery	70	1	3567743251 ns
chip	tb_ppg_chip_digital_top	20	1	11362750 ns
unit	tb_ppg_400hz_frame_calibration_scheduler	77	1	86763 us
unit	tb_ppg_active_v4_control_plane_integration	22	1	1034500 ps
unit	tb_ppg_adc_async_stage_capture	1	1	36288 ns
unit	tb_ppg_adc_dc_recovery	2	1	571 ns
unit	tb_ppg_adc_measurement_idac_integration	79	1	806750 ns
unit	tb_ppg_adc_pipeline_overlap_corrector	1	1	537 us
unit	tb_ppg_adc_programmable_reconstructor	1	1	10593 ns
unit	tb_ppg_adc_result_router	1	1	8253 ns
unit	tb_ppg_adc_s1_programmable_calibrator	1	1	10706 ns
unit	tb_ppg_adc_s1_redundancy_corrector	2	1	3140288 ns
unit	tb_ppg_amb_recheck_scheduler	37	1	1312040 ns
unit	tb_ppg_characterization_control_cdc	27	1	1776 ns
unit	tb_ppg_dynamic_baseline_cross_detector	66	1	58720 ns
unit	tb_ppg_dynamic_baseline_phase_a_arithmetic_equivalence	1	1	0 fs
unit	tb_ppg_idac_code_controller	150	1	4090 ns
unit	tb_ppg_normal_transaction_fork	52	1	38 us
unit	tb_ppg_peak_valley_window_detector	56	1	33389500 ns
unit	tb_ppg_precision_window_controller	50	1	2636 ns
unit	tb_ppg_precision_window_integration	6	1	59970 ns
unit	tb_ppg_sar9_sar15_safe_selection_wrapper	60	1	2295751 ns
unit	tb_ppg_system_active_config_unpack	1	1	1027 ns
unit	tb_ppg_system_config_manager	1	1	1016 ns
unit	tb_ppg_system_fault_abort_supervisor	19	1	690 ns
unit	tb_ppg_dual_precision_top	1	1	32503500 ns
unit	tb_ppg_timing_sar9	1	1	20001751 ns
unit	tb_ppg_timing_sar15	1	1	20001751 ns
unit	tb_ppg_timing_3200hz	1	1	435250 ns
