owner,path,check_item,contract_or_id,status,evidence,remaining,file_status
A,contracts/TAPEOUT_FINAL_REVIEW_GUIDE.md,内部端口/正文/验收/修订一致性,,完成,C:\Users\DAWN\.codex\visualizations\2026\10\02\01a0fd16-9489-7e50-a7b6-a1178fd92bf1\ppg_audit\PPG_FULL_REVIEW_20261002.md,71行全文及现行规范/工具能力已核对；非规范指南无独立Cxx绑定/验收ID，两个检查项不适用；用户已知路径/回归/旧审计不重复报。,完成
A,contracts/TAPEOUT_FINAL_REVIEW_GUIDE.md,RTL逐条一致性,,完成,C:\Users\DAWN\.codex\visualizations\2026\10\02\01a0fd16-9489-7e50-a7b6-a1178fd92bf1\ppg_audit\PPG_FULL_REVIEW_20261002.md,71行全文及现行规范/工具能力已核对；非规范指南无独立Cxx绑定/验收ID，两个检查项不适用；用户已知路径/回归/旧审计不重复报。,完成
A,contracts/TAPEOUT_FINAL_REVIEW_GUIDE.md,版本与依赖,,完成,C:\Users\DAWN\.codex\visualizations\2026\10\02\01a0fd16-9489-7e50-a7b6-a1178fd92bf1\ppg_audit\PPG_FULL_REVIEW_20261002.md,71行全文及现行规范/工具能力已核对；非规范指南无独立Cxx绑定/验收ID，两个检查项不适用；用户已知路径/回归/旧审计不重复报。,完成
A,contracts/TAPEOUT_FINAL_REVIEW_GUIDE.md,验收ID闭环,,完成,C:\Users\DAWN\.codex\visualizations\2026\10\02\01a0fd16-9489-7e50-a7b6-a1178fd92bf1\ppg_audit\PPG_FULL_REVIEW_20261002.md,71行全文及现行规范/工具能力已核对；非规范指南无独立Cxx绑定/验收ID，两个检查项不适用；用户已知路径/回归/旧审计不重复报。,完成
A,contracts/TAPEOUT_FINAL_REVIEW_GUIDE.md,节号/行号引用,,完成,C:\Users\DAWN\.codex\visualizations\2026\10\02\01a0fd16-9489-7e50-a7b6-a1178fd92bf1\ppg_audit\PPG_FULL_REVIEW_20261002.md,71行全文及现行规范/工具能力已核对；非规范指南无独立Cxx绑定/验收ID，两个检查项不适用；用户已知路径/回归/旧审计不重复报。,完成
A,contracts/PPG_JOINT_TB_CANDIDATE_TEST_SPEC.md,内部端口/正文/验收/修订一致性,,完成,C:\Users\DAWN\.codex\visualizations\2026\10\02\01a0fd16-9489-7e50-a7b6-a1178fd92bf1\ppg_audit\evidence\closure_skill_20261004\top_24_semantic.json;C:\Users\DAWN\.codex\visualizations\2026\10\02\01a0fd16-9489-7e50-a7b6-a1178fd92bf1\ppg_audit\PPG_FULL_REVIEW_20261002.md,非规范候选全部382行及范围/规范优先级/JNT54与历史52差异已裁定；实际10秒回归终态仍待§6，不将审阅完成当场景PASS。,完成
A,contracts/PPG_JOINT_TB_CANDIDATE_TEST_SPEC.md,RTL逐条一致性,,完成,C:\Users\DAWN\.codex\visualizations\2026\10\02\01a0fd16-9489-7e50-a7b6-a1178fd92bf1\ppg_audit\evidence\closure_skill_20261004\top_24_semantic.json;C:\Users\DAWN\.codex\visualizations\2026\10\02\01a0fd16-9489-7e50-a7b6-a1178fd92bf1\ppg_audit\PPG_FULL_REVIEW_20261002.md,非规范候选全部382行及范围/规范优先级/JNT54与历史52差异已裁定；实际10秒回归终态仍待§6，不将审阅完成当场景PASS。,完成
A,contracts/PPG_JOINT_TB_CANDIDATE_TEST_SPEC.md,版本与依赖,,完成,C:\Users\DAWN\.codex\visualizations\2026\10\02\01a0fd16-9489-7e50-a7b6-a1178fd92bf1\ppg_audit\evidence\closure_skill_20261004\top_24_semantic.json;C:\Users\DAWN\.codex\visualizations\2026\10\02\01a0fd16-9489-7e50-a7b6-a1178fd92bf1\ppg_audit\PPG_FULL_REVIEW_20261002.md,非规范候选全部382行及范围/规范优先级/JNT54与历史52差异已裁定；实际10秒回归终态仍待§6，不将审阅完成当场景PASS。,完成
A,contracts/PPG_JOINT_TB_CANDIDATE_TEST_SPEC.md,验收ID闭环,,完成,C:\Users\DAWN\.codex\visualizations\2026\10\02\01a0fd16-9489-7e50-a7b6-a1178fd92bf1\ppg_audit\evidence\closure_skill_20261004\top_24_semantic.json;C:\Users\DAWN\.codex\visualizations\2026\10\02\01a0fd16-9489-7e50-a7b6-a1178fd92bf1\ppg_audit\PPG_FULL_REVIEW_20261002.md,非规范候选全部382行及范围/规范优先级/JNT54与历史52差异已裁定；实际10秒回归终态仍待§6，不将审阅完成当场景PASS。,完成
A,contracts/PPG_JOINT_TB_CANDIDATE_TEST_SPEC.md,节号/行号引用,,完成,C:\Users\DAWN\.codex\visualizations\2026\10\02\01a0fd16-9489-7e50-a7b6-a1178fd92bf1\ppg_audit\evidence\closure_skill_20261004\top_24_semantic.json;C:\Users\DAWN\.codex\visualizations\2026\10\02\01a0fd16-9489-7e50-a7b6-a1178fd92bf1\ppg_audit\PPG_FULL_REVIEW_20261002.md,非规范候选全部382行及范围/规范优先级/JNT54与历史52差异已裁定；实际10秒回归终态仍待§6，不将审阅完成当场景PASS。,完成
A,contracts/PPG_DIGITAL_TOP_INTERFACE_CONNECTION_CONTRACT.md,内部端口/正文/验收/修订一致性,,完成,C:\Users\DAWN\.codex\visualizations\2026\10\02\01a0fd16-9489-7e50-a7b6-a1178fd92bf1\ppg_audit\evidence\closure_skill_20261004\top_24_semantic.json;C:\Users\DAWN\.codex\visualizations\2026\10\02\01a0fd16-9489-7e50-a7b6-a1178fd92bf1\ppg_audit\evidence\closure_skill_20261004\top_port_comparison.json;C:\Users\DAWN\.codex\visualizations\2026\10\02\01a0fd16-9489-7e50-a7b6-a1178fd92bf1\ppg_audit\evidence\dependency_audit_A.json,C01全文、11公开参数、165边界端口、六子模块连接及TOP01-24已审；F008/F024/F048及F049/F040限制保留；历史逐位证据未重建、SID/OIB原回归未全结束，不宣布CLOSED。,完成
A,contracts/PPG_DIGITAL_TOP_INTERFACE_CONNECTION_CONTRACT.md,RTL逐条一致性,,完成,C:\Users\DAWN\.codex\visualizations\2026\10\02\01a0fd16-9489-7e50-a7b6-a1178fd92bf1\ppg_audit\evidence\closure_skill_20261004\top_24_semantic.json;C:\Users\DAWN\.codex\visualizations\2026\10\02\01a0fd16-9489-7e50-a7b6-a1178fd92bf1\ppg_audit\evidence\closure_skill_20261004\top_port_comparison.json;C:\Users\DAWN\.codex\visualizations\2026\10\02\01a0fd16-9489-7e50-a7b6-a1178fd92bf1\ppg_audit\evidence\dependency_audit_A.json,C01全文、11公开参数、165边界端口、六子模块连接及TOP01-24已审；F008/F024/F048及F049/F040限制保留；历史逐位证据未重建、SID/OIB原回归未全结束，不宣布CLOSED。,完成
A,contracts/PPG_DIGITAL_TOP_INTERFACE_CONNECTION_CONTRACT.md,版本与依赖,,完成,C:\Users\DAWN\.codex\visualizations\2026\10\02\01a0fd16-9489-7e50-a7b6-a1178fd92bf1\ppg_audit\evidence\closure_skill_20261004\top_24_semantic.json;C:\Users\DAWN\.codex\visualizations\2026\10\02\01a0fd16-9489-7e50-a7b6-a1178fd92bf1\ppg_audit\evidence\closure_skill_20261004\top_port_comparison.json;C:\Users\DAWN\.codex\visualizations\2026\10\02\01a0fd16-9489-7e50-a7b6-a1178fd92bf1\ppg_audit\evidence\dependency_audit_A.json,C01全文、11公开参数、165边界端口、六子模块连接及TOP01-24已审；F008/F024/F048及F049/F040限制保留；历史逐位证据未重建、SID/OIB原回归未全结束，不宣布CLOSED。,完成
A,contracts/PPG_DIGITAL_TOP_INTERFACE_CONNECTION_CONTRACT.md,验收ID闭环,,完成,C:\Users\DAWN\.codex\visualizations\2026\10\02\01a0fd16-9489-7e50-a7b6-a1178fd92bf1\ppg_audit\evidence\closure_skill_20261004\top_24_semantic.json;C:\Users\DAWN\.codex\visualizations\2026\10\02\01a0fd16-9489-7e50-a7b6-a1178fd92bf1\ppg_audit\evidence\closure_skill_20261004\top_port_comparison.json;C:\Users\DAWN\.codex\visualizations\2026\10\02\01a0fd16-9489-7e50-a7b6-a1178fd92bf1\ppg_audit\evidence\dependency_audit_A.json,C01全文、11公开参数、165边界端口、六子模块连接及TOP01-24已审；F008/F024/F048及F049/F040限制保留；历史逐位证据未重建、SID/OIB原回归未全结束，不宣布CLOSED。,完成
A,contracts/PPG_DIGITAL_TOP_INTERFACE_CONNECTION_CONTRACT.md,节号/行号引用,,完成,C:\Users\DAWN\.codex\visualizations\2026\10\02\01a0fd16-9489-7e50-a7b6-a1178fd92bf1\ppg_audit\evidence\closure_skill_20261004\top_24_semantic.json;C:\Users\DAWN\.codex\visualizations\2026\10\02\01a0fd16-9489-7e50-a7b6-a1178fd92bf1\ppg_audit\evidence\closure_skill_20261004\top_port_comparison.json;C:\Users\DAWN\.codex\visualizations\2026\10\02\01a0fd16-9489-7e50-a7b6-a1178fd92bf1\ppg_audit\evidence\dependency_audit_A.json,C01全文、11公开参数、165边界端口、六子模块连接及TOP01-24已审；F008/F024/F048及F049/F040限制保留；历史逐位证据未重建、SID/OIB原回归未全结束，不宣布CLOSED。,完成
A,contracts/PPG_CONTRACT_CLOSURE_MATRIX.md,内部端口/正文/验收/修订一致性,,完成,C:\Users\DAWN\.codex\visualizations\2026\10\02\01a0fd16-9489-7e50-a7b6-a1178fd92bf1\ppg_audit\evidence\global_closure_20261004\all_id_four_links.csv;C:\Users\DAWN\.codex\visualizations\2026\10\02\01a0fd16-9489-7e50-a7b6-a1178fd92bf1\ppg_audit\evidence\global_closure_20261004\A_remaining_family_adjudication.json;C:\Users\DAWN\.codex\visualizations\2026\10\02\01a0fd16-9489-7e50-a7b6-a1178fd92bf1\ppg_audit\evidence\global_closure_20261004\different_tag_adjudication.json;C:\Users\DAWN\.codex\visualizations\2026\10\02\01a0fd16-9489-7e50-a7b6-a1178fd92bf1\ppg_audit\evidence\dependency_audit_A.json;C:\Users\DAWN\.codex\visualizations\2026\10\02\01a0fd16-9489-7e50-a7b6-a1178fd92bf1\ppg_audit\evidence\global_closure_20261004\port_declaration_anchors.csv;C:\Users\DAWN\.codex\visualizations\2026\10\02\01a0fd16-9489-7e50-a7b6-a1178fd92bf1\ppg_audit\evidence\global_closure_20261004\ledger_port_inventory.csv;C:\Users\DAWN\.codex\visualizations\2026\10\02\01a0fd16-9489-7e50-a7b6-a1178fd92bf1\ppg_audit\evidence\global_closure_20261004\source_adjudication_summary_A.json;C:\Users\DAWN\.codex\visualizations\2026\10\02\01a0fd16-9489-7e50-a7b6-a1178fd92bf1\ppg_audit\evidence\global_closure_20261004\C01_C10_C13_C14_C15_C16_source_rows_864.json;C:\Users\DAWN\.codex\visualizations\2026\10\02\01a0fd16-9489-7e50-a7b6-a1178fd92bf1\ppg_audit\evidence\global_closure_20261004\C02_source_rows_33.json;C:\Users\DAWN\.codex\visualizations\2026\10\02\01a0fd16-9489-7e50-a7b6-a1178fd92bf1\ppg_audit\evidence\global_closure_20261004\C03_C04_source_rows_129.json;C:\Users\DAWN\.codex\visualizations\2026\10\02\01a0fd16-9489-7e50-a7b6-a1178fd92bf1\ppg_audit\evidence\global_closure_20261004\C05_C07_C08_C09_source_rows_291.json;C:\Users\DAWN\.codex\visualizations\2026\10\02\01a0fd16-9489-7e50-a7b6-a1178fd92bf1\ppg_audit\evidence\global_closure_20261004\C11_C17_source_rows_175.json;C:\Users\DAWN\.codex\visualizations\2026\10\02\01a0fd16-9489-7e50-a7b6-a1178fd92bf1\ppg_audit\evidence\global_closure_20261004\C19_C20_C22_C23_C24_source_rows_368.json,838候选四链、46家族语义抽查、1860端口行名称方向（含十权重展开）、516声明锚点、1860个单独Source、141版本绑定/26摘要及367标签关联已核对；Source待办0、C03两处歧义已裁定。799显式默认位宽/41明示符号属性及4个参数组人工核对、6个缺文件候选已裁定。范围限度：非Source缺省文件名/bounds-only引用未全部逐字语义核实，未重建G-FP全部cluster逐字段项目签核或ASIC CDC；这些不能记通过。F044入口范围为疑似，4份原长回归终态未齐。F003/F024/F045/F046/F048/F050/F051保留。,部分
A,contracts/PPG_CONTRACT_CLOSURE_MATRIX.md,RTL逐条一致性,,部分,C:\Users\DAWN\.codex\visualizations\2026\10\02\01a0fd16-9489-7e50-a7b6-a1178fd92bf1\ppg_audit\evidence\global_closure_20261004\all_id_four_links.csv;C:\Users\DAWN\.codex\visualizations\2026\10\02\01a0fd16-9489-7e50-a7b6-a1178fd92bf1\ppg_audit\evidence\global_closure_20261004\A_remaining_family_adjudication.json;C:\Users\DAWN\.codex\visualizations\2026\10\02\01a0fd16-9489-7e50-a7b6-a1178fd92bf1\ppg_audit\evidence\global_closure_20261004\different_tag_adjudication.json;C:\Users\DAWN\.codex\visualizations\2026\10\02\01a0fd16-9489-7e50-a7b6-a1178fd92bf1\ppg_audit\evidence\dependency_audit_A.json;C:\Users\DAWN\.codex\visualizations\2026\10\02\01a0fd16-9489-7e50-a7b6-a1178fd92bf1\ppg_audit\evidence\global_closure_20261004\port_declaration_anchors.csv;C:\Users\DAWN\.codex\visualizations\2026\10\02\01a0fd16-9489-7e50-a7b6-a1178fd92bf1\ppg_audit\evidence\global_closure_20261004\ledger_port_inventory.csv;C:\Users\DAWN\.codex\visualizations\2026\10\02\01a0fd16-9489-7e50-a7b6-a1178fd92bf1\ppg_audit\evidence\global_closure_20261004\source_adjudication_summary_A.json;C:\Users\DAWN\.codex\visualizations\2026\10\02\01a0fd16-9489-7e50-a7b6-a1178fd92bf1\ppg_audit\evidence\global_closure_20261004\C01_C10_C13_C14_C15_C16_source_rows_864.json;C:\Users\DAWN\.codex\visualizations\2026\10\02\01a0fd16-9489-7e50-a7b6-a1178fd92bf1\ppg_audit\evidence\global_closure_20261004\C02_source_rows_33.json;C:\Users\DAWN\.codex\visualizations\2026\10\02\01a0fd16-9489-7e50-a7b6-a1178fd92bf1\ppg_audit\evidence\global_closure_20261004\C03_C04_source_rows_129.json;C:\Users\DAWN\.codex\visualizations\2026\10\02\01a0fd16-9489-7e50-a7b6-a1178fd92bf1\ppg_audit\evidence\global_closure_20261004\C05_C07_C08_C09_source_rows_291.json;C:\Users\DAWN\.codex\visualizations\2026\10\02\01a0fd16-9489-7e50-a7b6-a1178fd92bf1\ppg_audit\evidence\global_closure_20261004\C11_C17_source_rows_175.json;C:\Users\DAWN\.codex\visualizations\2026\10\02\01a0fd16-9489-7e50-a7b6-a1178fd92bf1\ppg_audit\evidence\global_closure_20261004\C19_C20_C22_C23_C24_source_rows_368.json,838候选四链、46家族语义抽查、1860端口行名称方向（含十权重展开）、516声明锚点、1860个单独Source、141版本绑定/26摘要及367标签关联已核对；Source待办0、C03两处歧义已裁定。799显式默认位宽/41明示符号属性及4个参数组人工核对、6个缺文件候选已裁定。范围限度：非Source缺省文件名/bounds-only引用未全部逐字语义核实，未重建G-FP全部cluster逐字段项目签核或ASIC CDC；这些不能记通过。F044入口范围为疑似，4份原长回归终态未齐。F003/F024/F045/F046/F048/F050/F051保留。,部分
A,contracts/PPG_CONTRACT_CLOSURE_MATRIX.md,版本与依赖,,完成,C:\Users\DAWN\.codex\visualizations\2026\10\02\01a0fd16-9489-7e50-a7b6-a1178fd92bf1\ppg_audit\evidence\global_closure_20261004\all_id_four_links.csv;C:\Users\DAWN\.codex\visualizations\2026\10\02\01a0fd16-9489-7e50-a7b6-a1178fd92bf1\ppg_audit\evidence\global_closure_20261004\A_remaining_family_adjudication.json;C:\Users\DAWN\.codex\visualizations\2026\10\02\01a0fd16-9489-7e50-a7b6-a1178fd92bf1\ppg_audit\evidence\global_closure_20261004\different_tag_adjudication.json;C:\Users\DAWN\.codex\visualizations\2026\10\02\01a0fd16-9489-7e50-a7b6-a1178fd92bf1\ppg_audit\evidence\dependency_audit_A.json;C:\Users\DAWN\.codex\visualizations\2026\10\02\01a0fd16-9489-7e50-a7b6-a1178fd92bf1\ppg_audit\evidence\global_closure_20261004\port_declaration_anchors.csv;C:\Users\DAWN\.codex\visualizations\2026\10\02\01a0fd16-9489-7e50-a7b6-a1178fd92bf1\ppg_audit\evidence\global_closure_20261004\ledger_port_inventory.csv;C:\Users\DAWN\.codex\visualizations\2026\10\02\01a0fd16-9489-7e50-a7b6-a1178fd92bf1\ppg_audit\evidence\global_closure_20261004\source_adjudication_summary_A.json;C:\Users\DAWN\.codex\visualizations\2026\10\02\01a0fd16-9489-7e50-a7b6-a1178fd92bf1\ppg_audit\evidence\global_closure_20261004\C01_C10_C13_C14_C15_C16_source_rows_864.json;C:\Users\DAWN\.codex\visualizations\2026\10\02\01a0fd16-9489-7e50-a7b6-a1178fd92bf1\ppg_audit\evidence\global_closure_20261004\C02_source_rows_33.json;C:\Users\DAWN\.codex\visualizations\2026\10\02\01a0fd16-9489-7e50-a7b6-a1178fd92bf1\ppg_audit\evidence\global_closure_20261004\C03_C04_source_rows_129.json;C:\Users\DAWN\.codex\visualizations\2026\10\02\01a0fd16-9489-7e50-a7b6-a1178fd92bf1\ppg_audit\evidence\global_closure_20261004\C05_C07_C08_C09_source_rows_291.json;C:\Users\DAWN\.codex\visualizations\2026\10\02\01a0fd16-9489-7e50-a7b6-a1178fd92bf1\ppg_audit\evidence\global_closure_20261004\C11_C17_source_rows_175.json;C:\Users\DAWN\.codex\visualizations\2026\10\02\01a0fd16-9489-7e50-a7b6-a1178fd92bf1\ppg_audit\evidence\global_closure_20261004\C19_C20_C22_C23_C24_source_rows_368.json,838候选四链、46家族语义抽查、1860端口行名称方向（含十权重展开）、516声明锚点、1860个单独Source、141版本绑定/26摘要及367标签关联已核对；Source待办0、C03两处歧义已裁定。799显式默认位宽/41明示符号属性及4个参数组人工核对、6个缺文件候选已裁定。范围限度：非Source缺省文件名/bounds-only引用未全部逐字语义核实，未重建G-FP全部cluster逐字段项目签核或ASIC CDC；这些不能记通过。F044入口范围为疑似，4份原长回归终态未齐。F003/F024/F045/F046/F048/F050/F051保留。,部分
A,contracts/PPG_CONTRACT_CLOSURE_MATRIX.md,验收ID闭环,,部分,C:\Users\DAWN\.codex\visualizations\2026\10\02\01a0fd16-9489-7e50-a7b6-a1178fd92bf1\ppg_audit\evidence\global_closure_20261004\all_id_four_links.csv;C:\Users\DAWN\.codex\visualizations\2026\10\02\01a0fd16-9489-7e50-a7b6-a1178fd92bf1\ppg_audit\evidence\global_closure_20261004\A_remaining_family_adjudication.json;C:\Users\DAWN\.codex\visualizations\2026\10\02\01a0fd16-9489-7e50-a7b6-a1178fd92bf1\ppg_audit\evidence\global_closure_20261004\different_tag_adjudication.json;C:\Users\DAWN\.codex\visualizations\2026\10\02\01a0fd16-9489-7e50-a7b6-a1178fd92bf1\ppg_audit\evidence\dependency_audit_A.json;C:\Users\DAWN\.codex\visualizations\2026\10\02\01a0fd16-9489-7e50-a7b6-a1178fd92bf1\ppg_audit\evidence\global_closure_20261004\port_declaration_anchors.csv;C:\Users\DAWN\.codex\visualizations\2026\10\02\01a0fd16-9489-7e50-a7b6-a1178fd92bf1\ppg_audit\evidence\global_closure_20261004\ledger_port_inventory.csv;C:\Users\DAWN\.codex\visualizations\2026\10\02\01a0fd16-9489-7e50-a7b6-a1178fd92bf1\ppg_audit\evidence\global_closure_20261004\source_adjudication_summary_A.json;C:\Users\DAWN\.codex\visualizations\2026\10\02\01a0fd16-9489-7e50-a7b6-a1178fd92bf1\ppg_audit\evidence\global_closure_20261004\C01_C10_C13_C14_C15_C16_source_rows_864.json;C:\Users\DAWN\.codex\visualizations\2026\10\02\01a0fd16-9489-7e50-a7b6-a1178fd92bf1\ppg_audit\evidence\global_closure_20261004\C02_source_rows_33.json;C:\Users\DAWN\.codex\visualizations\2026\10\02\01a0fd16-9489-7e50-a7b6-a1178fd92bf1\ppg_audit\evidence\global_closure_20261004\C03_C04_source_rows_129.json;C:\Users\DAWN\.codex\visualizations\2026\10\02\01a0fd16-9489-7e50-a7b6-a1178fd92bf1\ppg_audit\evidence\global_closure_20261004\C05_C07_C08_C09_source_rows_291.json;C:\Users\DAWN\.codex\visualizations\2026\10\02\01a0fd16-9489-7e50-a7b6-a1178fd92bf1\ppg_audit\evidence\global_closure_20261004\C11_C17_source_rows_175.json;C:\Users\DAWN\.codex\visualizations\2026\10\02\01a0fd16-9489-7e50-a7b6-a1178fd92bf1\ppg_audit\evidence\global_closure_20261004\C19_C20_C22_C23_C24_source_rows_368.json,838候选四链、46家族语义抽查、1860端口行名称方向（含十权重展开）、516声明锚点、1860个单独Source、141版本绑定/26摘要及367标签关联已核对；Source待办0、C03两处歧义已裁定。799显式默认位宽/41明示符号属性及4个参数组人工核对、6个缺文件候选已裁定。范围限度：非Source缺省文件名/bounds-only引用未全部逐字语义核实，未重建G-FP全部cluster逐字段项目签核或ASIC CDC；这些不能记通过。F044入口范围为疑似，4份原长回归终态未齐。F003/F024/F045/F046/F048/F050/F051保留。,部分
A,contracts/PPG_CONTRACT_CLOSURE_MATRIX.md,节号/行号引用,,部分,C:\Users\DAWN\.codex\visualizations\2026\10\02\01a0fd16-9489-7e50-a7b6-a1178fd92bf1\ppg_audit\evidence\global_closure_20261004\all_id_four_links.csv;C:\Users\DAWN\.codex\visualizations\2026\10\02\01a0fd16-9489-7e50-a7b6-a1178fd92bf1\ppg_audit\evidence\global_closure_20261004\A_remaining_family_adjudication.json;C:\Users\DAWN\.codex\visualizations\2026\10\02\01a0fd16-9489-7e50-a7b6-a1178fd92bf1\ppg_audit\evidence\global_closure_20261004\different_tag_adjudication.json;C:\Users\DAWN\.codex\visualizations\2026\10\02\01a0fd16-9489-7e50-a7b6-a1178fd92bf1\ppg_audit\evidence\dependency_audit_A.json;C:\Users\DAWN\.codex\visualizations\2026\10\02\01a0fd16-9489-7e50-a7b6-a1178fd92bf1\ppg_audit\evidence\global_closure_20261004\port_declaration_anchors.csv;C:\Users\DAWN\.codex\visualizations\2026\10\02\01a0fd16-9489-7e50-a7b6-a1178fd92bf1\ppg_audit\evidence\global_closure_20261004\ledger_port_inventory.csv;C:\Users\DAWN\.codex\visualizations\2026\10\02\01a0fd16-9489-7e50-a7b6-a1178fd92bf1\ppg_audit\evidence\global_closure_20261004\source_adjudication_summary_A.json;C:\Users\DAWN\.codex\visualizations\2026\10\02\01a0fd16-9489-7e50-a7b6-a1178fd92bf1\ppg_audit\evidence\global_closure_20261004\C01_C10_C13_C14_C15_C16_source_rows_864.json;C:\Users\DAWN\.codex\visualizations\2026\10\02\01a0fd16-9489-7e50-a7b6-a1178fd92bf1\ppg_audit\evidence\global_closure_20261004\C02_source_rows_33.json;C:\Users\DAWN\.codex\visualizations\2026\10\02\01a0fd16-9489-7e50-a7b6-a1178fd92bf1\ppg_audit\evidence\global_closure_20261004\C03_C04_source_rows_129.json;C:\Users\DAWN\.codex\visualizations\2026\10\02\01a0fd16-9489-7e50-a7b6-a1178fd92bf1\ppg_audit\evidence\global_closure_20261004\C05_C07_C08_C09_source_rows_291.json;C:\Users\DAWN\.codex\visualizations\2026\10\02\01a0fd16-9489-7e50-a7b6-a1178fd92bf1\ppg_audit\evidence\global_closure_20261004\C11_C17_source_rows_175.json;C:\Users\DAWN\.codex\visualizations\2026\10\02\01a0fd16-9489-7e50-a7b6-a1178fd92bf1\ppg_audit\evidence\global_closure_20261004\C19_C20_C22_C23_C24_source_rows_368.json,838候选四链、46家族语义抽查、1860端口行名称方向（含十权重展开）、516声明锚点、1860个单独Source、141版本绑定/26摘要及367标签关联已核对；Source待办0、C03两处歧义已裁定。799显式默认位宽/41明示符号属性及4个参数组人工核对、6个缺文件候选已裁定。范围限度：非Source缺省文件名/bounds-only引用未全部逐字语义核实，未重建G-FP全部cluster逐字段项目签核或ASIC CDC；这些不能记通过。F044入口范围为疑似，4份原长回归终态未齐。F003/F024/F045/F046/F048/F050/F051保留。,部分
A,contracts/PPG_ALIAS_MAPPING_TABLE.md,内部端口/正文/验收/修订一致性,,完成,C:\Users\DAWN\.codex\visualizations\2026\10\02\01a0fd16-9489-7e50-a7b6-a1178fd92bf1\ppg_audit\evidence\global_closure_20261004\all_id_four_links.csv;C:\Users\DAWN\.codex\visualizations\2026\10\02\01a0fd16-9489-7e50-a7b6-a1178fd92bf1\ppg_audit\evidence\global_closure_20261004\A_remaining_family_adjudication.json;C:\Users\DAWN\.codex\visualizations\2026\10\02\01a0fd16-9489-7e50-a7b6-a1178fd92bf1\ppg_audit\evidence\global_closure_20261004\different_tag_adjudication.json;C:\Users\DAWN\.codex\visualizations\2026\10\02\01a0fd16-9489-7e50-a7b6-a1178fd92bf1\ppg_audit\evidence\dependency_audit_A.json;C:\Users\DAWN\.codex\visualizations\2026\10\02\01a0fd16-9489-7e50-a7b6-a1178fd92bf1\ppg_audit\evidence\global_closure_20261004\port_declaration_anchors.csv;C:\Users\DAWN\.codex\visualizations\2026\10\02\01a0fd16-9489-7e50-a7b6-a1178fd92bf1\ppg_audit\evidence\global_closure_20261004\ledger_port_inventory.csv;C:\Users\DAWN\.codex\visualizations\2026\10\02\01a0fd16-9489-7e50-a7b6-a1178fd92bf1\ppg_audit\evidence\global_closure_20261004\source_adjudication_summary_A.json;C:\Users\DAWN\.codex\visualizations\2026\10\02\01a0fd16-9489-7e50-a7b6-a1178fd92bf1\ppg_audit\evidence\global_closure_20261004\C01_C10_C13_C14_C15_C16_source_rows_864.json;C:\Users\DAWN\.codex\visualizations\2026\10\02\01a0fd16-9489-7e50-a7b6-a1178fd92bf1\ppg_audit\evidence\global_closure_20261004\C02_source_rows_33.json;C:\Users\DAWN\.codex\visualizations\2026\10\02\01a0fd16-9489-7e50-a7b6-a1178fd92bf1\ppg_audit\evidence\global_closure_20261004\C03_C04_source_rows_129.json;C:\Users\DAWN\.codex\visualizations\2026\10\02\01a0fd16-9489-7e50-a7b6-a1178fd92bf1\ppg_audit\evidence\global_closure_20261004\C05_C07_C08_C09_source_rows_291.json;C:\Users\DAWN\.codex\visualizations\2026\10\02\01a0fd16-9489-7e50-a7b6-a1178fd92bf1\ppg_audit\evidence\global_closure_20261004\C11_C17_source_rows_175.json;C:\Users\DAWN\.codex\visualizations\2026\10\02\01a0fd16-9489-7e50-a7b6-a1178fd92bf1\ppg_audit\evidence\global_closure_20261004\C19_C20_C22_C23_C24_source_rows_368.json,838候选四链、46家族语义抽查、1860端口行名称方向（含十权重展开）、516声明锚点、1860个单独Source、141版本绑定/26摘要及367标签关联已核对；Source待办0、C03两处歧义已裁定。799显式默认位宽/41明示符号属性及4个参数组人工核对、6个缺文件候选已裁定。范围限度：非Source缺省文件名/bounds-only引用未全部逐字语义核实，未重建G-FP全部cluster逐字段项目签核或ASIC CDC；这些不能记通过。F044入口范围为疑似，4份原长回归终态未齐。F003/F024/F045/F046/F048/F050/F051保留。,部分
A,contracts/PPG_ALIAS_MAPPING_TABLE.md,RTL逐条一致性,,部分,C:\Users\DAWN\.codex\visualizations\2026\10\02\01a0fd16-9489-7e50-a7b6-a1178fd92bf1\ppg_audit\evidence\global_closure_20261004\all_id_four_links.csv;C:\Users\DAWN\.codex\visualizations\2026\10\02\01a0fd16-9489-7e50-a7b6-a1178fd92bf1\ppg_audit\evidence\global_closure_20261004\A_remaining_family_adjudication.json;C:\Users\DAWN\.codex\visualizations\2026\10\02\01a0fd16-9489-7e50-a7b6-a1178fd92bf1\ppg_audit\evidence\global_closure_20261004\different_tag_adjudication.json;C:\Users\DAWN\.codex\visualizations\2026\10\02\01a0fd16-9489-7e50-a7b6-a1178fd92bf1\ppg_audit\evidence\dependency_audit_A.json;C:\Users\DAWN\.codex\visualizations\2026\10\02\01a0fd16-9489-7e50-a7b6-a1178fd92bf1\ppg_audit\evidence\global_closure_20261004\port_declaration_anchors.csv;C:\Users\DAWN\.codex\visualizations\2026\10\02\01a0fd16-9489-7e50-a7b6-a1178fd92bf1\ppg_audit\evidence\global_closure_20261004\ledger_port_inventory.csv;C:\Users\DAWN\.codex\visualizations\2026\10\02\01a0fd16-9489-7e50-a7b6-a1178fd92bf1\ppg_audit\evidence\global_closure_20261004\source_adjudication_summary_A.json;C:\Users\DAWN\.codex\visualizations\2026\10\02\01a0fd16-9489-7e50-a7b6-a1178fd92bf1\ppg_audit\evidence\global_closure_20261004\C01_C10_C13_C14_C15_C16_source_rows_864.json;C:\Users\DAWN\.codex\visualizations\2026\10\02\01a0fd16-9489-7e50-a7b6-a1178fd92bf1\ppg_audit\evidence\global_closure_20261004\C02_source_rows_33.json;C:\Users\DAWN\.codex\visualizations\2026\10\02\01a0fd16-9489-7e50-a7b6-a1178fd92bf1\ppg_audit\evidence\global_closure_20261004\C03_C04_source_rows_129.json;C:\Users\DAWN\.codex\visualizations\2026\10\02\01a0fd16-9489-7e50-a7b6-a1178fd92bf1\ppg_audit\evidence\global_closure_20261004\C05_C07_C08_C09_source_rows_291.json;C:\Users\DAWN\.codex\visualizations\2026\10\02\01a0fd16-9489-7e50-a7b6-a1178fd92bf1\ppg_audit\evidence\global_closure_20261004\C11_C17_source_rows_175.json;C:\Users\DAWN\.codex\visualizations\2026\10\02\01a0fd16-9489-7e50-a7b6-a1178fd92bf1\ppg_audit\evidence\global_closure_20261004\C19_C20_C22_C23_C24_source_rows_368.json,838候选四链、46家族语义抽查、1860端口行名称方向（含十权重展开）、516声明锚点、1860个单独Source、141版本绑定/26摘要及367标签关联已核对；Source待办0、C03两处歧义已裁定。799显式默认位宽/41明示符号属性及4个参数组人工核对、6个缺文件候选已裁定。范围限度：非Source缺省文件名/bounds-only引用未全部逐字语义核实，未重建G-FP全部cluster逐字段项目签核或ASIC CDC；这些不能记通过。F044入口范围为疑似，4份原长回归终态未齐。F003/F024/F045/F046/F048/F050/F051保留。,部分
A,contracts/PPG_ALIAS_MAPPING_TABLE.md,版本与依赖,,完成,C:\Users\DAWN\.codex\visualizations\2026\10\02\01a0fd16-9489-7e50-a7b6-a1178fd92bf1\ppg_audit\evidence\global_closure_20261004\all_id_four_links.csv;C:\Users\DAWN\.codex\visualizations\2026\10\02\01a0fd16-9489-7e50-a7b6-a1178fd92bf1\ppg_audit\evidence\global_closure_20261004\A_remaining_family_adjudication.json;C:\Users\DAWN\.codex\visualizations\2026\10\02\01a0fd16-9489-7e50-a7b6-a1178fd92bf1\ppg_audit\evidence\global_closure_20261004\different_tag_adjudication.json;C:\Users\DAWN\.codex\visualizations\2026\10\02\01a0fd16-9489-7e50-a7b6-a1178fd92bf1\ppg_audit\evidence\dependency_audit_A.json;C:\Users\DAWN\.codex\visualizations\2026\10\02\01a0fd16-9489-7e50-a7b6-a1178fd92bf1\ppg_audit\evidence\global_closure_20261004\port_declaration_anchors.csv;C:\Users\DAWN\.codex\visualizations\2026\10\02\01a0fd16-9489-7e50-a7b6-a1178fd92bf1\ppg_audit\evidence\global_closure_20261004\ledger_port_inventory.csv;C:\Users\DAWN\.codex\visualizations\2026\10\02\01a0fd16-9489-7e50-a7b6-a1178fd92bf1\ppg_audit\evidence\global_closure_20261004\source_adjudication_summary_A.json;C:\Users\DAWN\.codex\visualizations\2026\10\02\01a0fd16-9489-7e50-a7b6-a1178fd92bf1\ppg_audit\evidence\global_closure_20261004\C01_C10_C13_C14_C15_C16_source_rows_864.json;C:\Users\DAWN\.codex\visualizations\2026\10\02\01a0fd16-9489-7e50-a7b6-a1178fd92bf1\ppg_audit\evidence\global_closure_20261004\C02_source_rows_33.json;C:\Users\DAWN\.codex\visualizations\2026\10\02\01a0fd16-9489-7e50-a7b6-a1178fd92bf1\ppg_audit\evidence\global_closure_20261004\C03_C04_source_rows_129.json;C:\Users\DAWN\.codex\visualizations\2026\10\02\01a0fd16-9489-7e50-a7b6-a1178fd92bf1\ppg_audit\evidence\global_closure_20261004\C05_C07_C08_C09_source_rows_291.json;C:\Users\DAWN\.codex\visualizations\2026\10\02\01a0fd16-9489-7e50-a7b6-a1178fd92bf1\ppg_audit\evidence\global_closure_20261004\C11_C17_source_rows_175.json;C:\Users\DAWN\.codex\visualizations\2026\10\02\01a0fd16-9489-7e50-a7b6-a1178fd92bf1\ppg_audit\evidence\global_closure_20261004\C19_C20_C22_C23_C24_source_rows_368.json,838候选四链、46家族语义抽查、1860端口行名称方向（含十权重展开）、516声明锚点、1860个单独Source、141版本绑定/26摘要及367标签关联已核对；Source待办0、C03两处歧义已裁定。799显式默认位宽/41明示符号属性及4个参数组人工核对、6个缺文件候选已裁定。范围限度：非Source缺省文件名/bounds-only引用未全部逐字语义核实，未重建G-FP全部cluster逐字段项目签核或ASIC CDC；这些不能记通过。F044入口范围为疑似，4份原长回归终态未齐。F003/F024/F045/F046/F048/F050/F051保留。,部分
A,contracts/PPG_ALIAS_MAPPING_TABLE.md,验收ID闭环,,部分,C:\Users\DAWN\.codex\visualizations\2026\10\02\01a0fd16-9489-7e50-a7b6-a1178fd92bf1\ppg_audit\evidence\global_closure_20261004\all_id_four_links.csv;C:\Users\DAWN\.codex\visualizations\2026\10\02\01a0fd16-9489-7e50-a7b6-a1178fd92bf1\ppg_audit\evidence\global_closure_20261004\A_remaining_family_adjudication.json;C:\Users\DAWN\.codex\visualizations\2026\10\02\01a0fd16-9489-7e50-a7b6-a1178fd92bf1\ppg_audit\evidence\global_closure_20261004\different_tag_adjudication.json;C:\Users\DAWN\.codex\visualizations\2026\10\02\01a0fd16-9489-7e50-a7b6-a1178fd92bf1\ppg_audit\evidence\dependency_audit_A.json;C:\Users\DAWN\.codex\visualizations\2026\10\02\01a0fd16-9489-7e50-a7b6-a1178fd92bf1\ppg_audit\evidence\global_closure_20261004\port_declaration_anchors.csv;C:\Users\DAWN\.codex\visualizations\2026\10\02\01a0fd16-9489-7e50-a7b6-a1178fd92bf1\ppg_audit\evidence\global_closure_20261004\ledger_port_inventory.csv;C:\Users\DAWN\.codex\visualizations\2026\10\02\01a0fd16-9489-7e50-a7b6-a1178fd92bf1\ppg_audit\evidence\global_closure_20261004\source_adjudication_summary_A.json;C:\Users\DAWN\.codex\visualizations\2026\10\02\01a0fd16-9489-7e50-a7b6-a1178fd92bf1\ppg_audit\evidence\global_closure_20261004\C01_C10_C13_C14_C15_C16_source_rows_864.json;C:\Users\DAWN\.codex\visualizations\2026\10\02\01a0fd16-9489-7e50-a7b6-a1178fd92bf1\ppg_audit\evidence\global_closure_20261004\C02_source_rows_33.json;C:\Users\DAWN\.codex\visualizations\2026\10\02\01a0fd16-9489-7e50-a7b6-a1178fd92bf1\ppg_audit\evidence\global_closure_20261004\C03_C04_source_rows_129.json;C:\Users\DAWN\.codex\visualizations\2026\10\02\01a0fd16-9489-7e50-a7b6-a1178fd92bf1\ppg_audit\evidence\global_closure_20261004\C05_C07_C08_C09_source_rows_291.json;C:\Users\DAWN\.codex\visualizations\2026\10\02\01a0fd16-9489-7e50-a7b6-a1178fd92bf1\ppg_audit\evidence\global_closure_20261004\C11_C17_source_rows_175.json;C:\Users\DAWN\.codex\visualizations\2026\10\02\01a0fd16-9489-7e50-a7b6-a1178fd92bf1\ppg_audit\evidence\global_closure_20261004\C19_C20_C22_C23_C24_source_rows_368.json,838候选四链、46家族语义抽查、1860端口行名称方向（含十权重展开）、516声明锚点、1860个单独Source、141版本绑定/26摘要及367标签关联已核对；Source待办0、C03两处歧义已裁定。799显式默认位宽/41明示符号属性及4个参数组人工核对、6个缺文件候选已裁定。范围限度：非Source缺省文件名/bounds-only引用未全部逐字语义核实，未重建G-FP全部cluster逐字段项目签核或ASIC CDC；这些不能记通过。F044入口范围为疑似，4份原长回归终态未齐。F003/F024/F045/F046/F048/F050/F051保留。,部分
A,contracts/PPG_ALIAS_MAPPING_TABLE.md,节号/行号引用,,部分,C:\Users\DAWN\.codex\visualizations\2026\10\02\01a0fd16-9489-7e50-a7b6-a1178fd92bf1\ppg_audit\evidence\global_closure_20261004\all_id_four_links.csv;C:\Users\DAWN\.codex\visualizations\2026\10\02\01a0fd16-9489-7e50-a7b6-a1178fd92bf1\ppg_audit\evidence\global_closure_20261004\A_remaining_family_adjudication.json;C:\Users\DAWN\.codex\visualizations\2026\10\02\01a0fd16-9489-7e50-a7b6-a1178fd92bf1\ppg_audit\evidence\global_closure_20261004\different_tag_adjudication.json;C:\Users\DAWN\.codex\visualizations\2026\10\02\01a0fd16-9489-7e50-a7b6-a1178fd92bf1\ppg_audit\evidence\dependency_audit_A.json;C:\Users\DAWN\.codex\visualizations\2026\10\02\01a0fd16-9489-7e50-a7b6-a1178fd92bf1\ppg_audit\evidence\global_closure_20261004\port_declaration_anchors.csv;C:\Users\DAWN\.codex\visualizations\2026\10\02\01a0fd16-9489-7e50-a7b6-a1178fd92bf1\ppg_audit\evidence\global_closure_20261004\ledger_port_inventory.csv;C:\Users\DAWN\.codex\visualizations\2026\10\02\01a0fd16-9489-7e50-a7b6-a1178fd92bf1\ppg_audit\evidence\global_closure_20261004\source_adjudication_summary_A.json;C:\Users\DAWN\.codex\visualizations\2026\10\02\01a0fd16-9489-7e50-a7b6-a1178fd92bf1\ppg_audit\evidence\global_closure_20261004\C01_C10_C13_C14_C15_C16_source_rows_864.json;C:\Users\DAWN\.codex\visualizations\2026\10\02\01a0fd16-9489-7e50-a7b6-a1178fd92bf1\ppg_audit\evidence\global_closure_20261004\C02_source_rows_33.json;C:\Users\DAWN\.codex\visualizations\2026\10\02\01a0fd16-9489-7e50-a7b6-a1178fd92bf1\ppg_audit\evidence\global_closure_20261004\C03_C04_source_rows_129.json;C:\Users\DAWN\.codex\visualizations\2026\10\02\01a0fd16-9489-7e50-a7b6-a1178fd92bf1\ppg_audit\evidence\global_closure_20261004\C05_C07_C08_C09_source_rows_291.json;C:\Users\DAWN\.codex\visualizations\2026\10\02\01a0fd16-9489-7e50-a7b6-a1178fd92bf1\ppg_audit\evidence\global_closure_20261004\C11_C17_source_rows_175.json;C:\Users\DAWN\.codex\visualizations\2026\10\02\01a0fd16-9489-7e50-a7b6-a1178fd92bf1\ppg_audit\evidence\global_closure_20261004\C19_C20_C22_C23_C24_source_rows_368.json,838候选四链、46家族语义抽查、1860端口行名称方向（含十权重展开）、516声明锚点、1860个单独Source、141版本绑定/26摘要及367标签关联已核对；Source待办0、C03两处歧义已裁定。799显式默认位宽/41明示符号属性及4个参数组人工核对、6个缺文件候选已裁定。范围限度：非Source缺省文件名/bounds-only引用未全部逐字语义核实，未重建G-FP全部cluster逐字段项目签核或ASIC CDC；这些不能记通过。F044入口范围为疑似，4份原长回归终态未齐。F003/F024/F045/F046/F048/F050/F051保留。,部分
A,rtl/ppg_digital_shell/ppg_digital_shell.v,端口与合同名称/方向/宽度/符号/语义,,完成,C:\Users\DAWN\.codex\visualizations\2026\10\02\01a0fd16-9489-7e50-a7b6-a1178fd92bf1\ppg_audit\evidence\skill_analysis_A.json;C:\Users\DAWN\.codex\visualizations\2026\10\02\01a0fd16-9489-7e50-a7b6-a1178fd92bf1\ppg_audit\evidence\mutation_results_A.json,孤立参考模块内部审阅完成；C01 §8禁止纳入正式Top，处置未定属已知事项，未授予芯片集成资格,完成
A,rtl/ppg_digital_shell/ppg_digital_shell.v,寄存器复位与释放,,完成,C:\Users\DAWN\.codex\visualizations\2026\10\02\01a0fd16-9489-7e50-a7b6-a1178fd92bf1\ppg_audit\evidence\skill_analysis_A.json;C:\Users\DAWN\.codex\visualizations\2026\10\02\01a0fd16-9489-7e50-a7b6-a1178fd92bf1\ppg_audit\evidence\mutation_results_A.json,孤立参考模块内部审阅完成；C01 §8禁止纳入正式Top，处置未定属已知事项，未授予芯片集成资格,完成
A,rtl/ppg_digital_shell/ppg_digital_shell.v,FSM可达/非法恢复/锁存/死锁,,完成,C:\Users\DAWN\.codex\visualizations\2026\10\02\01a0fd16-9489-7e50-a7b6-a1178fd92bf1\ppg_audit\evidence\skill_analysis_A.json;C:\Users\DAWN\.codex\visualizations\2026\10\02\01a0fd16-9489-7e50-a7b6-a1178fd92bf1\ppg_audit\evidence\mutation_results_A.json,孤立参考模块内部审阅完成；C01 §8禁止纳入正式Top，处置未定属已知事项，未授予芯片集成资格,完成
A,rtl/ppg_digital_shell/ppg_digital_shell.v,握手稳定/优先级/在途释放,,完成,C:\Users\DAWN\.codex\visualizations\2026\10\02\01a0fd16-9489-7e50-a7b6-a1178fd92bf1\ppg_audit\evidence\skill_analysis_A.json;C:\Users\DAWN\.codex\visualizations\2026\10\02\01a0fd16-9489-7e50-a7b6-a1178fd92bf1\ppg_audit\evidence\mutation_results_A.json,孤立参考模块内部审阅完成；C01 §8禁止纳入正式Top，处置未定属已知事项，未授予芯片集成资格,完成
A,rtl/ppg_digital_shell/ppg_digital_shell.v,运算符号/位宽/舍入/饱和,,完成,C:\Users\DAWN\.codex\visualizations\2026\10\02\01a0fd16-9489-7e50-a7b6-a1178fd92bf1\ppg_audit\evidence\skill_analysis_A.json;C:\Users\DAWN\.codex\visualizations\2026\10\02\01a0fd16-9489-7e50-a7b6-a1178fd92bf1\ppg_audit\evidence\mutation_results_A.json,孤立参考模块内部审阅完成；C01 §8禁止纳入正式Top，处置未定属已知事项，未授予芯片集成资格,完成
A,rtl/ppg_digital_shell/ppg_digital_shell.v,计数器边界/回绕,,完成,C:\Users\DAWN\.codex\visualizations\2026\10\02\01a0fd16-9489-7e50-a7b6-a1178fd92bf1\ppg_audit\evidence\skill_analysis_A.json;C:\Users\DAWN\.codex\visualizations\2026\10\02\01a0fd16-9489-7e50-a7b6-a1178fd92bf1\ppg_audit\evidence\mutation_results_A.json,孤立参考模块内部审阅完成；C01 §8禁止纳入正式Top，处置未定属已知事项，未授予芯片集成资格,完成
A,rtl/ppg_digital_shell/ppg_digital_shell.v,CDC条件与消费者,,完成,C:\Users\DAWN\.codex\visualizations\2026\10\02\01a0fd16-9489-7e50-a7b6-a1178fd92bf1\ppg_audit\evidence\skill_analysis_A.json;C:\Users\DAWN\.codex\visualizations\2026\10\02\01a0fd16-9489-7e50-a7b6-a1178fd92bf1\ppg_audit\evidence\mutation_results_A.json,孤立参考模块内部审阅完成；C01 §8禁止纳入正式Top，处置未定属已知事项，未授予芯片集成资格,完成
A,rtl/ppg_digital_shell/ppg_digital_shell.v,可综合结构/组合环,,完成,C:\Users\DAWN\.codex\visualizations\2026\10\02\01a0fd16-9489-7e50-a7b6-a1178fd92bf1\ppg_audit\evidence\skill_analysis_A.json;C:\Users\DAWN\.codex\visualizations\2026\10\02\01a0fd16-9489-7e50-a7b6-a1178fd92bf1\ppg_audit\evidence\mutation_results_A.json,孤立参考模块内部审阅完成；C01 §8禁止纳入正式Top，处置未定属已知事项，未授予芯片集成资格,完成
A,rtl/ppg_digital_shell/ppg_digital_shell.v,注释与代码一致,,完成,C:\Users\DAWN\.codex\visualizations\2026\10\02\01a0fd16-9489-7e50-a7b6-a1178fd92bf1\ppg_audit\evidence\skill_analysis_A.json;C:\Users\DAWN\.codex\visualizations\2026\10\02\01a0fd16-9489-7e50-a7b6-a1178fd92bf1\ppg_audit\evidence\mutation_results_A.json,孤立参考模块内部审阅完成；C01 §8禁止纳入正式Top，处置未定属已知事项，未授予芯片集成资格,完成
A,rtl/ppg_digital_shell/ppg_digital_shell.v,工具compile/AST/lint/gate,,完成,C:\Users\DAWN\.codex\visualizations\2026\10\02\01a0fd16-9489-7e50-a7b6-a1178fd92bf1\ppg_audit\evidence\skill_analysis_A.json;C:\Users\DAWN\.codex\visualizations\2026\10\02\01a0fd16-9489-7e50-a7b6-a1178fd92bf1\ppg_audit\evidence\mutation_results_A.json,孤立参考模块内部审阅完成；C01 §8禁止纳入正式Top，处置未定属已知事项，未授予芯片集成资格,完成
A,rtl/ppg_timing_sar9/tb_ppg_timing_sar9.v,真实比较与FAIL判据,,完成,C:\Users\DAWN\.codex\visualizations\2026\10\02\01a0fd16-9489-7e50-a7b6-a1178fd92bf1\ppg_audit\evidence\compile\tb_ppg_timing_sar9\run.log;C:\Users\DAWN\.codex\visualizations\2026\10\02\01a0fd16-9489-7e50-a7b6-a1178fd92bf1\ppg_audit\evidence\mutation_results_A.json,已全文核对比较、驱动、时序、watchdog、终判及单点变异；不等于穷尽所有变异,完成
A,rtl/ppg_timing_sar9/tb_ppg_timing_sar9.v,变异抽查,,完成,C:\Users\DAWN\.codex\visualizations\2026\10\02\01a0fd16-9489-7e50-a7b6-a1178fd92bf1\ppg_audit\evidence\compile\tb_ppg_timing_sar9\run.log;C:\Users\DAWN\.codex\visualizations\2026\10\02\01a0fd16-9489-7e50-a7b6-a1178fd92bf1\ppg_audit\evidence\mutation_results_A.json,已全文核对比较、驱动、时序、watchdog、终判及单点变异；不等于穷尽所有变异,完成
A,rtl/ppg_timing_sar9/tb_ppg_timing_sar9.v,验收ID激励/执行计数/覆盖语义,,完成,C:\Users\DAWN\.codex\visualizations\2026\10\02\01a0fd16-9489-7e50-a7b6-a1178fd92bf1\ppg_audit\evidence\compile\tb_ppg_timing_sar9\run.log;C:\Users\DAWN\.codex\visualizations\2026\10\02\01a0fd16-9489-7e50-a7b6-a1178fd92bf1\ppg_audit\evidence\mutation_results_A.json,已全文核对比较、驱动、时序、watchdog、终判及单点变异；不等于穷尽所有变异,完成
A,rtl/ppg_timing_sar9/tb_ppg_timing_sar9.v,输入驱动/注入参数,,完成,C:\Users\DAWN\.codex\visualizations\2026\10\02\01a0fd16-9489-7e50-a7b6-a1178fd92bf1\ppg_audit\evidence\compile\tb_ppg_timing_sar9\run.log;C:\Users\DAWN\.codex\visualizations\2026\10\02\01a0fd16-9489-7e50-a7b6-a1178fd92bf1\ppg_audit\evidence\mutation_results_A.json,已全文核对比较、驱动、时序、watchdog、终判及单点变异；不等于穷尽所有变异,完成
A,rtl/ppg_timing_sar9/tb_ppg_timing_sar9.v,超时/结束/容差,,完成,C:\Users\DAWN\.codex\visualizations\2026\10\02\01a0fd16-9489-7e50-a7b6-a1178fd92bf1\ppg_audit\evidence\compile\tb_ppg_timing_sar9\run.log;C:\Users\DAWN\.codex\visualizations\2026\10\02\01a0fd16-9489-7e50-a7b6-a1178fd92bf1\ppg_audit\evidence\mutation_results_A.json,已全文核对比较、驱动、时序、watchdog、终判及单点变异；不等于穷尽所有变异,完成
A,rtl/ppg_timing_sar9/tb_ppg_timing_sar9.v,路径/参数硬编码,,完成,C:\Users\DAWN\.codex\visualizations\2026\10\02\01a0fd16-9489-7e50-a7b6-a1178fd92bf1\ppg_audit\evidence\compile\tb_ppg_timing_sar9\run.log;C:\Users\DAWN\.codex\visualizations\2026\10\02\01a0fd16-9489-7e50-a7b6-a1178fd92bf1\ppg_audit\evidence\mutation_results_A.json,已全文核对比较、驱动、时序、watchdog、终判及单点变异；不等于穷尽所有变异,完成
A,rtl/ppg_timing_sar9/tb_ppg_timing_sar9.v,运行日志/入口脚本判据,,完成,C:\Users\DAWN\.codex\visualizations\2026\10\02\01a0fd16-9489-7e50-a7b6-a1178fd92bf1\ppg_audit\evidence\compile\tb_ppg_timing_sar9\run.log;C:\Users\DAWN\.codex\visualizations\2026\10\02\01a0fd16-9489-7e50-a7b6-a1178fd92bf1\ppg_audit\evidence\mutation_results_A.json,已全文核对比较、驱动、时序、watchdog、终判及单点变异；不等于穷尽所有变异,完成
A,rtl/ppg_timing_sar9/ppg_timing_sar9_3200hz.v,端口与合同名称/方向/宽度/符号/语义,,完成,C:\Users\DAWN\.codex\visualizations\2026\10\02\01a0fd16-9489-7e50-a7b6-a1178fd92bf1\ppg_audit\evidence\skill_analysis_A.json;C:\Users\DAWN\.codex\visualizations\2026\10\02\01a0fd16-9489-7e50-a7b6-a1178fd92bf1\ppg_audit\evidence\mutation_results_A.json,孤立参考模块内部审阅完成；C01 §8禁止纳入正式Top，处置未定属已知事项，未授予芯片集成资格,完成
A,rtl/ppg_timing_sar9/ppg_timing_sar9_3200hz.v,寄存器复位与释放,,完成,C:\Users\DAWN\.codex\visualizations\2026\10\02\01a0fd16-9489-7e50-a7b6-a1178fd92bf1\ppg_audit\evidence\skill_analysis_A.json;C:\Users\DAWN\.codex\visualizations\2026\10\02\01a0fd16-9489-7e50-a7b6-a1178fd92bf1\ppg_audit\evidence\mutation_results_A.json,孤立参考模块内部审阅完成；C01 §8禁止纳入正式Top，处置未定属已知事项，未授予芯片集成资格,完成
A,rtl/ppg_timing_sar9/ppg_timing_sar9_3200hz.v,FSM可达/非法恢复/锁存/死锁,,完成,C:\Users\DAWN\.codex\visualizations\2026\10\02\01a0fd16-9489-7e50-a7b6-a1178fd92bf1\ppg_audit\evidence\skill_analysis_A.json;C:\Users\DAWN\.codex\visualizations\2026\10\02\01a0fd16-9489-7e50-a7b6-a1178fd92bf1\ppg_audit\evidence\mutation_results_A.json,孤立参考模块内部审阅完成；C01 §8禁止纳入正式Top，处置未定属已知事项，未授予芯片集成资格,完成
A,rtl/ppg_timing_sar9/ppg_timing_sar9_3200hz.v,握手稳定/优先级/在途释放,,完成,C:\Users\DAWN\.codex\visualizations\2026\10\02\01a0fd16-9489-7e50-a7b6-a1178fd92bf1\ppg_audit\evidence\skill_analysis_A.json;C:\Users\DAWN\.codex\visualizations\2026\10\02\01a0fd16-9489-7e50-a7b6-a1178fd92bf1\ppg_audit\evidence\mutation_results_A.json,孤立参考模块内部审阅完成；C01 §8禁止纳入正式Top，处置未定属已知事项，未授予芯片集成资格,完成
A,rtl/ppg_timing_sar9/ppg_timing_sar9_3200hz.v,运算符号/位宽/舍入/饱和,,完成,C:\Users\DAWN\.codex\visualizations\2026\10\02\01a0fd16-9489-7e50-a7b6-a1178fd92bf1\ppg_audit\evidence\skill_analysis_A.json;C:\Users\DAWN\.codex\visualizations\2026\10\02\01a0fd16-9489-7e50-a7b6-a1178fd92bf1\ppg_audit\evidence\mutation_results_A.json,孤立参考模块内部审阅完成；C01 §8禁止纳入正式Top，处置未定属已知事项，未授予芯片集成资格,完成
A,rtl/ppg_timing_sar9/ppg_timing_sar9_3200hz.v,计数器边界/回绕,,完成,C:\Users\DAWN\.codex\visualizations\2026\10\02\01a0fd16-9489-7e50-a7b6-a1178fd92bf1\ppg_audit\evidence\skill_analysis_A.json;C:\Users\DAWN\.codex\visualizations\2026\10\02\01a0fd16-9489-7e50-a7b6-a1178fd92bf1\ppg_audit\evidence\mutation_results_A.json,孤立参考模块内部审阅完成；C01 §8禁止纳入正式Top，处置未定属已知事项，未授予芯片集成资格,完成
A,rtl/ppg_timing_sar9/ppg_timing_sar9_3200hz.v,CDC条件与消费者,,完成,C:\Users\DAWN\.codex\visualizations\2026\10\02\01a0fd16-9489-7e50-a7b6-a1178fd92bf1\ppg_audit\evidence\skill_analysis_A.json;C:\Users\DAWN\.codex\visualizations\2026\10\02\01a0fd16-9489-7e50-a7b6-a1178fd92bf1\ppg_audit\evidence\mutation_results_A.json,孤立参考模块内部审阅完成；C01 §8禁止纳入正式Top，处置未定属已知事项，未授予芯片集成资格,完成
A,rtl/ppg_timing_sar9/ppg_timing_sar9_3200hz.v,可综合结构/组合环,,完成,C:\Users\DAWN\.codex\visualizations\2026\10\02\01a0fd16-9489-7e50-a7b6-a1178fd92bf1\ppg_audit\evidence\skill_analysis_A.json;C:\Users\DAWN\.codex\visualizations\2026\10\02\01a0fd16-9489-7e50-a7b6-a1178fd92bf1\ppg_audit\evidence\mutation_results_A.json,孤立参考模块内部审阅完成；C01 §8禁止纳入正式Top，处置未定属已知事项，未授予芯片集成资格,完成
A,rtl/ppg_timing_sar9/ppg_timing_sar9_3200hz.v,注释与代码一致,,完成,C:\Users\DAWN\.codex\visualizations\2026\10\02\01a0fd16-9489-7e50-a7b6-a1178fd92bf1\ppg_audit\evidence\skill_analysis_A.json;C:\Users\DAWN\.codex\visualizations\2026\10\02\01a0fd16-9489-7e50-a7b6-a1178fd92bf1\ppg_audit\evidence\mutation_results_A.json,孤立参考模块内部审阅完成；C01 §8禁止纳入正式Top，处置未定属已知事项，未授予芯片集成资格,完成
A,rtl/ppg_timing_sar9/ppg_timing_sar9_3200hz.v,工具compile/AST/lint/gate,,完成,C:\Users\DAWN\.codex\visualizations\2026\10\02\01a0fd16-9489-7e50-a7b6-a1178fd92bf1\ppg_audit\evidence\skill_analysis_A.json;C:\Users\DAWN\.codex\visualizations\2026\10\02\01a0fd16-9489-7e50-a7b6-a1178fd92bf1\ppg_audit\evidence\mutation_results_A.json,孤立参考模块内部审阅完成；C01 §8禁止纳入正式Top，处置未定属已知事项，未授予芯片集成资格,完成
A,rtl/ppg_timing_sar9/ppg_timing_sar9.v,端口与合同名称/方向/宽度/符号/语义,,完成,C:\Users\DAWN\.codex\visualizations\2026\10\02\01a0fd16-9489-7e50-a7b6-a1178fd92bf1\ppg_audit\evidence\skill_analysis_A.json;C:\Users\DAWN\.codex\visualizations\2026\10\02\01a0fd16-9489-7e50-a7b6-a1178fd92bf1\ppg_audit\evidence\mutation_results_A.json,孤立参考模块内部审阅完成；C01 §8禁止纳入正式Top，处置未定属已知事项，未授予芯片集成资格,完成
A,rtl/ppg_timing_sar9/ppg_timing_sar9.v,寄存器复位与释放,,完成,C:\Users\DAWN\.codex\visualizations\2026\10\02\01a0fd16-9489-7e50-a7b6-a1178fd92bf1\ppg_audit\evidence\skill_analysis_A.json;C:\Users\DAWN\.codex\visualizations\2026\10\02\01a0fd16-9489-7e50-a7b6-a1178fd92bf1\ppg_audit\evidence\mutation_results_A.json,孤立参考模块内部审阅完成；C01 §8禁止纳入正式Top，处置未定属已知事项，未授予芯片集成资格,完成
A,rtl/ppg_timing_sar9/ppg_timing_sar9.v,FSM可达/非法恢复/锁存/死锁,,完成,C:\Users\DAWN\.codex\visualizations\2026\10\02\01a0fd16-9489-7e50-a7b6-a1178fd92bf1\ppg_audit\evidence\skill_analysis_A.json;C:\Users\DAWN\.codex\visualizations\2026\10\02\01a0fd16-9489-7e50-a7b6-a1178fd92bf1\ppg_audit\evidence\mutation_results_A.json,孤立参考模块内部审阅完成；C01 §8禁止纳入正式Top，处置未定属已知事项，未授予芯片集成资格,完成
A,rtl/ppg_timing_sar9/ppg_timing_sar9.v,握手稳定/优先级/在途释放,,完成,C:\Users\DAWN\.codex\visualizations\2026\10\02\01a0fd16-9489-7e50-a7b6-a1178fd92bf1\ppg_audit\evidence\skill_analysis_A.json;C:\Users\DAWN\.codex\visualizations\2026\10\02\01a0fd16-9489-7e50-a7b6-a1178fd92bf1\ppg_audit\evidence\mutation_results_A.json,孤立参考模块内部审阅完成；C01 §8禁止纳入正式Top，处置未定属已知事项，未授予芯片集成资格,完成
A,rtl/ppg_timing_sar9/ppg_timing_sar9.v,运算符号/位宽/舍入/饱和,,完成,C:\Users\DAWN\.codex\visualizations\2026\10\02\01a0fd16-9489-7e50-a7b6-a1178fd92bf1\ppg_audit\evidence\skill_analysis_A.json;C:\Users\DAWN\.codex\visualizations\2026\10\02\01a0fd16-9489-7e50-a7b6-a1178fd92bf1\ppg_audit\evidence\mutation_results_A.json,孤立参考模块内部审阅完成；C01 §8禁止纳入正式Top，处置未定属已知事项，未授予芯片集成资格,完成
A,rtl/ppg_timing_sar9/ppg_timing_sar9.v,计数器边界/回绕,,完成,C:\Users\DAWN\.codex\visualizations\2026\10\02\01a0fd16-9489-7e50-a7b6-a1178fd92bf1\ppg_audit\evidence\skill_analysis_A.json;C:\Users\DAWN\.codex\visualizations\2026\10\02\01a0fd16-9489-7e50-a7b6-a1178fd92bf1\ppg_audit\evidence\mutation_results_A.json,孤立参考模块内部审阅完成；C01 §8禁止纳入正式Top，处置未定属已知事项，未授予芯片集成资格,完成
A,rtl/ppg_timing_sar9/ppg_timing_sar9.v,CDC条件与消费者,,完成,C:\Users\DAWN\.codex\visualizations\2026\10\02\01a0fd16-9489-7e50-a7b6-a1178fd92bf1\ppg_audit\evidence\skill_analysis_A.json;C:\Users\DAWN\.codex\visualizations\2026\10\02\01a0fd16-9489-7e50-a7b6-a1178fd92bf1\ppg_audit\evidence\mutation_results_A.json,孤立参考模块内部审阅完成；C01 §8禁止纳入正式Top，处置未定属已知事项，未授予芯片集成资格,完成
A,rtl/ppg_timing_sar9/ppg_timing_sar9.v,可综合结构/组合环,,完成,C:\Users\DAWN\.codex\visualizations\2026\10\02\01a0fd16-9489-7e50-a7b6-a1178fd92bf1\ppg_audit\evidence\skill_analysis_A.json;C:\Users\DAWN\.codex\visualizations\2026\10\02\01a0fd16-9489-7e50-a7b6-a1178fd92bf1\ppg_audit\evidence\mutation_results_A.json,孤立参考模块内部审阅完成；C01 §8禁止纳入正式Top，处置未定属已知事项，未授予芯片集成资格,完成
A,rtl/ppg_timing_sar9/ppg_timing_sar9.v,注释与代码一致,,完成,C:\Users\DAWN\.codex\visualizations\2026\10\02\01a0fd16-9489-7e50-a7b6-a1178fd92bf1\ppg_audit\evidence\skill_analysis_A.json;C:\Users\DAWN\.codex\visualizations\2026\10\02\01a0fd16-9489-7e50-a7b6-a1178fd92bf1\ppg_audit\evidence\mutation_results_A.json,孤立参考模块内部审阅完成；C01 §8禁止纳入正式Top，处置未定属已知事项，未授予芯片集成资格,完成
A,rtl/ppg_timing_sar9/ppg_timing_sar9.v,工具compile/AST/lint/gate,,完成,C:\Users\DAWN\.codex\visualizations\2026\10\02\01a0fd16-9489-7e50-a7b6-a1178fd92bf1\ppg_audit\evidence\skill_analysis_A.json;C:\Users\DAWN\.codex\visualizations\2026\10\02\01a0fd16-9489-7e50-a7b6-a1178fd92bf1\ppg_audit\evidence\mutation_results_A.json,孤立参考模块内部审阅完成；C01 §8禁止纳入正式Top，处置未定属已知事项，未授予芯片集成资格,完成
A,rtl/ppg_control_top/tb_ppg_control_top_robustness_corner_waveforms.v,真实比较与FAIL判据,,完成,C:\Users\DAWN\.codex\visualizations\2026\10\02\01a0fd16-9489-7e50-a7b6-a1178fd92bf1\ppg_audit\PPG_FULL_REVIEW_20261002.md;C:\Users\DAWN\.codex\visualizations\2026\10\02\01a0fd16-9489-7e50-a7b6-a1178fd92bf1\ppg_audit\evidence\long_monitor_negatives_A.json;C:\Users\DAWN\.codex\visualizations\2026\10\02\01a0fd16-9489-7e50-a7b6-a1178fd92bf1\ppg_audit\evidence\closure_skill_20261004\top_24_semantic.json;C:\Users\DAWN\.codex\visualizations\2026\10\02\01a0fd16-9489-7e50-a7b6-a1178fd92bf1\ppg_audit\evidence\global_closure_20261004\A_remaining_family_adjudication.json,所列静态比较/驱动/时限/终判/路径及各ID语义已审；原最小监视器A/B不冒充完整DUT变异。完整原长回归仍运行或排队，终态未核对。,部分
A,rtl/ppg_control_top/tb_ppg_control_top_robustness_corner_waveforms.v,变异抽查,,完成,C:\Users\DAWN\.codex\visualizations\2026\10\02\01a0fd16-9489-7e50-a7b6-a1178fd92bf1\ppg_audit\PPG_FULL_REVIEW_20261002.md;C:\Users\DAWN\.codex\visualizations\2026\10\02\01a0fd16-9489-7e50-a7b6-a1178fd92bf1\ppg_audit\evidence\long_monitor_negatives_A.json;C:\Users\DAWN\.codex\visualizations\2026\10\02\01a0fd16-9489-7e50-a7b6-a1178fd92bf1\ppg_audit\evidence\closure_skill_20261004\top_24_semantic.json;C:\Users\DAWN\.codex\visualizations\2026\10\02\01a0fd16-9489-7e50-a7b6-a1178fd92bf1\ppg_audit\evidence\global_closure_20261004\A_remaining_family_adjudication.json,所列静态比较/驱动/时限/终判/路径及各ID语义已审；原最小监视器A/B不冒充完整DUT变异。完整原长回归仍运行或排队，终态未核对。,部分
A,rtl/ppg_control_top/tb_ppg_control_top_robustness_corner_waveforms.v,验收ID激励/执行计数/覆盖语义,,完成,C:\Users\DAWN\.codex\visualizations\2026\10\02\01a0fd16-9489-7e50-a7b6-a1178fd92bf1\ppg_audit\PPG_FULL_REVIEW_20261002.md;C:\Users\DAWN\.codex\visualizations\2026\10\02\01a0fd16-9489-7e50-a7b6-a1178fd92bf1\ppg_audit\evidence\long_monitor_negatives_A.json;C:\Users\DAWN\.codex\visualizations\2026\10\02\01a0fd16-9489-7e50-a7b6-a1178fd92bf1\ppg_audit\evidence\closure_skill_20261004\top_24_semantic.json;C:\Users\DAWN\.codex\visualizations\2026\10\02\01a0fd16-9489-7e50-a7b6-a1178fd92bf1\ppg_audit\evidence\global_closure_20261004\A_remaining_family_adjudication.json,所列静态比较/驱动/时限/终判/路径及各ID语义已审；原最小监视器A/B不冒充完整DUT变异。完整原长回归仍运行或排队，终态未核对。,部分
A,rtl/ppg_control_top/tb_ppg_control_top_robustness_corner_waveforms.v,输入驱动/注入参数,,完成,C:\Users\DAWN\.codex\visualizations\2026\10\02\01a0fd16-9489-7e50-a7b6-a1178fd92bf1\ppg_audit\PPG_FULL_REVIEW_20261002.md;C:\Users\DAWN\.codex\visualizations\2026\10\02\01a0fd16-9489-7e50-a7b6-a1178fd92bf1\ppg_audit\evidence\long_monitor_negatives_A.json;C:\Users\DAWN\.codex\visualizations\2026\10\02\01a0fd16-9489-7e50-a7b6-a1178fd92bf1\ppg_audit\evidence\closure_skill_20261004\top_24_semantic.json;C:\Users\DAWN\.codex\visualizations\2026\10\02\01a0fd16-9489-7e50-a7b6-a1178fd92bf1\ppg_audit\evidence\global_closure_20261004\A_remaining_family_adjudication.json,所列静态比较/驱动/时限/终判/路径及各ID语义已审；原最小监视器A/B不冒充完整DUT变异。完整原长回归仍运行或排队，终态未核对。,部分
A,rtl/ppg_control_top/tb_ppg_control_top_robustness_corner_waveforms.v,超时/结束/容差,,完成,C:\Users\DAWN\.codex\visualizations\2026\10\02\01a0fd16-9489-7e50-a7b6-a1178fd92bf1\ppg_audit\PPG_FULL_REVIEW_20261002.md;C:\Users\DAWN\.codex\visualizations\2026\10\02\01a0fd16-9489-7e50-a7b6-a1178fd92bf1\ppg_audit\evidence\long_monitor_negatives_A.json;C:\Users\DAWN\.codex\visualizations\2026\10\02\01a0fd16-9489-7e50-a7b6-a1178fd92bf1\ppg_audit\evidence\closure_skill_20261004\top_24_semantic.json;C:\Users\DAWN\.codex\visualizations\2026\10\02\01a0fd16-9489-7e50-a7b6-a1178fd92bf1\ppg_audit\evidence\global_closure_20261004\A_remaining_family_adjudication.json,所列静态比较/驱动/时限/终判/路径及各ID语义已审；原最小监视器A/B不冒充完整DUT变异。完整原长回归仍运行或排队，终态未核对。,部分
A,rtl/ppg_control_top/tb_ppg_control_top_robustness_corner_waveforms.v,路径/参数硬编码,,完成,C:\Users\DAWN\.codex\visualizations\2026\10\02\01a0fd16-9489-7e50-a7b6-a1178fd92bf1\ppg_audit\PPG_FULL_REVIEW_20261002.md;C:\Users\DAWN\.codex\visualizations\2026\10\02\01a0fd16-9489-7e50-a7b6-a1178fd92bf1\ppg_audit\evidence\long_monitor_negatives_A.json;C:\Users\DAWN\.codex\visualizations\2026\10\02\01a0fd16-9489-7e50-a7b6-a1178fd92bf1\ppg_audit\evidence\closure_skill_20261004\top_24_semantic.json;C:\Users\DAWN\.codex\visualizations\2026\10\02\01a0fd16-9489-7e50-a7b6-a1178fd92bf1\ppg_audit\evidence\global_closure_20261004\A_remaining_family_adjudication.json,所列静态比较/驱动/时限/终判/路径及各ID语义已审；原最小监视器A/B不冒充完整DUT变异。完整原长回归仍运行或排队，终态未核对。,部分
A,rtl/ppg_control_top/tb_ppg_control_top_robustness_corner_waveforms.v,运行日志/入口脚本判据,,部分,C:\Users\DAWN\.codex\visualizations\2026\10\02\01a0fd16-9489-7e50-a7b6-a1178fd92bf1\ppg_audit\PPG_FULL_REVIEW_20261002.md;C:\Users\DAWN\.codex\visualizations\2026\10\02\01a0fd16-9489-7e50-a7b6-a1178fd92bf1\ppg_audit\evidence\long_monitor_negatives_A.json;C:\Users\DAWN\.codex\visualizations\2026\10\02\01a0fd16-9489-7e50-a7b6-a1178fd92bf1\ppg_audit\evidence\closure_skill_20261004\top_24_semantic.json;C:\Users\DAWN\.codex\visualizations\2026\10\02\01a0fd16-9489-7e50-a7b6-a1178fd92bf1\ppg_audit\evidence\global_closure_20261004\A_remaining_family_adjudication.json,所列静态比较/驱动/时限/终判/路径及各ID语义已审；原最小监视器A/B不冒充完整DUT变异。完整原长回归仍运行或排队，终态未核对。,部分
A,rtl/ppg_control_top/tb_ppg_control_top_long_10_cycles.v,真实比较与FAIL判据,,完成,C:\Users\DAWN\.codex\visualizations\2026\10\02\01a0fd16-9489-7e50-a7b6-a1178fd92bf1\ppg_audit\PPG_FULL_REVIEW_20261002.md;C:\Users\DAWN\.codex\visualizations\2026\10\02\01a0fd16-9489-7e50-a7b6-a1178fd92bf1\ppg_audit\evidence\long_monitor_negatives_A.json;C:\Users\DAWN\.codex\visualizations\2026\10\02\01a0fd16-9489-7e50-a7b6-a1178fd92bf1\ppg_audit\evidence\closure_skill_20261004\top_24_semantic.json;C:\Users\DAWN\.codex\visualizations\2026\10\02\01a0fd16-9489-7e50-a7b6-a1178fd92bf1\ppg_audit\evidence\global_closure_20261004\A_remaining_family_adjudication.json,所列静态比较/驱动/时限/终判/路径及各ID语义已审；原最小监视器A/B不冒充完整DUT变异。完整原长回归仍运行或排队，终态未核对。,部分
A,rtl/ppg_control_top/tb_ppg_control_top_long_10_cycles.v,变异抽查,,完成,C:\Users\DAWN\.codex\visualizations\2026\10\02\01a0fd16-9489-7e50-a7b6-a1178fd92bf1\ppg_audit\PPG_FULL_REVIEW_20261002.md;C:\Users\DAWN\.codex\visualizations\2026\10\02\01a0fd16-9489-7e50-a7b6-a1178fd92bf1\ppg_audit\evidence\long_monitor_negatives_A.json;C:\Users\DAWN\.codex\visualizations\2026\10\02\01a0fd16-9489-7e50-a7b6-a1178fd92bf1\ppg_audit\evidence\closure_skill_20261004\top_24_semantic.json;C:\Users\DAWN\.codex\visualizations\2026\10\02\01a0fd16-9489-7e50-a7b6-a1178fd92bf1\ppg_audit\evidence\global_closure_20261004\A_remaining_family_adjudication.json,所列静态比较/驱动/时限/终判/路径及各ID语义已审；原最小监视器A/B不冒充完整DUT变异。完整原长回归仍运行或排队，终态未核对。,部分
A,rtl/ppg_control_top/tb_ppg_control_top_long_10_cycles.v,验收ID激励/执行计数/覆盖语义,,完成,C:\Users\DAWN\.codex\visualizations\2026\10\02\01a0fd16-9489-7e50-a7b6-a1178fd92bf1\ppg_audit\PPG_FULL_REVIEW_20261002.md;C:\Users\DAWN\.codex\visualizations\2026\10\02\01a0fd16-9489-7e50-a7b6-a1178fd92bf1\ppg_audit\evidence\long_monitor_negatives_A.json;C:\Users\DAWN\.codex\visualizations\2026\10\02\01a0fd16-9489-7e50-a7b6-a1178fd92bf1\ppg_audit\evidence\closure_skill_20261004\top_24_semantic.json;C:\Users\DAWN\.codex\visualizations\2026\10\02\01a0fd16-9489-7e50-a7b6-a1178fd92bf1\ppg_audit\evidence\global_closure_20261004\A_remaining_family_adjudication.json,所列静态比较/驱动/时限/终判/路径及各ID语义已审；原最小监视器A/B不冒充完整DUT变异。完整原长回归仍运行或排队，终态未核对。,部分
A,rtl/ppg_control_top/tb_ppg_control_top_long_10_cycles.v,输入驱动/注入参数,,完成,C:\Users\DAWN\.codex\visualizations\2026\10\02\01a0fd16-9489-7e50-a7b6-a1178fd92bf1\ppg_audit\PPG_FULL_REVIEW_20261002.md;C:\Users\DAWN\.codex\visualizations\2026\10\02\01a0fd16-9489-7e50-a7b6-a1178fd92bf1\ppg_audit\evidence\long_monitor_negatives_A.json;C:\Users\DAWN\.codex\visualizations\2026\10\02\01a0fd16-9489-7e50-a7b6-a1178fd92bf1\ppg_audit\evidence\closure_skill_20261004\top_24_semantic.json;C:\Users\DAWN\.codex\visualizations\2026\10\02\01a0fd16-9489-7e50-a7b6-a1178fd92bf1\ppg_audit\evidence\global_closure_20261004\A_remaining_family_adjudication.json,所列静态比较/驱动/时限/终判/路径及各ID语义已审；原最小监视器A/B不冒充完整DUT变异。完整原长回归仍运行或排队，终态未核对。,部分
A,rtl/ppg_control_top/tb_ppg_control_top_long_10_cycles.v,超时/结束/容差,,完成,C:\Users\DAWN\.codex\visualizations\2026\10\02\01a0fd16-9489-7e50-a7b6-a1178fd92bf1\ppg_audit\PPG_FULL_REVIEW_20261002.md;C:\Users\DAWN\.codex\visualizations\2026\10\02\01a0fd16-9489-7e50-a7b6-a1178fd92bf1\ppg_audit\evidence\long_monitor_negatives_A.json;C:\Users\DAWN\.codex\visualizations\2026\10\02\01a0fd16-9489-7e50-a7b6-a1178fd92bf1\ppg_audit\evidence\closure_skill_20261004\top_24_semantic.json;C:\Users\DAWN\.codex\visualizations\2026\10\02\01a0fd16-9489-7e50-a7b6-a1178fd92bf1\ppg_audit\evidence\global_closure_20261004\A_remaining_family_adjudication.json,所列静态比较/驱动/时限/终判/路径及各ID语义已审；原最小监视器A/B不冒充完整DUT变异。完整原长回归仍运行或排队，终态未核对。,部分
A,rtl/ppg_control_top/tb_ppg_control_top_long_10_cycles.v,路径/参数硬编码,,完成,C:\Users\DAWN\.codex\visualizations\2026\10\02\01a0fd16-9489-7e50-a7b6-a1178fd92bf1\ppg_audit\PPG_FULL_REVIEW_20261002.md;C:\Users\DAWN\.codex\visualizations\2026\10\02\01a0fd16-9489-7e50-a7b6-a1178fd92bf1\ppg_audit\evidence\long_monitor_negatives_A.json;C:\Users\DAWN\.codex\visualizations\2026\10\02\01a0fd16-9489-7e50-a7b6-a1178fd92bf1\ppg_audit\evidence\closure_skill_20261004\top_24_semantic.json;C:\Users\DAWN\.codex\visualizations\2026\10\02\01a0fd16-9489-7e50-a7b6-a1178fd92bf1\ppg_audit\evidence\global_closure_20261004\A_remaining_family_adjudication.json,所列静态比较/驱动/时限/终判/路径及各ID语义已审；原最小监视器A/B不冒充完整DUT变异。完整原长回归仍运行或排队，终态未核对。,部分
A,rtl/ppg_control_top/tb_ppg_control_top_long_10_cycles.v,运行日志/入口脚本判据,,部分,C:\Users\DAWN\.codex\visualizations\2026\10\02\01a0fd16-9489-7e50-a7b6-a1178fd92bf1\ppg_audit\PPG_FULL_REVIEW_20261002.md;C:\Users\DAWN\.codex\visualizations\2026\10\02\01a0fd16-9489-7e50-a7b6-a1178fd92bf1\ppg_audit\evidence\long_monitor_negatives_A.json;C:\Users\DAWN\.codex\visualizations\2026\10\02\01a0fd16-9489-7e50-a7b6-a1178fd92bf1\ppg_audit\evidence\closure_skill_20261004\top_24_semantic.json;C:\Users\DAWN\.codex\visualizations\2026\10\02\01a0fd16-9489-7e50-a7b6-a1178fd92bf1\ppg_audit\evidence\global_closure_20261004\A_remaining_family_adjudication.json,所列静态比较/驱动/时限/终判/路径及各ID语义已审；原最小监视器A/B不冒充完整DUT变异。完整原长回归仍运行或排队，终态未核对。,部分
A,rtl/ppg_control_top/tb_ppg_control_top_longrun.v,真实比较与FAIL判据,,完成,C:\Users\DAWN\.codex\visualizations\2026\10\02\01a0fd16-9489-7e50-a7b6-a1178fd92bf1\ppg_audit\PPG_FULL_REVIEW_20261002.md;C:\Users\DAWN\.codex\visualizations\2026\10\02\01a0fd16-9489-7e50-a7b6-a1178fd92bf1\ppg_audit\evidence\long_monitor_negatives_A.json;C:\Users\DAWN\.codex\visualizations\2026\10\02\01a0fd16-9489-7e50-a7b6-a1178fd92bf1\ppg_audit\evidence\closure_skill_20261004\top_24_semantic.json;C:\Users\DAWN\.codex\visualizations\2026\10\02\01a0fd16-9489-7e50-a7b6-a1178fd92bf1\ppg_audit\evidence\global_closure_20261004\A_remaining_family_adjudication.json,所列静态比较/驱动/时限/终判/路径及各ID语义已审；原最小监视器A/B不冒充完整DUT变异。完整原长回归仍运行或排队，终态未核对。,部分
A,rtl/ppg_control_top/tb_ppg_control_top_longrun.v,变异抽查,,完成,C:\Users\DAWN\.codex\visualizations\2026\10\02\01a0fd16-9489-7e50-a7b6-a1178fd92bf1\ppg_audit\PPG_FULL_REVIEW_20261002.md;C:\Users\DAWN\.codex\visualizations\2026\10\02\01a0fd16-9489-7e50-a7b6-a1178fd92bf1\ppg_audit\evidence\long_monitor_negatives_A.json;C:\Users\DAWN\.codex\visualizations\2026\10\02\01a0fd16-9489-7e50-a7b6-a1178fd92bf1\ppg_audit\evidence\closure_skill_20261004\top_24_semantic.json;C:\Users\DAWN\.codex\visualizations\2026\10\02\01a0fd16-9489-7e50-a7b6-a1178fd92bf1\ppg_audit\evidence\global_closure_20261004\A_remaining_family_adjudication.json,所列静态比较/驱动/时限/终判/路径及各ID语义已审；原最小监视器A/B不冒充完整DUT变异。完整原长回归仍运行或排队，终态未核对。,部分
A,rtl/ppg_control_top/tb_ppg_control_top_longrun.v,验收ID激励/执行计数/覆盖语义,,完成,C:\Users\DAWN\.codex\visualizations\2026\10\02\01a0fd16-9489-7e50-a7b6-a1178fd92bf1\ppg_audit\PPG_FULL_REVIEW_20261002.md;C:\Users\DAWN\.codex\visualizations\2026\10\02\01a0fd16-9489-7e50-a7b6-a1178fd92bf1\ppg_audit\evidence\long_monitor_negatives_A.json;C:\Users\DAWN\.codex\visualizations\2026\10\02\01a0fd16-9489-7e50-a7b6-a1178fd92bf1\ppg_audit\evidence\closure_skill_20261004\top_24_semantic.json;C:\Users\DAWN\.codex\visualizations\2026\10\02\01a0fd16-9489-7e50-a7b6-a1178fd92bf1\ppg_audit\evidence\global_closure_20261004\A_remaining_family_adjudication.json,所列静态比较/驱动/时限/终判/路径及各ID语义已审；原最小监视器A/B不冒充完整DUT变异。完整原长回归仍运行或排队，终态未核对。,部分
A,rtl/ppg_control_top/tb_ppg_control_top_longrun.v,输入驱动/注入参数,,完成,C:\Users\DAWN\.codex\visualizations\2026\10\02\01a0fd16-9489-7e50-a7b6-a1178fd92bf1\ppg_audit\PPG_FULL_REVIEW_20261002.md;C:\Users\DAWN\.codex\visualizations\2026\10\02\01a0fd16-9489-7e50-a7b6-a1178fd92bf1\ppg_audit\evidence\long_monitor_negatives_A.json;C:\Users\DAWN\.codex\visualizations\2026\10\02\01a0fd16-9489-7e50-a7b6-a1178fd92bf1\ppg_audit\evidence\closure_skill_20261004\top_24_semantic.json;C:\Users\DAWN\.codex\visualizations\2026\10\02\01a0fd16-9489-7e50-a7b6-a1178fd92bf1\ppg_audit\evidence\global_closure_20261004\A_remaining_family_adjudication.json,所列静态比较/驱动/时限/终判/路径及各ID语义已审；原最小监视器A/B不冒充完整DUT变异。完整原长回归仍运行或排队，终态未核对。,部分
A,rtl/ppg_control_top/tb_ppg_control_top_longrun.v,超时/结束/容差,,完成,C:\Users\DAWN\.codex\visualizations\2026\10\02\01a0fd16-9489-7e50-a7b6-a1178fd92bf1\ppg_audit\PPG_FULL_REVIEW_20261002.md;C:\Users\DAWN\.codex\visualizations\2026\10\02\01a0fd16-9489-7e50-a7b6-a1178fd92bf1\ppg_audit\evidence\long_monitor_negatives_A.json;C:\Users\DAWN\.codex\visualizations\2026\10\02\01a0fd16-9489-7e50-a7b6-a1178fd92bf1\ppg_audit\evidence\closure_skill_20261004\top_24_semantic.json;C:\Users\DAWN\.codex\visualizations\2026\10\02\01a0fd16-9489-7e50-a7b6-a1178fd92bf1\ppg_audit\evidence\global_closure_20261004\A_remaining_family_adjudication.json,所列静态比较/驱动/时限/终判/路径及各ID语义已审；原最小监视器A/B不冒充完整DUT变异。完整原长回归仍运行或排队，终态未核对。,部分
A,rtl/ppg_control_top/tb_ppg_control_top_longrun.v,路径/参数硬编码,,完成,C:\Users\DAWN\.codex\visualizations\2026\10\02\01a0fd16-9489-7e50-a7b6-a1178fd92bf1\ppg_audit\PPG_FULL_REVIEW_20261002.md;C:\Users\DAWN\.codex\visualizations\2026\10\02\01a0fd16-9489-7e50-a7b6-a1178fd92bf1\ppg_audit\evidence\long_monitor_negatives_A.json;C:\Users\DAWN\.codex\visualizations\2026\10\02\01a0fd16-9489-7e50-a7b6-a1178fd92bf1\ppg_audit\evidence\closure_skill_20261004\top_24_semantic.json;C:\Users\DAWN\.codex\visualizations\2026\10\02\01a0fd16-9489-7e50-a7b6-a1178fd92bf1\ppg_audit\evidence\global_closure_20261004\A_remaining_family_adjudication.json,所列静态比较/驱动/时限/终判/路径及各ID语义已审；原最小监视器A/B不冒充完整DUT变异。完整原长回归仍运行或排队，终态未核对。,部分
A,rtl/ppg_control_top/tb_ppg_control_top_longrun.v,运行日志/入口脚本判据,,部分,C:\Users\DAWN\.codex\visualizations\2026\10\02\01a0fd16-9489-7e50-a7b6-a1178fd92bf1\ppg_audit\PPG_FULL_REVIEW_20261002.md;C:\Users\DAWN\.codex\visualizations\2026\10\02\01a0fd16-9489-7e50-a7b6-a1178fd92bf1\ppg_audit\evidence\long_monitor_negatives_A.json;C:\Users\DAWN\.codex\visualizations\2026\10\02\01a0fd16-9489-7e50-a7b6-a1178fd92bf1\ppg_audit\evidence\closure_skill_20261004\top_24_semantic.json;C:\Users\DAWN\.codex\visualizations\2026\10\02\01a0fd16-9489-7e50-a7b6-a1178fd92bf1\ppg_audit\evidence\global_closure_20261004\A_remaining_family_adjudication.json,所列静态比较/驱动/时限/终判/路径及各ID语义已审；原最小监视器A/B不冒充完整DUT变异。完整原长回归仍运行或排队，终态未核对。,部分
A,rtl/ppg_control_top/tb_ppg_control_top.v,真实比较与FAIL判据,,完成,C:\Users\DAWN\.codex\visualizations\2026\10\02\01a0fd16-9489-7e50-a7b6-a1178fd92bf1\ppg_audit\PPG_FULL_REVIEW_20261002.md;C:\Users\DAWN\.codex\visualizations\2026\10\02\01a0fd16-9489-7e50-a7b6-a1178fd92bf1\ppg_audit\evidence\long_monitor_negatives_A.json;C:\Users\DAWN\.codex\visualizations\2026\10\02\01a0fd16-9489-7e50-a7b6-a1178fd92bf1\ppg_audit\evidence\closure_skill_20261004\top_24_semantic.json;C:\Users\DAWN\.codex\visualizations\2026\10\02\01a0fd16-9489-7e50-a7b6-a1178fd92bf1\ppg_audit\evidence\global_closure_20261004\A_remaining_family_adjudication.json,所列静态比较/驱动/时限/终判/路径及各ID语义已审；原最小监视器A/B不冒充完整DUT变异。,完成
A,rtl/ppg_control_top/tb_ppg_control_top.v,变异抽查,,完成,C:\Users\DAWN\.codex\visualizations\2026\10\02\01a0fd16-9489-7e50-a7b6-a1178fd92bf1\ppg_audit\PPG_FULL_REVIEW_20261002.md;C:\Users\DAWN\.codex\visualizations\2026\10\02\01a0fd16-9489-7e50-a7b6-a1178fd92bf1\ppg_audit\evidence\long_monitor_negatives_A.json;C:\Users\DAWN\.codex\visualizations\2026\10\02\01a0fd16-9489-7e50-a7b6-a1178fd92bf1\ppg_audit\evidence\closure_skill_20261004\top_24_semantic.json;C:\Users\DAWN\.codex\visualizations\2026\10\02\01a0fd16-9489-7e50-a7b6-a1178fd92bf1\ppg_audit\evidence\global_closure_20261004\A_remaining_family_adjudication.json,所列静态比较/驱动/时限/终判/路径及各ID语义已审；原最小监视器A/B不冒充完整DUT变异。,完成
A,rtl/ppg_control_top/tb_ppg_control_top.v,验收ID激励/执行计数/覆盖语义,,完成,C:\Users\DAWN\.codex\visualizations\2026\10\02\01a0fd16-9489-7e50-a7b6-a1178fd92bf1\ppg_audit\PPG_FULL_REVIEW_20261002.md;C:\Users\DAWN\.codex\visualizations\2026\10\02\01a0fd16-9489-7e50-a7b6-a1178fd92bf1\ppg_audit\evidence\long_monitor_negatives_A.json;C:\Users\DAWN\.codex\visualizations\2026\10\02\01a0fd16-9489-7e50-a7b6-a1178fd92bf1\ppg_audit\evidence\closure_skill_20261004\top_24_semantic.json;C:\Users\DAWN\.codex\visualizations\2026\10\02\01a0fd16-9489-7e50-a7b6-a1178fd92bf1\ppg_audit\evidence\global_closure_20261004\A_remaining_family_adjudication.json,所列静态比较/驱动/时限/终判/路径及各ID语义已审；原最小监视器A/B不冒充完整DUT变异。,完成
A,rtl/ppg_control_top/tb_ppg_control_top.v,输入驱动/注入参数,,完成,C:\Users\DAWN\.codex\visualizations\2026\10\02\01a0fd16-9489-7e50-a7b6-a1178fd92bf1\ppg_audit\PPG_FULL_REVIEW_20261002.md;C:\Users\DAWN\.codex\visualizations\2026\10\02\01a0fd16-9489-7e50-a7b6-a1178fd92bf1\ppg_audit\evidence\long_monitor_negatives_A.json;C:\Users\DAWN\.codex\visualizations\2026\10\02\01a0fd16-9489-7e50-a7b6-a1178fd92bf1\ppg_audit\evidence\closure_skill_20261004\top_24_semantic.json;C:\Users\DAWN\.codex\visualizations\2026\10\02\01a0fd16-9489-7e50-a7b6-a1178fd92bf1\ppg_audit\evidence\global_closure_20261004\A_remaining_family_adjudication.json,所列静态比较/驱动/时限/终判/路径及各ID语义已审；原最小监视器A/B不冒充完整DUT变异。,完成
A,rtl/ppg_control_top/tb_ppg_control_top.v,超时/结束/容差,,完成,C:\Users\DAWN\.codex\visualizations\2026\10\02\01a0fd16-9489-7e50-a7b6-a1178fd92bf1\ppg_audit\PPG_FULL_REVIEW_20261002.md;C:\Users\DAWN\.codex\visualizations\2026\10\02\01a0fd16-9489-7e50-a7b6-a1178fd92bf1\ppg_audit\evidence\long_monitor_negatives_A.json;C:\Users\DAWN\.codex\visualizations\2026\10\02\01a0fd16-9489-7e50-a7b6-a1178fd92bf1\ppg_audit\evidence\closure_skill_20261004\top_24_semantic.json;C:\Users\DAWN\.codex\visualizations\2026\10\02\01a0fd16-9489-7e50-a7b6-a1178fd92bf1\ppg_audit\evidence\global_closure_20261004\A_remaining_family_adjudication.json,所列静态比较/驱动/时限/终判/路径及各ID语义已审；原最小监视器A/B不冒充完整DUT变异。,完成
A,rtl/ppg_control_top/tb_ppg_control_top.v,路径/参数硬编码,,完成,C:\Users\DAWN\.codex\visualizations\2026\10\02\01a0fd16-9489-7e50-a7b6-a1178fd92bf1\ppg_audit\PPG_FULL_REVIEW_20261002.md;C:\Users\DAWN\.codex\visualizations\2026\10\02\01a0fd16-9489-7e50-a7b6-a1178fd92bf1\ppg_audit\evidence\long_monitor_negatives_A.json;C:\Users\DAWN\.codex\visualizations\2026\10\02\01a0fd16-9489-7e50-a7b6-a1178fd92bf1\ppg_audit\evidence\closure_skill_20261004\top_24_semantic.json;C:\Users\DAWN\.codex\visualizations\2026\10\02\01a0fd16-9489-7e50-a7b6-a1178fd92bf1\ppg_audit\evidence\global_closure_20261004\A_remaining_family_adjudication.json,所列静态比较/驱动/时限/终判/路径及各ID语义已审；原最小监视器A/B不冒充完整DUT变异。,完成
A,rtl/ppg_control_top/tb_ppg_control_top.v,运行日志/入口脚本判据,,完成,C:\Users\DAWN\.codex\visualizations\2026\10\02\01a0fd16-9489-7e50-a7b6-a1178fd92bf1\ppg_audit\PPG_FULL_REVIEW_20261002.md;C:\Users\DAWN\.codex\visualizations\2026\10\02\01a0fd16-9489-7e50-a7b6-a1178fd92bf1\ppg_audit\evidence\long_monitor_negatives_A.json;C:\Users\DAWN\.codex\visualizations\2026\10\02\01a0fd16-9489-7e50-a7b6-a1178fd92bf1\ppg_audit\evidence\closure_skill_20261004\top_24_semantic.json;C:\Users\DAWN\.codex\visualizations\2026\10\02\01a0fd16-9489-7e50-a7b6-a1178fd92bf1\ppg_audit\evidence\global_closure_20261004\A_remaining_family_adjudication.json,所列静态比较/驱动/时限/终判/路径及各ID语义已审；原最小监视器A/B不冒充完整DUT变异。,完成
A,rtl/ppg_control_top/tb_diag_algo_probe.v,真实比较与FAIL判据,,完成,C:\Users\DAWN\.codex\visualizations\2026\10\02\01a0fd16-9489-7e50-a7b6-a1178fd92bf1\ppg_audit\PPG_FULL_REVIEW_20261002.md;C:\Users\DAWN\.codex\visualizations\2026\10\02\01a0fd16-9489-7e50-a7b6-a1178fd92bf1\ppg_audit\evidence\long_monitor_negatives_A.json;C:\Users\DAWN\.codex\visualizations\2026\10\02\01a0fd16-9489-7e50-a7b6-a1178fd92bf1\ppg_audit\evidence\closure_skill_20261004\top_24_semantic.json;C:\Users\DAWN\.codex\visualizations\2026\10\02\01a0fd16-9489-7e50-a7b6-a1178fd92bf1\ppg_audit\evidence\global_closure_20261004\A_remaining_family_adjudication.json,所列静态比较/驱动/时限/终判/路径及各ID语义已审；原最小监视器A/B不冒充完整DUT变异。,完成
A,rtl/ppg_control_top/tb_diag_algo_probe.v,变异抽查,,完成,C:\Users\DAWN\.codex\visualizations\2026\10\02\01a0fd16-9489-7e50-a7b6-a1178fd92bf1\ppg_audit\PPG_FULL_REVIEW_20261002.md;C:\Users\DAWN\.codex\visualizations\2026\10\02\01a0fd16-9489-7e50-a7b6-a1178fd92bf1\ppg_audit\evidence\long_monitor_negatives_A.json;C:\Users\DAWN\.codex\visualizations\2026\10\02\01a0fd16-9489-7e50-a7b6-a1178fd92bf1\ppg_audit\evidence\closure_skill_20261004\top_24_semantic.json;C:\Users\DAWN\.codex\visualizations\2026\10\02\01a0fd16-9489-7e50-a7b6-a1178fd92bf1\ppg_audit\evidence\global_closure_20261004\A_remaining_family_adjudication.json,所列静态比较/驱动/时限/终判/路径及各ID语义已审；原最小监视器A/B不冒充完整DUT变异。,完成
A,rtl/ppg_control_top/tb_diag_algo_probe.v,验收ID激励/执行计数/覆盖语义,,完成,C:\Users\DAWN\.codex\visualizations\2026\10\02\01a0fd16-9489-7e50-a7b6-a1178fd92bf1\ppg_audit\PPG_FULL_REVIEW_20261002.md;C:\Users\DAWN\.codex\visualizations\2026\10\02\01a0fd16-9489-7e50-a7b6-a1178fd92bf1\ppg_audit\evidence\long_monitor_negatives_A.json;C:\Users\DAWN\.codex\visualizations\2026\10\02\01a0fd16-9489-7e50-a7b6-a1178fd92bf1\ppg_audit\evidence\closure_skill_20261004\top_24_semantic.json;C:\Users\DAWN\.codex\visualizations\2026\10\02\01a0fd16-9489-7e50-a7b6-a1178fd92bf1\ppg_audit\evidence\global_closure_20261004\A_remaining_family_adjudication.json,所列静态比较/驱动/时限/终判/路径及各ID语义已审；原最小监视器A/B不冒充完整DUT变异。,完成
A,rtl/ppg_control_top/tb_diag_algo_probe.v,输入驱动/注入参数,,完成,C:\Users\DAWN\.codex\visualizations\2026\10\02\01a0fd16-9489-7e50-a7b6-a1178fd92bf1\ppg_audit\PPG_FULL_REVIEW_20261002.md;C:\Users\DAWN\.codex\visualizations\2026\10\02\01a0fd16-9489-7e50-a7b6-a1178fd92bf1\ppg_audit\evidence\long_monitor_negatives_A.json;C:\Users\DAWN\.codex\visualizations\2026\10\02\01a0fd16-9489-7e50-a7b6-a1178fd92bf1\ppg_audit\evidence\closure_skill_20261004\top_24_semantic.json;C:\Users\DAWN\.codex\visualizations\2026\10\02\01a0fd16-9489-7e50-a7b6-a1178fd92bf1\ppg_audit\evidence\global_closure_20261004\A_remaining_family_adjudication.json,所列静态比较/驱动/时限/终判/路径及各ID语义已审；原最小监视器A/B不冒充完整DUT变异。,完成
A,rtl/ppg_control_top/tb_diag_algo_probe.v,超时/结束/容差,,完成,C:\Users\DAWN\.codex\visualizations\2026\10\02\01a0fd16-9489-7e50-a7b6-a1178fd92bf1\ppg_audit\PPG_FULL_REVIEW_20261002.md;C:\Users\DAWN\.codex\visualizations\2026\10\02\01a0fd16-9489-7e50-a7b6-a1178fd92bf1\ppg_audit\evidence\long_monitor_negatives_A.json;C:\Users\DAWN\.codex\visualizations\2026\10\02\01a0fd16-9489-7e50-a7b6-a1178fd92bf1\ppg_audit\evidence\closure_skill_20261004\top_24_semantic.json;C:\Users\DAWN\.codex\visualizations\2026\10\02\01a0fd16-9489-7e50-a7b6-a1178fd92bf1\ppg_audit\evidence\global_closure_20261004\A_remaining_family_adjudication.json,所列静态比较/驱动/时限/终判/路径及各ID语义已审；原最小监视器A/B不冒充完整DUT变异。,完成
A,rtl/ppg_control_top/tb_diag_algo_probe.v,路径/参数硬编码,,完成,C:\Users\DAWN\.codex\visualizations\2026\10\02\01a0fd16-9489-7e50-a7b6-a1178fd92bf1\ppg_audit\PPG_FULL_REVIEW_20261002.md;C:\Users\DAWN\.codex\visualizations\2026\10\02\01a0fd16-9489-7e50-a7b6-a1178fd92bf1\ppg_audit\evidence\long_monitor_negatives_A.json;C:\Users\DAWN\.codex\visualizations\2026\10\02\01a0fd16-9489-7e50-a7b6-a1178fd92bf1\ppg_audit\evidence\closure_skill_20261004\top_24_semantic.json;C:\Users\DAWN\.codex\visualizations\2026\10\02\01a0fd16-9489-7e50-a7b6-a1178fd92bf1\ppg_audit\evidence\global_closure_20261004\A_remaining_family_adjudication.json,所列静态比较/驱动/时限/终判/路径及各ID语义已审；原最小监视器A/B不冒充完整DUT变异。,完成
A,rtl/ppg_control_top/tb_diag_algo_probe.v,运行日志/入口脚本判据,,完成,C:\Users\DAWN\.codex\visualizations\2026\10\02\01a0fd16-9489-7e50-a7b6-a1178fd92bf1\ppg_audit\PPG_FULL_REVIEW_20261002.md;C:\Users\DAWN\.codex\visualizations\2026\10\02\01a0fd16-9489-7e50-a7b6-a1178fd92bf1\ppg_audit\evidence\long_monitor_negatives_A.json;C:\Users\DAWN\.codex\visualizations\2026\10\02\01a0fd16-9489-7e50-a7b6-a1178fd92bf1\ppg_audit\evidence\closure_skill_20261004\top_24_semantic.json;C:\Users\DAWN\.codex\visualizations\2026\10\02\01a0fd16-9489-7e50-a7b6-a1178fd92bf1\ppg_audit\evidence\global_closure_20261004\A_remaining_family_adjudication.json,所列静态比较/驱动/时限/终判/路径及各ID语义已审；原最小监视器A/B不冒充完整DUT变异。,完成
A,rtl/ppg_control_top/ppg_control_top.v,端口与合同名称/方向/宽度/符号/语义,,完成,C:\Users\DAWN\.codex\visualizations\2026\10\02\01a0fd16-9489-7e50-a7b6-a1178fd92bf1\ppg_audit\evidence\closure_skill_20261004\top_24_semantic.json;C:\Users\DAWN\.codex\visualizations\2026\10\02\01a0fd16-9489-7e50-a7b6-a1178fd92bf1\ppg_audit\evidence\closure_skill_20261004\top_ports_165.csv,Top六always复位/注册merge、两source CDC边界、物理idle已同步前提及五同源消费者逐跳核对；有限工具不等于ASIC CDC签核。,完成
A,rtl/ppg_control_top/ppg_control_top.v,寄存器复位与释放,,完成,C:\Users\DAWN\.codex\visualizations\2026\10\02\01a0fd16-9489-7e50-a7b6-a1178fd92bf1\ppg_audit\evidence\closure_skill_20261004\top_24_semantic.json;C:\Users\DAWN\.codex\visualizations\2026\10\02\01a0fd16-9489-7e50-a7b6-a1178fd92bf1\ppg_audit\evidence\closure_skill_20261004\top_ports_165.csv,Top六always复位/注册merge、两source CDC边界、物理idle已同步前提及五同源消费者逐跳核对；有限工具不等于ASIC CDC签核。,完成
A,rtl/ppg_control_top/ppg_control_top.v,FSM可达/非法恢复/锁存/死锁,,完成,C:\Users\DAWN\.codex\visualizations\2026\10\02\01a0fd16-9489-7e50-a7b6-a1178fd92bf1\ppg_audit\evidence\closure_skill_20261004\top_24_semantic.json;C:\Users\DAWN\.codex\visualizations\2026\10\02\01a0fd16-9489-7e50-a7b6-a1178fd92bf1\ppg_audit\evidence\closure_skill_20261004\top_ports_165.csv,Top六always复位/注册merge、两source CDC边界、物理idle已同步前提及五同源消费者逐跳核对；有限工具不等于ASIC CDC签核。,完成
A,rtl/ppg_control_top/ppg_control_top.v,握手稳定/优先级/在途释放,,完成,C:\Users\DAWN\.codex\visualizations\2026\10\02\01a0fd16-9489-7e50-a7b6-a1178fd92bf1\ppg_audit\evidence\closure_skill_20261004\top_24_semantic.json;C:\Users\DAWN\.codex\visualizations\2026\10\02\01a0fd16-9489-7e50-a7b6-a1178fd92bf1\ppg_audit\evidence\closure_skill_20261004\top_ports_165.csv,Top六always复位/注册merge、两source CDC边界、物理idle已同步前提及五同源消费者逐跳核对；有限工具不等于ASIC CDC签核。,完成
A,rtl/ppg_control_top/ppg_control_top.v,运算符号/位宽/舍入/饱和,,完成,C:\Users\DAWN\.codex\visualizations\2026\10\02\01a0fd16-9489-7e50-a7b6-a1178fd92bf1\ppg_audit\evidence\closure_skill_20261004\top_24_semantic.json;C:\Users\DAWN\.codex\visualizations\2026\10\02\01a0fd16-9489-7e50-a7b6-a1178fd92bf1\ppg_audit\evidence\closure_skill_20261004\top_ports_165.csv,Top六always复位/注册merge、两source CDC边界、物理idle已同步前提及五同源消费者逐跳核对；有限工具不等于ASIC CDC签核。,完成
A,rtl/ppg_control_top/ppg_control_top.v,计数器边界/回绕,,完成,C:\Users\DAWN\.codex\visualizations\2026\10\02\01a0fd16-9489-7e50-a7b6-a1178fd92bf1\ppg_audit\evidence\closure_skill_20261004\top_24_semantic.json;C:\Users\DAWN\.codex\visualizations\2026\10\02\01a0fd16-9489-7e50-a7b6-a1178fd92bf1\ppg_audit\evidence\closure_skill_20261004\top_ports_165.csv,Top六always复位/注册merge、两source CDC边界、物理idle已同步前提及五同源消费者逐跳核对；有限工具不等于ASIC CDC签核。,完成
A,rtl/ppg_control_top/ppg_control_top.v,CDC条件与消费者,,完成,C:\Users\DAWN\.codex\visualizations\2026\10\02\01a0fd16-9489-7e50-a7b6-a1178fd92bf1\ppg_audit\evidence\closure_skill_20261004\top_24_semantic.json;C:\Users\DAWN\.codex\visualizations\2026\10\02\01a0fd16-9489-7e50-a7b6-a1178fd92bf1\ppg_audit\evidence\closure_skill_20261004\top_ports_165.csv,Top六always复位/注册merge、两source CDC边界、物理idle已同步前提及五同源消费者逐跳核对；有限工具不等于ASIC CDC签核。,完成
A,rtl/ppg_control_top/ppg_control_top.v,可综合结构/组合环,,完成,C:\Users\DAWN\.codex\visualizations\2026\10\02\01a0fd16-9489-7e50-a7b6-a1178fd92bf1\ppg_audit\evidence\closure_skill_20261004\top_24_semantic.json;C:\Users\DAWN\.codex\visualizations\2026\10\02\01a0fd16-9489-7e50-a7b6-a1178fd92bf1\ppg_audit\evidence\closure_skill_20261004\top_ports_165.csv,Top六always复位/注册merge、两source CDC边界、物理idle已同步前提及五同源消费者逐跳核对；有限工具不等于ASIC CDC签核。,完成
A,rtl/ppg_control_top/ppg_control_top.v,注释与代码一致,,完成,C:\Users\DAWN\.codex\visualizations\2026\10\02\01a0fd16-9489-7e50-a7b6-a1178fd92bf1\ppg_audit\evidence\closure_skill_20261004\top_24_semantic.json;C:\Users\DAWN\.codex\visualizations\2026\10\02\01a0fd16-9489-7e50-a7b6-a1178fd92bf1\ppg_audit\evidence\closure_skill_20261004\top_ports_165.csv,Top六always复位/注册merge、两source CDC边界、物理idle已同步前提及五同源消费者逐跳核对；有限工具不等于ASIC CDC签核。,完成
A,rtl/ppg_control_top/ppg_control_top.v,工具compile/AST/lint/gate,,完成,C:\Users\DAWN\.codex\visualizations\2026\10\02\01a0fd16-9489-7e50-a7b6-a1178fd92bf1\ppg_audit\evidence\closure_skill_20261004\top_24_semantic.json;C:\Users\DAWN\.codex\visualizations\2026\10\02\01a0fd16-9489-7e50-a7b6-a1178fd92bf1\ppg_audit\evidence\closure_skill_20261004\top_ports_165.csv,Top六always复位/注册merge、两source CDC边界、物理idle已同步前提及五同源消费者逐跳核对；有限工具不等于ASIC CDC签核。,完成
A,rtl/ppg_dual_precision_top/tb_ppg_dual_precision_top.v,真实比较与FAIL判据,,完成,C:\Users\DAWN\.codex\visualizations\2026\10\02\01a0fd16-9489-7e50-a7b6-a1178fd92bf1\ppg_audit\evidence\compile\tb_ppg_dual_precision_top\run.log;C:\Users\DAWN\.codex\visualizations\2026\10\02\01a0fd16-9489-7e50-a7b6-a1178fd92bf1\ppg_audit\evidence\mutation_results_A.json,已全文核对比较、驱动、时序、watchdog、终判及单点变异；不等于穷尽所有变异,完成
A,rtl/ppg_dual_precision_top/tb_ppg_dual_precision_top.v,变异抽查,,完成,C:\Users\DAWN\.codex\visualizations\2026\10\02\01a0fd16-9489-7e50-a7b6-a1178fd92bf1\ppg_audit\evidence\compile\tb_ppg_dual_precision_top\run.log;C:\Users\DAWN\.codex\visualizations\2026\10\02\01a0fd16-9489-7e50-a7b6-a1178fd92bf1\ppg_audit\evidence\mutation_results_A.json,已全文核对比较、驱动、时序、watchdog、终判及单点变异；不等于穷尽所有变异,完成
A,rtl/ppg_dual_precision_top/tb_ppg_dual_precision_top.v,验收ID激励/执行计数/覆盖语义,,完成,C:\Users\DAWN\.codex\visualizations\2026\10\02\01a0fd16-9489-7e50-a7b6-a1178fd92bf1\ppg_audit\evidence\compile\tb_ppg_dual_precision_top\run.log;C:\Users\DAWN\.codex\visualizations\2026\10\02\01a0fd16-9489-7e50-a7b6-a1178fd92bf1\ppg_audit\evidence\mutation_results_A.json,已全文核对比较、驱动、时序、watchdog、终判及单点变异；不等于穷尽所有变异,完成
A,rtl/ppg_dual_precision_top/tb_ppg_dual_precision_top.v,输入驱动/注入参数,,完成,C:\Users\DAWN\.codex\visualizations\2026\10\02\01a0fd16-9489-7e50-a7b6-a1178fd92bf1\ppg_audit\evidence\compile\tb_ppg_dual_precision_top\run.log;C:\Users\DAWN\.codex\visualizations\2026\10\02\01a0fd16-9489-7e50-a7b6-a1178fd92bf1\ppg_audit\evidence\mutation_results_A.json,已全文核对比较、驱动、时序、watchdog、终判及单点变异；不等于穷尽所有变异,完成
A,rtl/ppg_dual_precision_top/tb_ppg_dual_precision_top.v,超时/结束/容差,,完成,C:\Users\DAWN\.codex\visualizations\2026\10\02\01a0fd16-9489-7e50-a7b6-a1178fd92bf1\ppg_audit\evidence\compile\tb_ppg_dual_precision_top\run.log;C:\Users\DAWN\.codex\visualizations\2026\10\02\01a0fd16-9489-7e50-a7b6-a1178fd92bf1\ppg_audit\evidence\mutation_results_A.json,已全文核对比较、驱动、时序、watchdog、终判及单点变异；不等于穷尽所有变异,完成
A,rtl/ppg_dual_precision_top/tb_ppg_dual_precision_top.v,路径/参数硬编码,,完成,C:\Users\DAWN\.codex\visualizations\2026\10\02\01a0fd16-9489-7e50-a7b6-a1178fd92bf1\ppg_audit\evidence\compile\tb_ppg_dual_precision_top\run.log;C:\Users\DAWN\.codex\visualizations\2026\10\02\01a0fd16-9489-7e50-a7b6-a1178fd92bf1\ppg_audit\evidence\mutation_results_A.json,已全文核对比较、驱动、时序、watchdog、终判及单点变异；不等于穷尽所有变异,完成
A,rtl/ppg_dual_precision_top/tb_ppg_dual_precision_top.v,运行日志/入口脚本判据,,完成,C:\Users\DAWN\.codex\visualizations\2026\10\02\01a0fd16-9489-7e50-a7b6-a1178fd92bf1\ppg_audit\evidence\compile\tb_ppg_dual_precision_top\run.log;C:\Users\DAWN\.codex\visualizations\2026\10\02\01a0fd16-9489-7e50-a7b6-a1178fd92bf1\ppg_audit\evidence\mutation_results_A.json,已全文核对比较、驱动、时序、watchdog、终判及单点变异；不等于穷尽所有变异,完成
A,rtl/ppg_dual_precision_top/ppg_dual_precision_top.v,端口与合同名称/方向/宽度/符号/语义,,完成,C:\Users\DAWN\.codex\visualizations\2026\10\02\01a0fd16-9489-7e50-a7b6-a1178fd92bf1\ppg_audit\evidence\skill_analysis_A.json;C:\Users\DAWN\.codex\visualizations\2026\10\02\01a0fd16-9489-7e50-a7b6-a1178fd92bf1\ppg_audit\evidence\mutation_results_A.json,孤立参考模块内部审阅完成；C01 §8禁止纳入正式Top，处置未定属已知事项，未授予芯片集成资格,完成
A,rtl/ppg_dual_precision_top/ppg_dual_precision_top.v,寄存器复位与释放,,完成,C:\Users\DAWN\.codex\visualizations\2026\10\02\01a0fd16-9489-7e50-a7b6-a1178fd92bf1\ppg_audit\evidence\skill_analysis_A.json;C:\Users\DAWN\.codex\visualizations\2026\10\02\01a0fd16-9489-7e50-a7b6-a1178fd92bf1\ppg_audit\evidence\mutation_results_A.json,孤立参考模块内部审阅完成；C01 §8禁止纳入正式Top，处置未定属已知事项，未授予芯片集成资格,完成
A,rtl/ppg_dual_precision_top/ppg_dual_precision_top.v,FSM可达/非法恢复/锁存/死锁,,完成,C:\Users\DAWN\.codex\visualizations\2026\10\02\01a0fd16-9489-7e50-a7b6-a1178fd92bf1\ppg_audit\evidence\skill_analysis_A.json;C:\Users\DAWN\.codex\visualizations\2026\10\02\01a0fd16-9489-7e50-a7b6-a1178fd92bf1\ppg_audit\evidence\mutation_results_A.json,孤立参考模块内部审阅完成；C01 §8禁止纳入正式Top，处置未定属已知事项，未授予芯片集成资格,完成
A,rtl/ppg_dual_precision_top/ppg_dual_precision_top.v,握手稳定/优先级/在途释放,,完成,C:\Users\DAWN\.codex\visualizations\2026\10\02\01a0fd16-9489-7e50-a7b6-a1178fd92bf1\ppg_audit\evidence\skill_analysis_A.json;C:\Users\DAWN\.codex\visualizations\2026\10\02\01a0fd16-9489-7e50-a7b6-a1178fd92bf1\ppg_audit\evidence\mutation_results_A.json,孤立参考模块内部审阅完成；C01 §8禁止纳入正式Top，处置未定属已知事项，未授予芯片集成资格,完成
A,rtl/ppg_dual_precision_top/ppg_dual_precision_top.v,运算符号/位宽/舍入/饱和,,完成,C:\Users\DAWN\.codex\visualizations\2026\10\02\01a0fd16-9489-7e50-a7b6-a1178fd92bf1\ppg_audit\evidence\skill_analysis_A.json;C:\Users\DAWN\.codex\visualizations\2026\10\02\01a0fd16-9489-7e50-a7b6-a1178fd92bf1\ppg_audit\evidence\mutation_results_A.json,孤立参考模块内部审阅完成；C01 §8禁止纳入正式Top，处置未定属已知事项，未授予芯片集成资格,完成
A,rtl/ppg_dual_precision_top/ppg_dual_precision_top.v,计数器边界/回绕,,完成,C:\Users\DAWN\.codex\visualizations\2026\10\02\01a0fd16-9489-7e50-a7b6-a1178fd92bf1\ppg_audit\evidence\skill_analysis_A.json;C:\Users\DAWN\.codex\visualizations\2026\10\02\01a0fd16-9489-7e50-a7b6-a1178fd92bf1\ppg_audit\evidence\mutation_results_A.json,孤立参考模块内部审阅完成；C01 §8禁止纳入正式Top，处置未定属已知事项，未授予芯片集成资格,完成
A,rtl/ppg_dual_precision_top/ppg_dual_precision_top.v,CDC条件与消费者,,完成,C:\Users\DAWN\.codex\visualizations\2026\10\02\01a0fd16-9489-7e50-a7b6-a1178fd92bf1\ppg_audit\evidence\skill_analysis_A.json;C:\Users\DAWN\.codex\visualizations\2026\10\02\01a0fd16-9489-7e50-a7b6-a1178fd92bf1\ppg_audit\evidence\mutation_results_A.json,孤立参考模块内部审阅完成；C01 §8禁止纳入正式Top，处置未定属已知事项，未授予芯片集成资格,完成
A,rtl/ppg_dual_precision_top/ppg_dual_precision_top.v,可综合结构/组合环,,完成,C:\Users\DAWN\.codex\visualizations\2026\10\02\01a0fd16-9489-7e50-a7b6-a1178fd92bf1\ppg_audit\evidence\skill_analysis_A.json;C:\Users\DAWN\.codex\visualizations\2026\10\02\01a0fd16-9489-7e50-a7b6-a1178fd92bf1\ppg_audit\evidence\mutation_results_A.json,孤立参考模块内部审阅完成；C01 §8禁止纳入正式Top，处置未定属已知事项，未授予芯片集成资格,完成
A,rtl/ppg_dual_precision_top/ppg_dual_precision_top.v,注释与代码一致,,完成,C:\Users\DAWN\.codex\visualizations\2026\10\02\01a0fd16-9489-7e50-a7b6-a1178fd92bf1\ppg_audit\evidence\skill_analysis_A.json;C:\Users\DAWN\.codex\visualizations\2026\10\02\01a0fd16-9489-7e50-a7b6-a1178fd92bf1\ppg_audit\evidence\mutation_results_A.json,孤立参考模块内部审阅完成；C01 §8禁止纳入正式Top，处置未定属已知事项，未授予芯片集成资格,完成
A,rtl/ppg_dual_precision_top/ppg_dual_precision_top.v,工具compile/AST/lint/gate,,完成,C:\Users\DAWN\.codex\visualizations\2026\10\02\01a0fd16-9489-7e50-a7b6-a1178fd92bf1\ppg_audit\evidence\skill_analysis_A.json;C:\Users\DAWN\.codex\visualizations\2026\10\02\01a0fd16-9489-7e50-a7b6-a1178fd92bf1\ppg_audit\evidence\mutation_results_A.json,孤立参考模块内部审阅完成；C01 §8禁止纳入正式Top，处置未定属已知事项，未授予芯片集成资格,完成
A,rtl/ppg_timing_3200hz_validation/tb_ppg_timing_3200hz.v,真实比较与FAIL判据,,完成,C:\Users\DAWN\.codex\visualizations\2026\10\02\01a0fd16-9489-7e50-a7b6-a1178fd92bf1\ppg_audit\evidence\compile\tb_ppg_timing_3200hz\run.log;C:\Users\DAWN\.codex\visualizations\2026\10\02\01a0fd16-9489-7e50-a7b6-a1178fd92bf1\ppg_audit\evidence\mutation_results_A.json,已全文核对比较、驱动、时序、watchdog、终判及单点变异；不等于穷尽所有变异,完成
A,rtl/ppg_timing_3200hz_validation/tb_ppg_timing_3200hz.v,变异抽查,,完成,C:\Users\DAWN\.codex\visualizations\2026\10\02\01a0fd16-9489-7e50-a7b6-a1178fd92bf1\ppg_audit\evidence\compile\tb_ppg_timing_3200hz\run.log;C:\Users\DAWN\.codex\visualizations\2026\10\02\01a0fd16-9489-7e50-a7b6-a1178fd92bf1\ppg_audit\evidence\mutation_results_A.json,已全文核对比较、驱动、时序、watchdog、终判及单点变异；不等于穷尽所有变异,完成
A,rtl/ppg_timing_3200hz_validation/tb_ppg_timing_3200hz.v,验收ID激励/执行计数/覆盖语义,,完成,C:\Users\DAWN\.codex\visualizations\2026\10\02\01a0fd16-9489-7e50-a7b6-a1178fd92bf1\ppg_audit\evidence\compile\tb_ppg_timing_3200hz\run.log;C:\Users\DAWN\.codex\visualizations\2026\10\02\01a0fd16-9489-7e50-a7b6-a1178fd92bf1\ppg_audit\evidence\mutation_results_A.json,已全文核对比较、驱动、时序、watchdog、终判及单点变异；不等于穷尽所有变异,完成
A,rtl/ppg_timing_3200hz_validation/tb_ppg_timing_3200hz.v,输入驱动/注入参数,,完成,C:\Users\DAWN\.codex\visualizations\2026\10\02\01a0fd16-9489-7e50-a7b6-a1178fd92bf1\ppg_audit\evidence\compile\tb_ppg_timing_3200hz\run.log;C:\Users\DAWN\.codex\visualizations\2026\10\02\01a0fd16-9489-7e50-a7b6-a1178fd92bf1\ppg_audit\evidence\mutation_results_A.json,已全文核对比较、驱动、时序、watchdog、终判及单点变异；不等于穷尽所有变异,完成
A,rtl/ppg_timing_3200hz_validation/tb_ppg_timing_3200hz.v,超时/结束/容差,,完成,C:\Users\DAWN\.codex\visualizations\2026\10\02\01a0fd16-9489-7e50-a7b6-a1178fd92bf1\ppg_audit\evidence\compile\tb_ppg_timing_3200hz\run.log;C:\Users\DAWN\.codex\visualizations\2026\10\02\01a0fd16-9489-7e50-a7b6-a1178fd92bf1\ppg_audit\evidence\mutation_results_A.json,已全文核对比较、驱动、时序、watchdog、终判及单点变异；不等于穷尽所有变异,完成
A,rtl/ppg_timing_3200hz_validation/tb_ppg_timing_3200hz.v,路径/参数硬编码,,完成,C:\Users\DAWN\.codex\visualizations\2026\10\02\01a0fd16-9489-7e50-a7b6-a1178fd92bf1\ppg_audit\evidence\compile\tb_ppg_timing_3200hz\run.log;C:\Users\DAWN\.codex\visualizations\2026\10\02\01a0fd16-9489-7e50-a7b6-a1178fd92bf1\ppg_audit\evidence\mutation_results_A.json,已全文核对比较、驱动、时序、watchdog、终判及单点变异；不等于穷尽所有变异,完成
A,rtl/ppg_timing_3200hz_validation/tb_ppg_timing_3200hz.v,运行日志/入口脚本判据,,完成,C:\Users\DAWN\.codex\visualizations\2026\10\02\01a0fd16-9489-7e50-a7b6-a1178fd92bf1\ppg_audit\evidence\compile\tb_ppg_timing_3200hz\run.log;C:\Users\DAWN\.codex\visualizations\2026\10\02\01a0fd16-9489-7e50-a7b6-a1178fd92bf1\ppg_audit\evidence\mutation_results_A.json,已全文核对比较、驱动、时序、watchdog、终判及单点变异；不等于穷尽所有变异,完成
A,rtl/ppg_timing_sar15/ppg_timing_sar15.v,端口与合同名称/方向/宽度/符号/语义,,完成,C:\Users\DAWN\.codex\visualizations\2026\10\02\01a0fd16-9489-7e50-a7b6-a1178fd92bf1\ppg_audit\evidence\skill_analysis_A.json;C:\Users\DAWN\.codex\visualizations\2026\10\02\01a0fd16-9489-7e50-a7b6-a1178fd92bf1\ppg_audit\evidence\mutation_results_A.json,孤立参考模块内部审阅完成；C01 §8禁止纳入正式Top，处置未定属已知事项，未授予芯片集成资格,完成
A,rtl/ppg_timing_sar15/ppg_timing_sar15.v,寄存器复位与释放,,完成,C:\Users\DAWN\.codex\visualizations\2026\10\02\01a0fd16-9489-7e50-a7b6-a1178fd92bf1\ppg_audit\evidence\skill_analysis_A.json;C:\Users\DAWN\.codex\visualizations\2026\10\02\01a0fd16-9489-7e50-a7b6-a1178fd92bf1\ppg_audit\evidence\mutation_results_A.json,孤立参考模块内部审阅完成；C01 §8禁止纳入正式Top，处置未定属已知事项，未授予芯片集成资格,完成
A,rtl/ppg_timing_sar15/ppg_timing_sar15.v,FSM可达/非法恢复/锁存/死锁,,完成,C:\Users\DAWN\.codex\visualizations\2026\10\02\01a0fd16-9489-7e50-a7b6-a1178fd92bf1\ppg_audit\evidence\skill_analysis_A.json;C:\Users\DAWN\.codex\visualizations\2026\10\02\01a0fd16-9489-7e50-a7b6-a1178fd92bf1\ppg_audit\evidence\mutation_results_A.json,孤立参考模块内部审阅完成；C01 §8禁止纳入正式Top，处置未定属已知事项，未授予芯片集成资格,完成
A,rtl/ppg_timing_sar15/ppg_timing_sar15.v,握手稳定/优先级/在途释放,,完成,C:\Users\DAWN\.codex\visualizations\2026\10\02\01a0fd16-9489-7e50-a7b6-a1178fd92bf1\ppg_audit\evidence\skill_analysis_A.json;C:\Users\DAWN\.codex\visualizations\2026\10\02\01a0fd16-9489-7e50-a7b6-a1178fd92bf1\ppg_audit\evidence\mutation_results_A.json,孤立参考模块内部审阅完成；C01 §8禁止纳入正式Top，处置未定属已知事项，未授予芯片集成资格,完成
A,rtl/ppg_timing_sar15/ppg_timing_sar15.v,运算符号/位宽/舍入/饱和,,完成,C:\Users\DAWN\.codex\visualizations\2026\10\02\01a0fd16-9489-7e50-a7b6-a1178fd92bf1\ppg_audit\evidence\skill_analysis_A.json;C:\Users\DAWN\.codex\visualizations\2026\10\02\01a0fd16-9489-7e50-a7b6-a1178fd92bf1\ppg_audit\evidence\mutation_results_A.json,孤立参考模块内部审阅完成；C01 §8禁止纳入正式Top，处置未定属已知事项，未授予芯片集成资格,完成
A,rtl/ppg_timing_sar15/ppg_timing_sar15.v,计数器边界/回绕,,完成,C:\Users\DAWN\.codex\visualizations\2026\10\02\01a0fd16-9489-7e50-a7b6-a1178fd92bf1\ppg_audit\evidence\skill_analysis_A.json;C:\Users\DAWN\.codex\visualizations\2026\10\02\01a0fd16-9489-7e50-a7b6-a1178fd92bf1\ppg_audit\evidence\mutation_results_A.json,孤立参考模块内部审阅完成；C01 §8禁止纳入正式Top，处置未定属已知事项，未授予芯片集成资格,完成
A,rtl/ppg_timing_sar15/ppg_timing_sar15.v,CDC条件与消费者,,完成,C:\Users\DAWN\.codex\visualizations\2026\10\02\01a0fd16-9489-7e50-a7b6-a1178fd92bf1\ppg_audit\evidence\skill_analysis_A.json;C:\Users\DAWN\.codex\visualizations\2026\10\02\01a0fd16-9489-7e50-a7b6-a1178fd92bf1\ppg_audit\evidence\mutation_results_A.json,孤立参考模块内部审阅完成；C01 §8禁止纳入正式Top，处置未定属已知事项，未授予芯片集成资格,完成
A,rtl/ppg_timing_sar15/ppg_timing_sar15.v,可综合结构/组合环,,完成,C:\Users\DAWN\.codex\visualizations\2026\10\02\01a0fd16-9489-7e50-a7b6-a1178fd92bf1\ppg_audit\evidence\skill_analysis_A.json;C:\Users\DAWN\.codex\visualizations\2026\10\02\01a0fd16-9489-7e50-a7b6-a1178fd92bf1\ppg_audit\evidence\mutation_results_A.json,孤立参考模块内部审阅完成；C01 §8禁止纳入正式Top，处置未定属已知事项，未授予芯片集成资格,完成
A,rtl/ppg_timing_sar15/ppg_timing_sar15.v,注释与代码一致,,完成,C:\Users\DAWN\.codex\visualizations\2026\10\02\01a0fd16-9489-7e50-a7b6-a1178fd92bf1\ppg_audit\evidence\skill_analysis_A.json;C:\Users\DAWN\.codex\visualizations\2026\10\02\01a0fd16-9489-7e50-a7b6-a1178fd92bf1\ppg_audit\evidence\mutation_results_A.json,孤立参考模块内部审阅完成；C01 §8禁止纳入正式Top，处置未定属已知事项，未授予芯片集成资格,完成
A,rtl/ppg_timing_sar15/ppg_timing_sar15.v,工具compile/AST/lint/gate,,完成,C:\Users\DAWN\.codex\visualizations\2026\10\02\01a0fd16-9489-7e50-a7b6-a1178fd92bf1\ppg_audit\evidence\skill_analysis_A.json;C:\Users\DAWN\.codex\visualizations\2026\10\02\01a0fd16-9489-7e50-a7b6-a1178fd92bf1\ppg_audit\evidence\mutation_results_A.json,孤立参考模块内部审阅完成；C01 §8禁止纳入正式Top，处置未定属已知事项，未授予芯片集成资格,完成
A,rtl/ppg_digital_esd_shell/ppg_digital_esd_shell.v,端口与合同名称/方向/宽度/符号/语义,,完成,C:\Users\DAWN\.codex\visualizations\2026\10\02\01a0fd16-9489-7e50-a7b6-a1178fd92bf1\ppg_audit\evidence\skill_analysis_A.json;C:\Users\DAWN\.codex\visualizations\2026\10\02\01a0fd16-9489-7e50-a7b6-a1178fd92bf1\ppg_audit\evidence\mutation_results_A.json,孤立参考模块内部审阅完成；C01 §8禁止纳入正式Top，处置未定属已知事项，未授予芯片集成资格,完成
A,rtl/ppg_digital_esd_shell/ppg_digital_esd_shell.v,寄存器复位与释放,,完成,C:\Users\DAWN\.codex\visualizations\2026\10\02\01a0fd16-9489-7e50-a7b6-a1178fd92bf1\ppg_audit\evidence\skill_analysis_A.json;C:\Users\DAWN\.codex\visualizations\2026\10\02\01a0fd16-9489-7e50-a7b6-a1178fd92bf1\ppg_audit\evidence\mutation_results_A.json,孤立参考模块内部审阅完成；C01 §8禁止纳入正式Top，处置未定属已知事项，未授予芯片集成资格,完成
A,rtl/ppg_digital_esd_shell/ppg_digital_esd_shell.v,FSM可达/非法恢复/锁存/死锁,,完成,C:\Users\DAWN\.codex\visualizations\2026\10\02\01a0fd16-9489-7e50-a7b6-a1178fd92bf1\ppg_audit\evidence\skill_analysis_A.json;C:\Users\DAWN\.codex\visualizations\2026\10\02\01a0fd16-9489-7e50-a7b6-a1178fd92bf1\ppg_audit\evidence\mutation_results_A.json,孤立参考模块内部审阅完成；C01 §8禁止纳入正式Top，处置未定属已知事项，未授予芯片集成资格,完成
A,rtl/ppg_digital_esd_shell/ppg_digital_esd_shell.v,握手稳定/优先级/在途释放,,完成,C:\Users\DAWN\.codex\visualizations\2026\10\02\01a0fd16-9489-7e50-a7b6-a1178fd92bf1\ppg_audit\evidence\skill_analysis_A.json;C:\Users\DAWN\.codex\visualizations\2026\10\02\01a0fd16-9489-7e50-a7b6-a1178fd92bf1\ppg_audit\evidence\mutation_results_A.json,孤立参考模块内部审阅完成；C01 §8禁止纳入正式Top，处置未定属已知事项，未授予芯片集成资格,完成
A,rtl/ppg_digital_esd_shell/ppg_digital_esd_shell.v,运算符号/位宽/舍入/饱和,,完成,C:\Users\DAWN\.codex\visualizations\2026\10\02\01a0fd16-9489-7e50-a7b6-a1178fd92bf1\ppg_audit\evidence\skill_analysis_A.json;C:\Users\DAWN\.codex\visualizations\2026\10\02\01a0fd16-9489-7e50-a7b6-a1178fd92bf1\ppg_audit\evidence\mutation_results_A.json,孤立参考模块内部审阅完成；C01 §8禁止纳入正式Top，处置未定属已知事项，未授予芯片集成资格,完成
A,rtl/ppg_digital_esd_shell/ppg_digital_esd_shell.v,计数器边界/回绕,,完成,C:\Users\DAWN\.codex\visualizations\2026\10\02\01a0fd16-9489-7e50-a7b6-a1178fd92bf1\ppg_audit\evidence\skill_analysis_A.json;C:\Users\DAWN\.codex\visualizations\2026\10\02\01a0fd16-9489-7e50-a7b6-a1178fd92bf1\ppg_audit\evidence\mutation_results_A.json,孤立参考模块内部审阅完成；C01 §8禁止纳入正式Top，处置未定属已知事项，未授予芯片集成资格,完成
A,rtl/ppg_digital_esd_shell/ppg_digital_esd_shell.v,CDC条件与消费者,,完成,C:\Users\DAWN\.codex\visualizations\2026\10\02\01a0fd16-9489-7e50-a7b6-a1178fd92bf1\ppg_audit\evidence\skill_analysis_A.json;C:\Users\DAWN\.codex\visualizations\2026\10\02\01a0fd16-9489-7e50-a7b6-a1178fd92bf1\ppg_audit\evidence\mutation_results_A.json,孤立参考模块内部审阅完成；C01 §8禁止纳入正式Top，处置未定属已知事项，未授予芯片集成资格,完成
A,rtl/ppg_digital_esd_shell/ppg_digital_esd_shell.v,可综合结构/组合环,,完成,C:\Users\DAWN\.codex\visualizations\2026\10\02\01a0fd16-9489-7e50-a7b6-a1178fd92bf1\ppg_audit\evidence\skill_analysis_A.json;C:\Users\DAWN\.codex\visualizations\2026\10\02\01a0fd16-9489-7e50-a7b6-a1178fd92bf1\ppg_audit\evidence\mutation_results_A.json,孤立参考模块内部审阅完成；C01 §8禁止纳入正式Top，处置未定属已知事项，未授予芯片集成资格,完成
A,rtl/ppg_digital_esd_shell/ppg_digital_esd_shell.v,注释与代码一致,,完成,C:\Users\DAWN\.codex\visualizations\2026\10\02\01a0fd16-9489-7e50-a7b6-a1178fd92bf1\ppg_audit\evidence\skill_analysis_A.json;C:\Users\DAWN\.codex\visualizations\2026\10\02\01a0fd16-9489-7e50-a7b6-a1178fd92bf1\ppg_audit\evidence\mutation_results_A.json,孤立参考模块内部审阅完成；C01 §8禁止纳入正式Top，处置未定属已知事项，未授予芯片集成资格,完成
A,rtl/ppg_digital_esd_shell/ppg_digital_esd_shell.v,工具compile/AST/lint/gate,,完成,C:\Users\DAWN\.codex\visualizations\2026\10\02\01a0fd16-9489-7e50-a7b6-a1178fd92bf1\ppg_audit\evidence\skill_analysis_A.json;C:\Users\DAWN\.codex\visualizations\2026\10\02\01a0fd16-9489-7e50-a7b6-a1178fd92bf1\ppg_audit\evidence\mutation_results_A.json,孤立参考模块内部审阅完成；C01 §8禁止纳入正式Top，处置未定属已知事项，未授予芯片集成资格,完成
A,rtl/ppg_timing_sar15/tb_ppg_timing_sar15.v,真实比较与FAIL判据,,完成,C:\Users\DAWN\.codex\visualizations\2026\10\02\01a0fd16-9489-7e50-a7b6-a1178fd92bf1\ppg_audit\evidence\compile\tb_ppg_timing_sar15\run.log;C:\Users\DAWN\.codex\visualizations\2026\10\02\01a0fd16-9489-7e50-a7b6-a1178fd92bf1\ppg_audit\evidence\mutation_results_A.json,已全文核对比较、驱动、时序、watchdog、终判及单点变异；不等于穷尽所有变异,完成
A,rtl/ppg_timing_sar15/tb_ppg_timing_sar15.v,变异抽查,,完成,C:\Users\DAWN\.codex\visualizations\2026\10\02\01a0fd16-9489-7e50-a7b6-a1178fd92bf1\ppg_audit\evidence\compile\tb_ppg_timing_sar15\run.log;C:\Users\DAWN\.codex\visualizations\2026\10\02\01a0fd16-9489-7e50-a7b6-a1178fd92bf1\ppg_audit\evidence\mutation_results_A.json,已全文核对比较、驱动、时序、watchdog、终判及单点变异；不等于穷尽所有变异,完成
A,rtl/ppg_timing_sar15/tb_ppg_timing_sar15.v,验收ID激励/执行计数/覆盖语义,,完成,C:\Users\DAWN\.codex\visualizations\2026\10\02\01a0fd16-9489-7e50-a7b6-a1178fd92bf1\ppg_audit\evidence\compile\tb_ppg_timing_sar15\run.log;C:\Users\DAWN\.codex\visualizations\2026\10\02\01a0fd16-9489-7e50-a7b6-a1178fd92bf1\ppg_audit\evidence\mutation_results_A.json,已全文核对比较、驱动、时序、watchdog、终判及单点变异；不等于穷尽所有变异,完成
A,rtl/ppg_timing_sar15/tb_ppg_timing_sar15.v,输入驱动/注入参数,,完成,C:\Users\DAWN\.codex\visualizations\2026\10\02\01a0fd16-9489-7e50-a7b6-a1178fd92bf1\ppg_audit\evidence\compile\tb_ppg_timing_sar15\run.log;C:\Users\DAWN\.codex\visualizations\2026\10\02\01a0fd16-9489-7e50-a7b6-a1178fd92bf1\ppg_audit\evidence\mutation_results_A.json,已全文核对比较、驱动、时序、watchdog、终判及单点变异；不等于穷尽所有变异,完成
A,rtl/ppg_timing_sar15/tb_ppg_timing_sar15.v,超时/结束/容差,,完成,C:\Users\DAWN\.codex\visualizations\2026\10\02\01a0fd16-9489-7e50-a7b6-a1178fd92bf1\ppg_audit\evidence\compile\tb_ppg_timing_sar15\run.log;C:\Users\DAWN\.codex\visualizations\2026\10\02\01a0fd16-9489-7e50-a7b6-a1178fd92bf1\ppg_audit\evidence\mutation_results_A.json,已全文核对比较、驱动、时序、watchdog、终判及单点变异；不等于穷尽所有变异,完成
A,rtl/ppg_timing_sar15/tb_ppg_timing_sar15.v,路径/参数硬编码,,完成,C:\Users\DAWN\.codex\visualizations\2026\10\02\01a0fd16-9489-7e50-a7b6-a1178fd92bf1\ppg_audit\evidence\compile\tb_ppg_timing_sar15\run.log;C:\Users\DAWN\.codex\visualizations\2026\10\02\01a0fd16-9489-7e50-a7b6-a1178fd92bf1\ppg_audit\evidence\mutation_results_A.json,已全文核对比较、驱动、时序、watchdog、终判及单点变异；不等于穷尽所有变异,完成
A,rtl/ppg_timing_sar15/tb_ppg_timing_sar15.v,运行日志/入口脚本判据,,完成,C:\Users\DAWN\.codex\visualizations\2026\10\02\01a0fd16-9489-7e50-a7b6-a1178fd92bf1\ppg_audit\evidence\compile\tb_ppg_timing_sar15\run.log;C:\Users\DAWN\.codex\visualizations\2026\10\02\01a0fd16-9489-7e50-a7b6-a1178fd92bf1\ppg_audit\evidence\mutation_results_A.json,已全文核对比较、驱动、时序、watchdog、终判及单点变异；不等于穷尽所有变异,完成
A,rtl/ppg_timing_sar15/ppg_timing_sar15_3200hz.v,端口与合同名称/方向/宽度/符号/语义,,完成,C:\Users\DAWN\.codex\visualizations\2026\10\02\01a0fd16-9489-7e50-a7b6-a1178fd92bf1\ppg_audit\evidence\skill_analysis_A.json;C:\Users\DAWN\.codex\visualizations\2026\10\02\01a0fd16-9489-7e50-a7b6-a1178fd92bf1\ppg_audit\evidence\mutation_results_A.json,孤立参考模块内部审阅完成；C01 §8禁止纳入正式Top，处置未定属已知事项，未授予芯片集成资格,完成
A,rtl/ppg_timing_sar15/ppg_timing_sar15_3200hz.v,寄存器复位与释放,,完成,C:\Users\DAWN\.codex\visualizations\2026\10\02\01a0fd16-9489-7e50-a7b6-a1178fd92bf1\ppg_audit\evidence\skill_analysis_A.json;C:\Users\DAWN\.codex\visualizations\2026\10\02\01a0fd16-9489-7e50-a7b6-a1178fd92bf1\ppg_audit\evidence\mutation_results_A.json,孤立参考模块内部审阅完成；C01 §8禁止纳入正式Top，处置未定属已知事项，未授予芯片集成资格,完成
A,rtl/ppg_timing_sar15/ppg_timing_sar15_3200hz.v,FSM可达/非法恢复/锁存/死锁,,完成,C:\Users\DAWN\.codex\visualizations\2026\10\02\01a0fd16-9489-7e50-a7b6-a1178fd92bf1\ppg_audit\evidence\skill_analysis_A.json;C:\Users\DAWN\.codex\visualizations\2026\10\02\01a0fd16-9489-7e50-a7b6-a1178fd92bf1\ppg_audit\evidence\mutation_results_A.json,孤立参考模块内部审阅完成；C01 §8禁止纳入正式Top，处置未定属已知事项，未授予芯片集成资格,完成
A,rtl/ppg_timing_sar15/ppg_timing_sar15_3200hz.v,握手稳定/优先级/在途释放,,完成,C:\Users\DAWN\.codex\visualizations\2026\10\02\01a0fd16-9489-7e50-a7b6-a1178fd92bf1\ppg_audit\evidence\skill_analysis_A.json;C:\Users\DAWN\.codex\visualizations\2026\10\02\01a0fd16-9489-7e50-a7b6-a1178fd92bf1\ppg_audit\evidence\mutation_results_A.json,孤立参考模块内部审阅完成；C01 §8禁止纳入正式Top，处置未定属已知事项，未授予芯片集成资格,完成
A,rtl/ppg_timing_sar15/ppg_timing_sar15_3200hz.v,运算符号/位宽/舍入/饱和,,完成,C:\Users\DAWN\.codex\visualizations\2026\10\02\01a0fd16-9489-7e50-a7b6-a1178fd92bf1\ppg_audit\evidence\skill_analysis_A.json;C:\Users\DAWN\.codex\visualizations\2026\10\02\01a0fd16-9489-7e50-a7b6-a1178fd92bf1\ppg_audit\evidence\mutation_results_A.json,孤立参考模块内部审阅完成；C01 §8禁止纳入正式Top，处置未定属已知事项，未授予芯片集成资格,完成
A,rtl/ppg_timing_sar15/ppg_timing_sar15_3200hz.v,计数器边界/回绕,,完成,C:\Users\DAWN\.codex\visualizations\2026\10\02\01a0fd16-9489-7e50-a7b6-a1178fd92bf1\ppg_audit\evidence\skill_analysis_A.json;C:\Users\DAWN\.codex\visualizations\2026\10\02\01a0fd16-9489-7e50-a7b6-a1178fd92bf1\ppg_audit\evidence\mutation_results_A.json,孤立参考模块内部审阅完成；C01 §8禁止纳入正式Top，处置未定属已知事项，未授予芯片集成资格,完成
A,rtl/ppg_timing_sar15/ppg_timing_sar15_3200hz.v,CDC条件与消费者,,完成,C:\Users\DAWN\.codex\visualizations\2026\10\02\01a0fd16-9489-7e50-a7b6-a1178fd92bf1\ppg_audit\evidence\skill_analysis_A.json;C:\Users\DAWN\.codex\visualizations\2026\10\02\01a0fd16-9489-7e50-a7b6-a1178fd92bf1\ppg_audit\evidence\mutation_results_A.json,孤立参考模块内部审阅完成；C01 §8禁止纳入正式Top，处置未定属已知事项，未授予芯片集成资格,完成
A,rtl/ppg_timing_sar15/ppg_timing_sar15_3200hz.v,可综合结构/组合环,,完成,C:\Users\DAWN\.codex\visualizations\2026\10\02\01a0fd16-9489-7e50-a7b6-a1178fd92bf1\ppg_audit\evidence\skill_analysis_A.json;C:\Users\DAWN\.codex\visualizations\2026\10\02\01a0fd16-9489-7e50-a7b6-a1178fd92bf1\ppg_audit\evidence\mutation_results_A.json,孤立参考模块内部审阅完成；C01 §8禁止纳入正式Top，处置未定属已知事项，未授予芯片集成资格,完成
A,rtl/ppg_timing_sar15/ppg_timing_sar15_3200hz.v,注释与代码一致,,完成,C:\Users\DAWN\.codex\visualizations\2026\10\02\01a0fd16-9489-7e50-a7b6-a1178fd92bf1\ppg_audit\evidence\skill_analysis_A.json;C:\Users\DAWN\.codex\visualizations\2026\10\02\01a0fd16-9489-7e50-a7b6-a1178fd92bf1\ppg_audit\evidence\mutation_results_A.json,孤立参考模块内部审阅完成；C01 §8禁止纳入正式Top，处置未定属已知事项，未授予芯片集成资格,完成
A,rtl/ppg_timing_sar15/ppg_timing_sar15_3200hz.v,工具compile/AST/lint/gate,,完成,C:\Users\DAWN\.codex\visualizations\2026\10\02\01a0fd16-9489-7e50-a7b6-a1178fd92bf1\ppg_audit\evidence\skill_analysis_A.json;C:\Users\DAWN\.codex\visualizations\2026\10\02\01a0fd16-9489-7e50-a7b6-a1178fd92bf1\ppg_audit\evidence\mutation_results_A.json,孤立参考模块内部审阅完成；C01 §8禁止纳入正式Top，处置未定属已知事项，未授予芯片集成资格,完成
