id,owners,related,question,required_evidence,status
X-001,B/C/A,F-001,4份启用注入TB实际场景资格X,已有leaf A/B确认；B检查4系统TB相关断言/场景，C核对FIR资格链，A管理必要集成探针,待专项复核
X-002,D/A,F-005/F-006,SPI真实Mode0读位错位与TB NBA旧值采样,D独立核对原代码/四组SPI leaf对照/芯片采样变异日志；A保留原始证据并裁定去重,待D复核
X-003,C/B/A,F-002/F-004,C13完整discard组与组合Router的合同矛盾,C主责C12/C13全文与叶子，B核对AMI实际discard/排空，A核验双方原文证据,待跨组复核
X-004,A/B/C/D,F-003,177文字不匹配/14越界引用及剩余继承锚点,A全面机械+语义；其余组复核自身实际信号/标签，不按偏移修正,进行中
X-005,D/A,F-007,芯片正文两路复位与V1.11实际单路冲突,D读合同全文核实同合同勘误许可；A保持S3不升级为未验证CDC S1,待D复核
X-006,A,全局回归,既有后台48TB回归和3份外部3600秒截断,保留已有进程；重新核对run.rc/完整FAIL模式/X窗口/结束；不能当RTL死锁,进行中
X-007,A/B/C/D,119覆盖,唯一主责与逐检查项合并,只读取得各组handoff/coverage/原始日志，缺证据或未完成项不得升级完成,进行中
X-008,A/B/D,TOP/owner,Top/AMI/scheduler/SSW/chip跨组连线,A从实际Top端口/参数连线核查，B控制协议，D芯片约束；分别核对自己的生产者/消费者,待核查
X-009,A/C/D,候选,discard翻转位对偶数事件可辨识性,尚缺真实系统事件与host轮询前提；读取合同并反驳，不计已确认新发现,未裁定
X-010,A,孤立RTL,七个孤立模块完整语义/参数/复位及TB,已有编译和4TB完整运行；源码/TB全文语义未完成，未遗漏,待本组审阅
